Periodo,Categoría,Residencia viajero,DATA
2015M01,TOTAL,TOTAL,45159.39
2015M01,TOTAL,Residentes en Espańa,40192.16
2015M01,TOTAL,No residentes en Espańa,4967.23
2015M01,4 y 5 estrellas,TOTAL,17051
2015M01,4 y 5 estrellas,Residentes en Espańa,14545.79
2015M01,4 y 5 estrellas,No residentes en Espańa,2505.21
2015M01,3 estrellas,TOTAL,20535
2015M01,3 estrellas,Residentes en Espańa,18518.09
2015M01,3 estrellas,No residentes en Espańa,2016.91
2015M01,1 y 2 estrellas,TOTAL,1209
2015M01,1 y 2 estrellas,Residentes en Espańa,1164.71
2015M01,1 y 2 estrellas,No residentes en Espańa,44.29
2015M01,Hostales y pensiones,TOTAL,6364.39
2015M01,Hostales y pensiones,Residentes en Espańa,5963.57
2015M01,Hostales y pensiones,No residentes en Espańa,400.83
2015M02,TOTAL,TOTAL,50111.73
2015M02,TOTAL,Residentes en Espańa,45528.22
2015M02,TOTAL,No residentes en Espańa,4583.52
2015M02,4 y 5 estrellas,TOTAL,18401
2015M02,4 y 5 estrellas,Residentes en Espańa,16504.73
2015M02,4 y 5 estrellas,No residentes en Espańa,1896.27
2015M02,3 estrellas,TOTAL,22594
2015M02,3 estrellas,Residentes en Espańa,20421.96
2015M02,3 estrellas,No residentes en Espańa,2172.04
2015M02,1 y 2 estrellas,TOTAL,1892
2015M02,1 y 2 estrellas,Residentes en Espańa,1724
2015M02,1 y 2 estrellas,No residentes en Espańa,168
2015M02,Hostales y pensiones,TOTAL,7224.73
2015M02,Hostales y pensiones,Residentes en Espańa,6877.52
2015M02,Hostales y pensiones,No residentes en Espańa,347.21
2015M03,TOTAL,TOTAL,70651.78
2015M03,TOTAL,Residentes en Espańa,63157.73
2015M03,TOTAL,No residentes en Espańa,7494.05
2015M03,4 y 5 estrellas,TOTAL,25043
2015M03,4 y 5 estrellas,Residentes en Espańa,22474.6
2015M03,4 y 5 estrellas,No residentes en Espańa,2568.4
2015M03,3 estrellas,TOTAL,32609
2015M03,3 estrellas,Residentes en Espańa,28652.7
2015M03,3 estrellas,No residentes en Espańa,3956.3
2015M03,1 y 2 estrellas,TOTAL,3131
2015M03,1 y 2 estrellas,Residentes en Espańa,2953.86
2015M03,1 y 2 estrellas,No residentes en Espańa,177.14
2015M03,Hostales y pensiones,TOTAL,9868.78
2015M03,Hostales y pensiones,Residentes en Espańa,9076.57
2015M03,Hostales y pensiones,No residentes en Espańa,792.2
2015M04,TOTAL,TOTAL,85775.38
2015M04,TOTAL,Residentes en Espańa,69478.73
2015M04,TOTAL,No residentes en Espańa,16296.65
2015M04,4 y 5 estrellas,TOTAL,28741
2015M04,4 y 5 estrellas,Residentes en Espańa,24212.77
2015M04,4 y 5 estrellas,No residentes en Espańa,4528.23
2015M04,3 estrellas,TOTAL,37835.99
2015M04,3 estrellas,Residentes en Espańa,28830.7
2015M04,3 estrellas,No residentes en Espańa,9005.3
2015M04,1 y 2 estrellas,TOTAL,3355.58
2015M04,1 y 2 estrellas,Residentes en Espańa,2809.41
2015M04,1 y 2 estrellas,No residentes en Espańa,546.17
2015M04,Hostales y pensiones,TOTAL,15842.81
2015M04,Hostales y pensiones,Residentes en Espańa,13625.85
2015M04,Hostales y pensiones,No residentes en Espańa,2216.96
2015M05,TOTAL,TOTAL,94899.48
2015M05,TOTAL,Residentes en Espańa,73106.48
2015M05,TOTAL,No residentes en Espańa,21793
2015M05,4 y 5 estrellas,TOTAL,30605
2015M05,4 y 5 estrellas,Residentes en Espańa,23934.5
2015M05,4 y 5 estrellas,No residentes en Espańa,6670.5
2015M05,3 estrellas,TOTAL,45077.82
2015M05,3 estrellas,Residentes en Espańa,34304.44
2015M05,3 estrellas,No residentes en Espańa,10773.38
2015M05,1 y 2 estrellas,TOTAL,3692.45
2015M05,1 y 2 estrellas,Residentes en Espańa,3129.4
2015M05,1 y 2 estrellas,No residentes en Espańa,563.05
2015M05,Hostales y pensiones,TOTAL,15524.22
2015M05,Hostales y pensiones,Residentes en Espańa,11738.15
2015M05,Hostales y pensiones,No residentes en Espańa,3786.07
2015M06,TOTAL,TOTAL,87512.88
2015M06,TOTAL,Residentes en Espańa,67038.75
2015M06,TOTAL,No residentes en Espańa,20474.13
2015M06,4 y 5 estrellas,TOTAL,28001
2015M06,4 y 5 estrellas,Residentes en Espańa,21987.5
2015M06,4 y 5 estrellas,No residentes en Espańa,6013.5
2015M06,3 estrellas,TOTAL,42951
2015M06,3 estrellas,Residentes en Espańa,31652.12
2015M06,3 estrellas,No residentes en Espańa,11298.88
2015M06,1 y 2 estrellas,TOTAL,3878.57
2015M06,1 y 2 estrellas,Residentes en Espańa,3222.86
2015M06,1 y 2 estrellas,No residentes en Espańa,655.71
2015M06,Hostales y pensiones,TOTAL,12682.31
2015M06,Hostales y pensiones,Residentes en Espańa,10176.27
2015M06,Hostales y pensiones,No residentes en Espańa,2506.04
2015M07,TOTAL,TOTAL,88981.89
2015M07,TOTAL,Residentes en Espańa,71730.94
2015M07,TOTAL,No residentes en Espańa,17250.95
2015M07,4 y 5 estrellas,TOTAL,28512
2015M07,4 y 5 estrellas,Residentes en Espańa,23338.45
2015M07,4 y 5 estrellas,No residentes en Espańa,5173.55
2015M07,3 estrellas,TOTAL,44646
2015M07,3 estrellas,Residentes en Espańa,35590.27
2015M07,3 estrellas,No residentes en Espańa,9055.73
2015M07,1 y 2 estrellas,TOTAL,3871.72
2015M07,1 y 2 estrellas,Residentes en Espańa,3327.4
2015M07,1 y 2 estrellas,No residentes en Espańa,544.32
2015M07,Hostales y pensiones,TOTAL,11952.17
2015M07,Hostales y pensiones,Residentes en Espańa,9474.82
2015M07,Hostales y pensiones,No residentes en Espańa,2477.35
2015M08,TOTAL,TOTAL,122096.23
2015M08,TOTAL,Residentes en Espańa,106238.1
2015M08,TOTAL,No residentes en Espańa,15858.13
2015M08,4 y 5 estrellas,TOTAL,39491
2015M08,4 y 5 estrellas,Residentes en Espańa,34924.17
2015M08,4 y 5 estrellas,No residentes en Espańa,4566.83
2015M08,3 estrellas,TOTAL,60130.72
2015M08,3 estrellas,Residentes en Espańa,51177.52
2015M08,3 estrellas,No residentes en Espańa,8953.21
2015M08,1 y 2 estrellas,TOTAL,6288.57
2015M08,1 y 2 estrellas,Residentes en Espańa,5810.29
2015M08,1 y 2 estrellas,No residentes en Espańa,478.29
2015M08,Hostales y pensiones,TOTAL,16185.94
2015M08,Hostales y pensiones,Residentes en Espańa,14326.13
2015M08,Hostales y pensiones,No residentes en Espańa,1859.81
2015M09,TOTAL,TOTAL,112172.03
2015M09,TOTAL,Residentes en Espańa,82325.58
2015M09,TOTAL,No residentes en Espańa,29846.45
2015M09,4 y 5 estrellas,TOTAL,32841
2015M09,4 y 5 estrellas,Residentes en Espańa,24438.78
2015M09,4 y 5 estrellas,No residentes en Espańa,8402.22
2015M09,3 estrellas,TOTAL,55748
2015M09,3 estrellas,Residentes en Espańa,40335.71
2015M09,3 estrellas,No residentes en Espańa,15412.29
2015M09,1 y 2 estrellas,TOTAL,4945.71
2015M09,1 y 2 estrellas,Residentes en Espańa,3994.29
2015M09,1 y 2 estrellas,No residentes en Espańa,951.43
2015M09,Hostales y pensiones,TOTAL,18637.32
2015M09,Hostales y pensiones,Residentes en Espańa,13556.8
2015M09,Hostales y pensiones,No residentes en Espańa,5080.51
2015M10,TOTAL,TOTAL,100690.47
2015M10,TOTAL,Residentes en Espańa,81495.04
2015M10,TOTAL,No residentes en Espańa,19195.44
2015M10,4 y 5 estrellas,TOTAL,31224
2015M10,4 y 5 estrellas,Residentes en Espańa,24001.1
2015M10,4 y 5 estrellas,No residentes en Espańa,7222.9
2015M10,3 estrellas,TOTAL,49653.67
2015M10,3 estrellas,Residentes en Espańa,39979.71
2015M10,3 estrellas,No residentes en Espańa,9673.96
2015M10,1 y 2 estrellas,TOTAL,4167.29
2015M10,1 y 2 estrellas,Residentes en Espańa,3799.71
2015M10,1 y 2 estrellas,No residentes en Espańa,367.57
2015M10,Hostales y pensiones,TOTAL,15645.52
2015M10,Hostales y pensiones,Residentes en Espańa,13714.52
2015M10,Hostales y pensiones,No residentes en Espańa,1931
2015M11,TOTAL,TOTAL,77097.06
2015M11,TOTAL,Residentes en Espańa,68962.01
2015M11,TOTAL,No residentes en Espańa,8135.05
2015M11,4 y 5 estrellas,TOTAL,24580
2015M11,4 y 5 estrellas,Residentes en Espańa,21429.38
2015M11,4 y 5 estrellas,No residentes en Espańa,3150.62
2015M11,3 estrellas,TOTAL,37516.86
2015M11,3 estrellas,Residentes en Espańa,33944.14
2015M11,3 estrellas,No residentes en Espańa,3572.72
2015M11,1 y 2 estrellas,TOTAL,3745.71
2015M11,1 y 2 estrellas,Residentes en Espańa,3454.29
2015M11,1 y 2 estrellas,No residentes en Espańa,291.43
2015M11,Hostales y pensiones,TOTAL,11254.49
2015M11,Hostales y pensiones,Residentes en Espańa,10134.21
2015M11,Hostales y pensiones,No residentes en Espańa,1120.28
2015M12,TOTAL,TOTAL,61911.25
2015M12,TOTAL,Residentes en Espańa,57134.2
2015M12,TOTAL,No residentes en Espańa,4777.05
2015M12,4 y 5 estrellas,TOTAL,20571
2015M12,4 y 5 estrellas,Residentes en Espańa,18749.48
2015M12,4 y 5 estrellas,No residentes en Espańa,1821.52
2015M12,3 estrellas,TOTAL,29609.4
2015M12,3 estrellas,Residentes en Espańa,27225.52
2015M12,3 estrellas,No residentes en Espańa,2383.89
2015M12,1 y 2 estrellas,TOTAL,2015
2015M12,1 y 2 estrellas,Residentes en Espańa,1895.43
2015M12,1 y 2 estrellas,No residentes en Espańa,119.57
2015M12,Hostales y pensiones,TOTAL,9715.85
2015M12,Hostales y pensiones,Residentes en Espańa,9263.77
2015M12,Hostales y pensiones,No residentes en Espańa,452.08
2016M01,TOTAL,TOTAL,50490.91
2016M01,TOTAL,Residentes en Espańa,44337.81
2016M01,TOTAL,No residentes en Espańa,6153.1
2016M01,4 y 5 estrellas,TOTAL,15517
2016M01,4 y 5 estrellas,Residentes en Espańa,13914.03
2016M01,4 y 5 estrellas,No residentes en Espańa,1602.97
2016M01,3 estrellas,TOTAL,26715
2016M01,3 estrellas,Residentes en Espańa,23118.92
2016M01,3 estrellas,No residentes en Espańa,3596.08
2016M01,1 y 2 estrellas,TOTAL,2519.86
2016M01,1 y 2 estrellas,Residentes en Espańa,1820.14
2016M01,1 y 2 estrellas,No residentes en Espańa,699.71
2016M01,Hostales y pensiones,TOTAL,5739.05
2016M01,Hostales y pensiones,Residentes en Espańa,5484.72
2016M01,Hostales y pensiones,No residentes en Espańa,254.33
2016M02,TOTAL,TOTAL,59288.73
2016M02,TOTAL,Residentes en Espańa,53938.8
2016M02,TOTAL,No residentes en Espańa,5349.93
2016M02,4 y 5 estrellas,TOTAL,18411
2016M02,4 y 5 estrellas,Residentes en Espańa,16834.02
2016M02,4 y 5 estrellas,No residentes en Espańa,1576.98
2016M02,3 estrellas,TOTAL,30808.81
2016M02,3 estrellas,Residentes en Espańa,27551.58
2016M02,3 estrellas,No residentes en Espańa,3257.24
2016M02,1 y 2 estrellas,TOTAL,2286.86
2016M02,1 y 2 estrellas,Residentes en Espańa,2083.86
2016M02,1 y 2 estrellas,No residentes en Espańa,203
2016M02,Hostales y pensiones,TOTAL,7782.06
2016M02,Hostales y pensiones,Residentes en Espańa,7469.34
2016M02,Hostales y pensiones,No residentes en Espańa,312.72
2016M03,TOTAL,TOTAL,82912.6
2016M03,TOTAL,Residentes en Espańa,75680.43
2016M03,TOTAL,No residentes en Espańa,7232.17
2016M03,4 y 5 estrellas,TOTAL,24722
2016M03,4 y 5 estrellas,Residentes en Espańa,22482.39
2016M03,4 y 5 estrellas,No residentes en Espańa,2239.61
2016M03,3 estrellas,TOTAL,41995
2016M03,3 estrellas,Residentes en Espańa,37706.9
2016M03,3 estrellas,No residentes en Espańa,4288.1
2016M03,1 y 2 estrellas,TOTAL,4729.71
2016M03,1 y 2 estrellas,Residentes en Espańa,4459.57
2016M03,1 y 2 estrellas,No residentes en Espańa,270.14
2016M03,Hostales y pensiones,TOTAL,11465.89
2016M03,Hostales y pensiones,Residentes en Espańa,11031.57
2016M03,Hostales y pensiones,No residentes en Espańa,434.32
2016M04,TOTAL,TOTAL,73738.67
2016M04,TOTAL,Residentes en Espańa,58756.25
2016M04,TOTAL,No residentes en Espańa,14982.42
2016M04,4 y 5 estrellas,TOTAL,21920
2016M04,4 y 5 estrellas,Residentes en Espańa,18205.7
2016M04,4 y 5 estrellas,No residentes en Espańa,3714.3
2016M04,3 estrellas,TOTAL,37703.13
2016M04,3 estrellas,Residentes en Espańa,28411.57
2016M04,3 estrellas,No residentes en Espańa,9291.57
2016M04,1 y 2 estrellas,TOTAL,3432.86
2016M04,1 y 2 estrellas,Residentes en Espańa,2978.57
2016M04,1 y 2 estrellas,No residentes en Espańa,454.29
2016M04,Hostales y pensiones,TOTAL,10682.68
2016M04,Hostales y pensiones,Residentes en Espańa,9160.4
2016M04,Hostales y pensiones,No residentes en Espańa,1522.27
2016M05,TOTAL,TOTAL,92447.51
2016M05,TOTAL,Residentes en Espańa,68642.41
2016M05,TOTAL,No residentes en Espańa,23805.1
2016M05,4 y 5 estrellas,TOTAL,26690
2016M05,4 y 5 estrellas,Residentes en Espańa,20537.24
2016M05,4 y 5 estrellas,No residentes en Espańa,6152.76
2016M05,3 estrellas,TOTAL,44793
2016M05,3 estrellas,Residentes en Espańa,32929.84
2016M05,3 estrellas,No residentes en Espańa,11863.16
2016M05,1 y 2 estrellas,TOTAL,4158.43
2016M05,1 y 2 estrellas,Residentes en Espańa,3534
2016M05,1 y 2 estrellas,No residentes en Espańa,624.43
2016M05,Hostales y pensiones,TOTAL,16806.08
2016M05,Hostales y pensiones,Residentes en Espańa,11641.33
2016M05,Hostales y pensiones,No residentes en Espańa,5164.75
2016M06,TOTAL,TOTAL,82141.65
2016M06,TOTAL,Residentes en Espańa,60128.38
2016M06,TOTAL,No residentes en Espańa,22013.28
2016M06,4 y 5 estrellas,TOTAL,26904
2016M06,4 y 5 estrellas,Residentes en Espańa,19828.75
2016M06,4 y 5 estrellas,No residentes en Espańa,7075.25
2016M06,3 estrellas,TOTAL,41195
2016M06,3 estrellas,Residentes en Espańa,29271.14
2016M06,3 estrellas,No residentes en Espańa,11923.86
2016M06,1 y 2 estrellas,TOTAL,4015.55
2016M06,1 y 2 estrellas,Residentes en Espańa,3482.23
2016M06,1 y 2 estrellas,No residentes en Espańa,533.32
2016M06,Hostales y pensiones,TOTAL,10027.11
2016M06,Hostales y pensiones,Residentes en Espańa,7546.26
2016M06,Hostales y pensiones,No residentes en Espańa,2480.85
2016M07,TOTAL,TOTAL,101679.17
2016M07,TOTAL,Residentes en Espańa,79375.59
2016M07,TOTAL,No residentes en Espańa,22303.58
2016M07,4 y 5 estrellas,TOTAL,29802
2016M07,4 y 5 estrellas,Residentes en Espańa,23848.65
2016M07,4 y 5 estrellas,No residentes en Espańa,5953.35
2016M07,3 estrellas,TOTAL,50806.59
2016M07,3 estrellas,Residentes en Espańa,37694.14
2016M07,3 estrellas,No residentes en Espańa,13112.44
2016M07,1 y 2 estrellas,TOTAL,5748.29
2016M07,1 y 2 estrellas,Residentes en Espańa,5004.29
2016M07,1 y 2 estrellas,No residentes en Espańa,744
2016M07,Hostales y pensiones,TOTAL,15322.3
2016M07,Hostales y pensiones,Residentes en Espańa,12828.51
2016M07,Hostales y pensiones,No residentes en Espańa,2493.79
2016M08,TOTAL,TOTAL,128262.41
2016M08,TOTAL,Residentes en Espańa,109618.2
2016M08,TOTAL,No residentes en Espańa,18644.21
2016M08,4 y 5 estrellas,TOTAL,37120
2016M08,4 y 5 estrellas,Residentes en Espańa,31883.87
2016M08,4 y 5 estrellas,No residentes en Espańa,5236.13
2016M08,3 estrellas,TOTAL,63667
2016M08,3 estrellas,Residentes en Espańa,53780.17
2016M08,3 estrellas,No residentes en Espańa,9886.83
2016M08,1 y 2 estrellas,TOTAL,7426.71
2016M08,1 y 2 estrellas,Residentes en Espańa,6753.57
2016M08,1 y 2 estrellas,No residentes en Espańa,673.14
2016M08,Hostales y pensiones,TOTAL,20048.7
2016M08,Hostales y pensiones,Residentes en Espańa,17200.58
2016M08,Hostales y pensiones,No residentes en Espańa,2848.11
2016M09,TOTAL,TOTAL,108055.69
2016M09,TOTAL,Residentes en Espańa,76578.97
2016M09,TOTAL,No residentes en Espańa,31476.72
2016M09,4 y 5 estrellas,TOTAL,30746
2016M09,4 y 5 estrellas,Residentes en Espańa,22398.56
2016M09,4 y 5 estrellas,No residentes en Espańa,8347.44
2016M09,3 estrellas,TOTAL,53977
2016M09,3 estrellas,Residentes en Espańa,37278.37
2016M09,3 estrellas,No residentes en Espańa,16698.63
2016M09,1 y 2 estrellas,TOTAL,5640
2016M09,1 y 2 estrellas,Residentes en Espańa,4465.71
2016M09,1 y 2 estrellas,No residentes en Espańa,1174.29
2016M09,Hostales y pensiones,TOTAL,17692.69
2016M09,Hostales y pensiones,Residentes en Espańa,12436.33
2016M09,Hostales y pensiones,No residentes en Espańa,5256.36
2016M10,TOTAL,TOTAL,107336.11
2016M10,TOTAL,Residentes en Espańa,82777.35
2016M10,TOTAL,No residentes en Espańa,24558.76
2016M10,4 y 5 estrellas,TOTAL,31031
2016M10,4 y 5 estrellas,Residentes en Espańa,23218.03
2016M10,4 y 5 estrellas,No residentes en Espańa,7812.97
2016M10,3 estrellas,TOTAL,54331
2016M10,3 estrellas,Residentes en Espańa,41829.12
2016M10,3 estrellas,No residentes en Espańa,12501.88
2016M10,1 y 2 estrellas,TOTAL,4827.14
2016M10,1 y 2 estrellas,Residentes en Espańa,3799.71
2016M10,1 y 2 estrellas,No residentes en Espańa,1027.43
2016M10,Hostales y pensiones,TOTAL,17146.97
2016M10,Hostales y pensiones,Residentes en Espańa,13930.48
2016M10,Hostales y pensiones,No residentes en Espańa,3216.49
2016M11,TOTAL,TOTAL,69734.9
2016M11,TOTAL,Residentes en Espańa,61232.92
2016M11,TOTAL,No residentes en Espańa,8501.98
2016M11,4 y 5 estrellas,TOTAL,20831
2016M11,4 y 5 estrellas,Residentes en Espańa,17958.91
2016M11,4 y 5 estrellas,No residentes en Espańa,2872.09
2016M11,3 estrellas,TOTAL,35452
2016M11,3 estrellas,Residentes en Espańa,30458.23
2016M11,3 estrellas,No residentes en Espańa,4993.77
2016M11,1 y 2 estrellas,TOTAL,2845.71
2016M11,1 y 2 estrellas,Residentes en Espańa,2747.14
2016M11,1 y 2 estrellas,No residentes en Espańa,98.57
2016M11,Hostales y pensiones,TOTAL,10606.19
2016M11,Hostales y pensiones,Residentes en Espańa,10068.64
2016M11,Hostales y pensiones,No residentes en Espańa,537.55
2016M12,TOTAL,TOTAL,68996.18
2016M12,TOTAL,Residentes en Espańa,63034.06
2016M12,TOTAL,No residentes en Espańa,5962.12
2016M12,4 y 5 estrellas,TOTAL,20648
2016M12,4 y 5 estrellas,Residentes en Espańa,18791.42
2016M12,4 y 5 estrellas,No residentes en Espańa,1856.58
2016M12,3 estrellas,TOTAL,32470
2016M12,3 estrellas,Residentes en Espańa,29138.03
2016M12,3 estrellas,No residentes en Espańa,3331.97
2016M12,1 y 2 estrellas,TOTAL,1810.65
2016M12,1 y 2 estrellas,Residentes en Espańa,1780.57
2016M12,1 y 2 estrellas,No residentes en Espańa,30.09
2016M12,Hostales y pensiones,TOTAL,14067.53
2016M12,Hostales y pensiones,Residentes en Espańa,13324.04
2016M12,Hostales y pensiones,No residentes en Espańa,743.49
2017M01,TOTAL,TOTAL,47017.81
2017M01,TOTAL,Residentes en Espańa,41016.33
2017M01,TOTAL,No residentes en Espańa,6001.48
2017M01,4 y 5 estrellas,TOTAL,16533
2017M01,4 y 5 estrellas,Residentes en Espańa,14341.3
2017M01,4 y 5 estrellas,No residentes en Espańa,2191.7
2017M01,3 estrellas,TOTAL,23650
2017M01,3 estrellas,Residentes en Espańa,20280.07
2017M01,3 estrellas,No residentes en Espańa,3369.93
2017M01,1 y 2 estrellas,TOTAL,1457
2017M01,1 y 2 estrellas,Residentes en Espańa,1315.29
2017M01,1 y 2 estrellas,No residentes en Espańa,141.71
2017M01,Hostales y pensiones,TOTAL,5377.81
2017M01,Hostales y pensiones,Residentes en Espańa,5079.68
2017M01,Hostales y pensiones,No residentes en Espańa,298.13
2017M02,TOTAL,TOTAL,55405.12
2017M02,TOTAL,Residentes en Espańa,49768.5
2017M02,TOTAL,No residentes en Espańa,5636.63
2017M02,4 y 5 estrellas,TOTAL,16624
2017M02,4 y 5 estrellas,Residentes en Espańa,15071.67
2017M02,4 y 5 estrellas,No residentes en Espańa,1552.33
2017M02,3 estrellas,TOTAL,29116
2017M02,3 estrellas,Residentes en Espańa,25640.09
2017M02,3 estrellas,No residentes en Espańa,3475.91
2017M02,1 y 2 estrellas,TOTAL,2148
2017M02,1 y 2 estrellas,Residentes en Espańa,1984
2017M02,1 y 2 estrellas,No residentes en Espańa,164
2017M02,Hostales y pensiones,TOTAL,7517.12
2017M02,Hostales y pensiones,Residentes en Espańa,7072.74
2017M02,Hostales y pensiones,No residentes en Espańa,444.38
2017M03,TOTAL,TOTAL,71511.82
2017M03,TOTAL,Residentes en Espańa,63254.36
2017M03,TOTAL,No residentes en Espańa,8257.46
2017M03,4 y 5 estrellas,TOTAL,20467
2017M03,4 y 5 estrellas,Residentes en Espańa,17999.89
2017M03,4 y 5 estrellas,No residentes en Espańa,2467.11
2017M03,3 estrellas,TOTAL,37853
2017M03,3 estrellas,Residentes en Espańa,33232.21
2017M03,3 estrellas,No residentes en Espańa,4620.79
2017M03,1 y 2 estrellas,TOTAL,3352.43
2017M03,1 y 2 estrellas,Residentes en Espańa,3051.29
2017M03,1 y 2 estrellas,No residentes en Espańa,301.14
2017M03,Hostales y pensiones,TOTAL,9839.39
2017M03,Hostales y pensiones,Residentes en Espańa,8970.98
2017M03,Hostales y pensiones,No residentes en Espańa,868.42
2017M04,TOTAL,TOTAL,98060.87
2017M04,TOTAL,Residentes en Espańa,81589.44
2017M04,TOTAL,No residentes en Espańa,16471.43
2017M04,4 y 5 estrellas,TOTAL,28137
2017M04,4 y 5 estrellas,Residentes en Espańa,24233.26
2017M04,4 y 5 estrellas,No residentes en Espańa,3903.74
2017M04,3 estrellas,TOTAL,48668
2017M04,3 estrellas,Residentes en Espańa,40092.65
2017M04,3 estrellas,No residentes en Espańa,8575.35
2017M04,1 y 2 estrellas,TOTAL,5194.29
2017M04,1 y 2 estrellas,Residentes en Espańa,4684.29
2017M04,1 y 2 estrellas,No residentes en Espańa,510
2017M04,Hostales y pensiones,TOTAL,16061.58
2017M04,Hostales y pensiones,Residentes en Espańa,12579.25
2017M04,Hostales y pensiones,No residentes en Espańa,3482.33
2017M05,TOTAL,TOTAL,91586.02
2017M05,TOTAL,Residentes en Espańa,63699.45
2017M05,TOTAL,No residentes en Espańa,27886.57
2017M05,4 y 5 estrellas,TOTAL,27300
2017M05,4 y 5 estrellas,Residentes en Espańa,18637.75
2017M05,4 y 5 estrellas,No residentes en Espańa,8662.25
2017M05,3 estrellas,TOTAL,47753
2017M05,3 estrellas,Residentes en Espańa,33361.42
2017M05,3 estrellas,No residentes en Espańa,14391.58
2017M05,1 y 2 estrellas,TOTAL,3693.43
2017M05,1 y 2 estrellas,Residentes en Espańa,2949.43
2017M05,1 y 2 estrellas,No residentes en Espańa,744
2017M05,Hostales y pensiones,TOTAL,12839.59
2017M05,Hostales y pensiones,Residentes en Espańa,8750.85
2017M05,Hostales y pensiones,No residentes en Espańa,4088.74
2017M06,TOTAL,TOTAL,94310.14
2017M06,TOTAL,Residentes en Espańa,70943.51
2017M06,TOTAL,No residentes en Espańa,23366.63
2017M06,4 y 5 estrellas,TOTAL,28198
2017M06,4 y 5 estrellas,Residentes en Espańa,21426.1
2017M06,4 y 5 estrellas,No residentes en Espańa,6771.9
2017M06,3 estrellas,TOTAL,47721
2017M06,3 estrellas,Residentes en Espańa,35416.98
2017M06,3 estrellas,No residentes en Espańa,12304.02
2017M06,1 y 2 estrellas,TOTAL,3904.29
2017M06,1 y 2 estrellas,Residentes en Espańa,3287.14
2017M06,1 y 2 estrellas,No residentes en Espańa,617.14
2017M06,Hostales y pensiones,TOTAL,14486.86
2017M06,Hostales y pensiones,Residentes en Espańa,10813.29
2017M06,Hostales y pensiones,No residentes en Espańa,3673.57
2017M07,TOTAL,TOTAL,99293.96
2017M07,TOTAL,Residentes en Espańa,80385.58
2017M07,TOTAL,No residentes en Espańa,18908.39
2017M07,4 y 5 estrellas,TOTAL,30761
2017M07,4 y 5 estrellas,Residentes en Espańa,24943.36
2017M07,4 y 5 estrellas,No residentes en Espańa,5817.64
2017M07,3 estrellas,TOTAL,47912.44
2017M07,3 estrellas,Residentes en Espańa,37973.2
2017M07,3 estrellas,No residentes en Espańa,9939.25
2017M07,1 y 2 estrellas,TOTAL,5035.29
2017M07,1 y 2 estrellas,Residentes en Espańa,4588
2017M07,1 y 2 estrellas,No residentes en Espańa,447.29
2017M07,Hostales y pensiones,TOTAL,15585.23
2017M07,Hostales y pensiones,Residentes en Espańa,12881.02
2017M07,Hostales y pensiones,No residentes en Espańa,2704.21
2017M08,TOTAL,TOTAL,131789.35
2017M08,TOTAL,Residentes en Espańa,113515.02
2017M08,TOTAL,No residentes en Espańa,18274.33
2017M08,4 y 5 estrellas,TOTAL,39930
2017M08,4 y 5 estrellas,Residentes en Espańa,34296.09
2017M08,4 y 5 estrellas,No residentes en Espańa,5633.91
2017M08,3 estrellas,TOTAL,65697
2017M08,3 estrellas,Residentes en Espańa,56116.98
2017M08,3 estrellas,No residentes en Espańa,9580.02
2017M08,1 y 2 estrellas,TOTAL,7417.86
2017M08,1 y 2 estrellas,Residentes en Espańa,6430.29
2017M08,1 y 2 estrellas,No residentes en Espańa,987.57
2017M08,Hostales y pensiones,TOTAL,18744.49
2017M08,Hostales y pensiones,Residentes en Espańa,16671.67
2017M08,Hostales y pensiones,No residentes en Espańa,2072.81
2017M09,TOTAL,TOTAL,114190.12
2017M09,TOTAL,Residentes en Espańa,83379.86
2017M09,TOTAL,No residentes en Espańa,30810.26
2017M09,4 y 5 estrellas,TOTAL,34327
2017M09,4 y 5 estrellas,Residentes en Espańa,26587.81
2017M09,4 y 5 estrellas,No residentes en Espańa,7739.19
2017M09,3 estrellas,TOTAL,57424.01
2017M09,3 estrellas,Residentes en Espańa,39897.21
2017M09,3 estrellas,No residentes en Espańa,17526.8
2017M09,1 y 2 estrellas,TOTAL,5168.57
2017M09,1 y 2 estrellas,Residentes en Espańa,4320
2017M09,1 y 2 estrellas,No residentes en Espańa,848.57
2017M09,Hostales y pensiones,TOTAL,17270.53
2017M09,Hostales y pensiones,Residentes en Espańa,12574.84
2017M09,Hostales y pensiones,No residentes en Espańa,4695.69
2017M10,TOTAL,TOTAL,97292.09
2017M10,TOTAL,Residentes en Espańa,79695.28
2017M10,TOTAL,No residentes en Espańa,17596.82
2017M10,4 y 5 estrellas,TOTAL,30931
2017M10,4 y 5 estrellas,Residentes en Espańa,25296.68
2017M10,4 y 5 estrellas,No residentes en Espańa,5634.32
2017M10,3 estrellas,TOTAL,48134
2017M10,3 estrellas,Residentes en Espańa,38567.38
2017M10,3 estrellas,No residentes en Espańa,9566.62
2017M10,1 y 2 estrellas,TOTAL,5128.36
2017M10,1 y 2 estrellas,Residentes en Espańa,4727.07
2017M10,1 y 2 estrellas,No residentes en Espańa,401.29
2017M10,Hostales y pensiones,TOTAL,13098.74
2017M10,Hostales y pensiones,Residentes en Espańa,11104.15
2017M10,Hostales y pensiones,No residentes en Espańa,1994.59
2017M11,TOTAL,TOTAL,75127.76
2017M11,TOTAL,Residentes en Espańa,66420.7
2017M11,TOTAL,No residentes en Espańa,8707.06
2017M11,4 y 5 estrellas,TOTAL,24673
2017M11,4 y 5 estrellas,Residentes en Espańa,21616.5
2017M11,4 y 5 estrellas,No residentes en Espańa,3056.5
2017M11,3 estrellas,TOTAL,38000
2017M11,3 estrellas,Residentes en Espańa,33383.83
2017M11,3 estrellas,No residentes en Espańa,4616.17
2017M11,1 y 2 estrellas,TOTAL,2532.86
2017M11,1 y 2 estrellas,Residentes en Espańa,2241.43
2017M11,1 y 2 estrellas,No residentes en Espańa,291.43
2017M11,Hostales y pensiones,TOTAL,9921.91
2017M11,Hostales y pensiones,Residentes en Espańa,9178.94
2017M11,Hostales y pensiones,No residentes en Espańa,742.96
2017M12,TOTAL,TOTAL,66129.01
2017M12,TOTAL,Residentes en Espańa,60896.93
2017M12,TOTAL,No residentes en Espańa,5232.08
2017M12,4 y 5 estrellas,TOTAL,20534
2017M12,4 y 5 estrellas,Residentes en Espańa,19177.73
2017M12,4 y 5 estrellas,No residentes en Espańa,1356.27
2017M12,3 estrellas,TOTAL,31628.17
2017M12,3 estrellas,Residentes en Espańa,28470.38
2017M12,3 estrellas,No residentes en Espańa,3157.79
2017M12,1 y 2 estrellas,TOTAL,1625.29
2017M12,1 y 2 estrellas,Residentes en Espańa,1496.86
2017M12,1 y 2 estrellas,No residentes en Espańa,128.43
2017M12,Hostales y pensiones,TOTAL,12341.55
2017M12,Hostales y pensiones,Residentes en Espańa,11751.96
2017M12,Hostales y pensiones,No residentes en Espańa,589.58
2018M01,TOTAL,TOTAL,43577.01
2018M01,TOTAL,Residentes en Espańa,37090.96
2018M01,TOTAL,No residentes en Espańa,6486.05
2018M01,4 y 5 estrellas,TOTAL,14872
2018M01,4 y 5 estrellas,Residentes en Espańa,12988.26
2018M01,4 y 5 estrellas,No residentes en Espańa,1883.74
2018M01,3 estrellas,TOTAL,23241
2018M01,3 estrellas,Residentes en Espańa,19391.2
2018M01,3 estrellas,No residentes en Espańa,3849.8
2018M01,1 y 2 estrellas,TOTAL,1434.86
2018M01,1 y 2 estrellas,Residentes en Espańa,1359.57
2018M01,1 y 2 estrellas,No residentes en Espańa,75.29
2018M01,Hostales y pensiones,TOTAL,4029.15
2018M01,Hostales y pensiones,Residentes en Espańa,3351.93
2018M01,Hostales y pensiones,No residentes en Espańa,677.22
2018M02,TOTAL,TOTAL,52887.35
2018M02,TOTAL,Residentes en Espańa,46925.2
2018M02,TOTAL,No residentes en Espańa,5962.16
2018M02,4 y 5 estrellas,TOTAL,15617
2018M02,4 y 5 estrellas,Residentes en Espańa,14115.78
2018M02,4 y 5 estrellas,No residentes en Espańa,1501.22
2018M02,3 estrellas,TOTAL,28366
2018M02,3 estrellas,Residentes en Espańa,24692.11
2018M02,3 estrellas,No residentes en Espańa,3673.89
2018M02,1 y 2 estrellas,TOTAL,2396
2018M02,1 y 2 estrellas,Residentes en Espańa,2172
2018M02,1 y 2 estrellas,No residentes en Espańa,224
2018M02,Hostales y pensiones,TOTAL,6508.35
2018M02,Hostales y pensiones,Residentes en Espańa,5945.3
2018M02,Hostales y pensiones,No residentes en Espańa,563.05
2018M03,TOTAL,TOTAL,76383.74
2018M03,TOTAL,Residentes en Espańa,65636.08
2018M03,TOTAL,No residentes en Espańa,10747.66
2018M03,4 y 5 estrellas,TOTAL,25198
2018M03,4 y 5 estrellas,Residentes en Espańa,21192.26
2018M03,4 y 5 estrellas,No residentes en Espańa,4005.74
2018M03,3 estrellas,TOTAL,39064
2018M03,3 estrellas,Residentes en Espańa,33697.28
2018M03,3 estrellas,No residentes en Espańa,5366.72
2018M03,1 y 2 estrellas,TOTAL,3024.71
2018M03,1 y 2 estrellas,Residentes en Espańa,2714.71
2018M03,1 y 2 estrellas,No residentes en Espańa,310
2018M03,Hostales y pensiones,TOTAL,9097.02
2018M03,Hostales y pensiones,Residentes en Espańa,8031.82
2018M03,Hostales y pensiones,No residentes en Espańa,1065.2
2018M04,TOTAL,TOTAL,84448.22
2018M04,TOTAL,Residentes en Espańa,66516.92
2018M04,TOTAL,No residentes en Espańa,17931.3
2018M04,4 y 5 estrellas,TOTAL,26639
2018M04,4 y 5 estrellas,Residentes en Espańa,21219.17
2018M04,4 y 5 estrellas,No residentes en Espańa,5419.83
2018M04,3 estrellas,TOTAL,42943
2018M04,3 estrellas,Residentes en Espańa,34039.2
2018M04,3 estrellas,No residentes en Espańa,8903.8
2018M04,1 y 2 estrellas,TOTAL,4431.43
2018M04,1 y 2 estrellas,Residentes en Espańa,3874.29
2018M04,1 y 2 estrellas,No residentes en Espańa,557.14
2018M04,Hostales y pensiones,TOTAL,10434.79
2018M04,Hostales y pensiones,Residentes en Espańa,7384.27
2018M04,Hostales y pensiones,No residentes en Espańa,3050.53
2018M05,TOTAL,TOTAL,90964.96
2018M05,TOTAL,Residentes en Espańa,63501.06
2018M05,TOTAL,No residentes en Espańa,27463.9
2018M05,4 y 5 estrellas,TOTAL,28527
2018M05,4 y 5 estrellas,Residentes en Espańa,19376.92
2018M05,4 y 5 estrellas,No residentes en Espańa,9150.08
2018M05,3 estrellas,TOTAL,45234
2018M05,3 estrellas,Residentes en Espańa,32720.37
2018M05,3 estrellas,No residentes en Espańa,12513.63
2018M05,1 y 2 estrellas,TOTAL,4061
2018M05,1 y 2 estrellas,Residentes en Espańa,3060.14
2018M05,1 y 2 estrellas,No residentes en Espańa,1000.86
2018M05,Hostales y pensiones,TOTAL,13142.96
2018M05,Hostales y pensiones,Residentes en Espańa,8343.62
2018M05,Hostales y pensiones,No residentes en Espańa,4799.34
2018M06,TOTAL,TOTAL,90132.38
2018M06,TOTAL,Residentes en Espańa,67380.86
2018M06,TOTAL,No residentes en Espańa,22751.53
2018M06,4 y 5 estrellas,TOTAL,29271
2018M06,4 y 5 estrellas,Residentes en Espańa,21585.01
2018M06,4 y 5 estrellas,No residentes en Espańa,7685.99
2018M06,3 estrellas,TOTAL,46338
2018M06,3 estrellas,Residentes en Espańa,34444.92
2018M06,3 estrellas,No residentes en Espańa,11893.08
2018M06,1 y 2 estrellas,TOTAL,4448.57
2018M06,1 y 2 estrellas,Residentes en Espańa,3672.86
2018M06,1 y 2 estrellas,No residentes en Espańa,775.71
2018M06,Hostales y pensiones,TOTAL,10074.81
2018M06,Hostales y pensiones,Residentes en Espańa,7678.06
2018M06,Hostales y pensiones,No residentes en Espańa,2396.75
2018M07,TOTAL,TOTAL,93772.71
2018M07,TOTAL,Residentes en Espańa,75470.47
2018M07,TOTAL,No residentes en Espańa,18302.24
2018M07,4 y 5 estrellas,TOTAL,31588
2018M07,4 y 5 estrellas,Residentes en Espańa,25318.22
2018M07,4 y 5 estrellas,No residentes en Espańa,6269.78
2018M07,3 estrellas,TOTAL,44810
2018M07,3 estrellas,Residentes en Espańa,35908.97
2018M07,3 estrellas,No residentes en Espańa,8901.03
2018M07,1 y 2 estrellas,TOTAL,3954.71
2018M07,1 y 2 estrellas,Residentes en Espańa,3250.57
2018M07,1 y 2 estrellas,No residentes en Espańa,704.14
2018M07,Hostales y pensiones,TOTAL,13419.99
2018M07,Hostales y pensiones,Residentes en Espańa,10992.7
2018M07,Hostales y pensiones,No residentes en Espańa,2427.29
2018M08,TOTAL,TOTAL,123168.17
2018M08,TOTAL,Residentes en Espańa,103233.25
2018M08,TOTAL,No residentes en Espańa,19934.92
2018M08,4 y 5 estrellas,TOTAL,40914
2018M08,4 y 5 estrellas,Residentes en Espańa,34962.66
2018M08,4 y 5 estrellas,No residentes en Espańa,5951.34
2018M08,3 estrellas,TOTAL,58577
2018M08,3 estrellas,Residentes en Espańa,48057.69
2018M08,3 estrellas,No residentes en Espańa,10519.31
2018M08,1 y 2 estrellas,TOTAL,6952.86
2018M08,1 y 2 estrellas,Residentes en Espańa,6208.86
2018M08,1 y 2 estrellas,No residentes en Espańa,744
2018M08,Hostales y pensiones,TOTAL,16724.32
2018M08,Hostales y pensiones,Residentes en Espańa,14004.05
2018M08,Hostales y pensiones,No residentes en Espańa,2720.27
2018M09,TOTAL,TOTAL,109231.97
2018M09,TOTAL,Residentes en Espańa,76159.17
2018M09,TOTAL,No residentes en Espańa,33072.8
2018M09,4 y 5 estrellas,TOTAL,35608
2018M09,4 y 5 estrellas,Residentes en Espańa,25387.69
2018M09,4 y 5 estrellas,No residentes en Espańa,10220.31
2018M09,3 estrellas,TOTAL,51867
2018M09,3 estrellas,Residentes en Espańa,35314.15
2018M09,3 estrellas,No residentes en Espańa,16552.85
2018M09,1 y 2 estrellas,TOTAL,5682.86
2018M09,1 y 2 estrellas,Residentes en Espańa,4435.71
2018M09,1 y 2 estrellas,No residentes en Espańa,1247.14
2018M09,Hostales y pensiones,TOTAL,16074.11
2018M09,Hostales y pensiones,Residentes en Espańa,11021.61
2018M09,Hostales y pensiones,No residentes en Espańa,5052.5
2018M10,TOTAL,TOTAL,98996.24
2018M10,TOTAL,Residentes en Espańa,80206.73
2018M10,TOTAL,No residentes en Espańa,18789.5
2018M10,4 y 5 estrellas,TOTAL,33847
2018M10,4 y 5 estrellas,Residentes en Espańa,28067.92
2018M10,4 y 5 estrellas,No residentes en Espańa,5779.08
2018M10,3 estrellas,TOTAL,46431
2018M10,3 estrellas,Residentes en Espańa,36490.09
2018M10,3 estrellas,No residentes en Espańa,9940.91
2018M10,1 y 2 estrellas,TOTAL,4884.71
2018M10,1 y 2 estrellas,Residentes en Espańa,4269.14
2018M10,1 y 2 estrellas,No residentes en Espańa,615.57
2018M10,Hostales y pensiones,TOTAL,13833.52
2018M10,Hostales y pensiones,Residentes en Espańa,11379.58
2018M10,Hostales y pensiones,No residentes en Espańa,2453.94
2018M11,TOTAL,TOTAL,81388.48
2018M11,TOTAL,Residentes en Espańa,72668.55
2018M11,TOTAL,No residentes en Espańa,8719.92
2018M11,4 y 5 estrellas,TOTAL,28799
2018M11,4 y 5 estrellas,Residentes en Espańa,26256.61
2018M11,4 y 5 estrellas,No residentes en Espańa,2542.39
2018M11,3 estrellas,TOTAL,38278
2018M11,3 estrellas,Residentes en Espańa,33600.8
2018M11,3 estrellas,No residentes en Espańa,4677.2
2018M11,1 y 2 estrellas,TOTAL,4244.57
2018M11,1 y 2 estrellas,Residentes en Espańa,3717.29
2018M11,1 y 2 estrellas,No residentes en Espańa,527.29
2018M11,Hostales y pensiones,TOTAL,10066.91
2018M11,Hostales y pensiones,Residentes en Espańa,9093.85
2018M11,Hostales y pensiones,No residentes en Espańa,973.05
2018M12,TOTAL,TOTAL,62854.32
2018M12,TOTAL,Residentes en Espańa,57421.58
2018M12,TOTAL,No residentes en Espańa,5432.74
2018M12,4 y 5 estrellas,TOTAL,22884
2018M12,4 y 5 estrellas,Residentes en Espańa,20796.43
2018M12,4 y 5 estrellas,No residentes en Espańa,2087.57
2018M12,3 estrellas,TOTAL,29487
2018M12,3 estrellas,Residentes en Espańa,26644.66
2018M12,3 estrellas,No residentes en Espańa,2842.34
2018M12,1 y 2 estrellas,TOTAL,1846.56
2018M12,1 y 2 estrellas,Residentes en Espańa,1638.5
2018M12,1 y 2 estrellas,No residentes en Espańa,208.07
2018M12,Hostales y pensiones,TOTAL,8636.76
2018M12,Hostales y pensiones,Residentes en Espańa,8342
2018M12,Hostales y pensiones,No residentes en Espańa,294.76
2019M01,TOTAL,TOTAL,105537.4
2019M01,TOTAL,Residentes en Espańa,92089.26
2019M01,TOTAL,No residentes en Espańa,13448.14
2019M01,4 y 5 estrellas,TOTAL,37325
2019M01,4 y 5 estrellas,Residentes en Espańa,33640.04
2019M01,4 y 5 estrellas,No residentes en Espańa,3684.96
2019M01,3 estrellas,TOTAL,52655
2019M01,3 estrellas,Residentes en Espańa,44759.77
2019M01,3 estrellas,No residentes en Espańa,7895.23
2019M01,1 y 2 estrellas,TOTAL,4341.57
2019M01,1 y 2 estrellas,Residentes en Espańa,3901.86
2019M01,1 y 2 estrellas,No residentes en Espańa,439.71
2019M01,Hostales y pensiones,TOTAL,11215.83
2019M01,Hostales y pensiones,Residentes en Espańa,9787.59
2019M01,Hostales y pensiones,No residentes en Espańa,1428.24
2019M02,TOTAL,TOTAL,51446.75
2019M02,TOTAL,Residentes en Espańa,45246.84
2019M02,TOTAL,No residentes en Espańa,6199.9
2019M02,4 y 5 estrellas,TOTAL,16782
2019M02,4 y 5 estrellas,Residentes en Espańa,15128.64
2019M02,4 y 5 estrellas,No residentes en Espańa,1653.36
2019M02,3 estrellas,TOTAL,26498
2019M02,3 estrellas,Residentes en Espańa,22987.14
2019M02,3 estrellas,No residentes en Espańa,3510.86
2019M02,1 y 2 estrellas,TOTAL,2372
2019M02,1 y 2 estrellas,Residentes en Espańa,2160
2019M02,1 y 2 estrellas,No residentes en Espańa,212
2019M02,Hostales y pensiones,TOTAL,5794.75
2019M02,Hostales y pensiones,Residentes en Espańa,4971.06
2019M02,Hostales y pensiones,No residentes en Espańa,823.69
2019M03,TOTAL,TOTAL,71587.6
2019M03,TOTAL,Residentes en Espańa,63185.66
2019M03,TOTAL,No residentes en Espańa,8401.94
2019M03,4 y 5 estrellas,TOTAL,24618
2019M03,4 y 5 estrellas,Residentes en Espańa,21880.85
2019M03,4 y 5 estrellas,No residentes en Espańa,2737.15
2019M03,3 estrellas,TOTAL,35484
2019M03,3 estrellas,Residentes en Espańa,31179.47
2019M03,3 estrellas,No residentes en Espańa,4304.53
2019M03,1 y 2 estrellas,TOTAL,3139.57
2019M03,1 y 2 estrellas,Residentes en Espańa,2850.14
2019M03,1 y 2 estrellas,No residentes en Espańa,289.43
2019M03,Hostales y pensiones,TOTAL,8346.03
2019M03,Hostales y pensiones,Residentes en Espańa,7275.2
2019M03,Hostales y pensiones,No residentes en Espańa,1070.83
2019M04,TOTAL,TOTAL,88819.97
2019M04,TOTAL,Residentes en Espańa,70807.49
2019M04,TOTAL,No residentes en Espańa,18012.48
2019M04,4 y 5 estrellas,TOTAL,29425
2019M04,4 y 5 estrellas,Residentes en Espańa,23783.33
2019M04,4 y 5 estrellas,No residentes en Espańa,5641.67
2019M04,3 estrellas,TOTAL,40482
2019M04,3 estrellas,Residentes en Espańa,32083.56
2019M04,3 estrellas,No residentes en Espańa,8398.44
2019M04,1 y 2 estrellas,TOTAL,5759.14
2019M04,1 y 2 estrellas,Residentes en Espańa,5267.43
2019M04,1 y 2 estrellas,No residentes en Espańa,491.71
2019M04,Hostales y pensiones,TOTAL,13153.83
2019M04,Hostales y pensiones,Residentes en Espańa,9673.17
2019M04,Hostales y pensiones,No residentes en Espańa,3480.67
2019M05,TOTAL,TOTAL,96016.8
2019M05,TOTAL,Residentes en Espańa,67275.47
2019M05,TOTAL,No residentes en Espańa,28741.33
2019M05,4 y 5 estrellas,TOTAL,33398
2019M05,4 y 5 estrellas,Residentes en Espańa,23182.08
2019M05,4 y 5 estrellas,No residentes en Espańa,10215.92
2019M05,3 estrellas,TOTAL,43368
2019M05,3 estrellas,Residentes en Espańa,31689.11
2019M05,3 estrellas,No residentes en Espańa,11678.89
2019M05,1 y 2 estrellas,TOTAL,4303.29
2019M05,1 y 2 estrellas,Residentes en Espańa,3443.29
2019M05,1 y 2 estrellas,No residentes en Espańa,860
2019M05,Hostales y pensiones,TOTAL,14947.51
2019M05,Hostales y pensiones,Residentes en Espańa,8960.99
2019M05,Hostales y pensiones,No residentes en Espańa,5986.52
2019M06,TOTAL,TOTAL,89629.73
2019M06,TOTAL,Residentes en Espańa,66416.35
2019M06,TOTAL,No residentes en Espańa,23213.37
2019M06,4 y 5 estrellas,TOTAL,32442
2019M06,4 y 5 estrellas,Residentes en Espańa,22810.58
2019M06,4 y 5 estrellas,No residentes en Espańa,9631.42
2019M06,3 estrellas,TOTAL,40349.12
2019M06,3 estrellas,Residentes en Espańa,30664.2
2019M06,3 estrellas,No residentes en Espańa,9684.92
2019M06,1 y 2 estrellas,TOTAL,4602.14
2019M06,1 y 2 estrellas,Residentes en Espańa,3943.71
2019M06,1 y 2 estrellas,No residentes en Espańa,658.43
2019M06,Hostales y pensiones,TOTAL,12236.46
2019M06,Hostales y pensiones,Residentes en Espańa,8997.85
2019M06,Hostales y pensiones,No residentes en Espańa,3238.61
2019M07,TOTAL,TOTAL,90142.45
2019M07,TOTAL,Residentes en Espańa,71776.41
2019M07,TOTAL,No residentes en Espańa,18366.05
2019M07,4 y 5 estrellas,TOTAL,32799
2019M07,4 y 5 estrellas,Residentes en Espańa,25281.91
2019M07,4 y 5 estrellas,No residentes en Espańa,7517.09
2019M07,3 estrellas,TOTAL,40361
2019M07,3 estrellas,Residentes en Espańa,33111.96
2019M07,3 estrellas,No residentes en Espańa,7249.04
2019M07,1 y 2 estrellas,TOTAL,4990
2019M07,1 y 2 estrellas,Residentes en Espańa,4601.14
2019M07,1 y 2 estrellas,No residentes en Espańa,388.86
2019M07,Hostales y pensiones,TOTAL,11992.45
2019M07,Hostales y pensiones,Residentes en Espańa,8781.4
2019M07,Hostales y pensiones,No residentes en Espańa,3211.06
2019M08,TOTAL,TOTAL,124131.69
2019M08,TOTAL,Residentes en Espańa,105050.81
2019M08,TOTAL,No residentes en Espańa,19080.88
2019M08,4 y 5 estrellas,TOTAL,44382
2019M08,4 y 5 estrellas,Residentes en Espańa,37255.85
2019M08,4 y 5 estrellas,No residentes en Espańa,7126.15
2019M08,3 estrellas,TOTAL,55994
2019M08,3 estrellas,Residentes en Espańa,47873.73
2019M08,3 estrellas,No residentes en Espańa,8120.27
2019M08,1 y 2 estrellas,TOTAL,7258.71
2019M08,1 y 2 estrellas,Residentes en Espańa,6422.14
2019M08,1 y 2 estrellas,No residentes en Espańa,836.57
2019M08,Hostales y pensiones,TOTAL,16496.98
2019M08,Hostales y pensiones,Residentes en Espańa,13499.09
2019M08,Hostales y pensiones,No residentes en Espańa,2997.89
2019M09,TOTAL,TOTAL,107113.52
2019M09,TOTAL,Residentes en Espańa,74056.59
2019M09,TOTAL,No residentes en Espańa,33056.93
2019M09,4 y 5 estrellas,TOTAL,37884
2019M09,4 y 5 estrellas,Residentes en Espańa,26388.45
2019M09,4 y 5 estrellas,No residentes en Espańa,11495.55
2019M09,3 estrellas,TOTAL,45764.07
2019M09,3 estrellas,Residentes en Espańa,31879.42
2019M09,3 estrellas,No residentes en Espańa,13884.64
2019M09,1 y 2 estrellas,TOTAL,5786
2019M09,1 y 2 estrellas,Residentes en Espańa,4508.86
2019M09,1 y 2 estrellas,No residentes en Espańa,1277.14
2019M09,Hostales y pensiones,TOTAL,17679.45
2019M09,Hostales y pensiones,Residentes en Espańa,11279.86
2019M09,Hostales y pensiones,No residentes en Espańa,6399.6
2019M10,TOTAL,TOTAL,99565.69
2019M10,TOTAL,Residentes en Espańa,77034.81
2019M10,TOTAL,No residentes en Espańa,22530.88
2019M10,4 y 5 estrellas,TOTAL,36767
2019M10,4 y 5 estrellas,Residentes en Espańa,27830.38
2019M10,4 y 5 estrellas,No residentes en Espańa,8936.62
2019M10,3 estrellas,TOTAL,43230.13
2019M10,3 estrellas,Residentes en Espańa,33062.42
2019M10,3 estrellas,No residentes en Espańa,10167.71
2019M10,1 y 2 estrellas,TOTAL,4952.29
2019M10,1 y 2 estrellas,Residentes en Espańa,4399.86
2019M10,1 y 2 estrellas,No residentes en Espańa,552.43
2019M10,Hostales y pensiones,TOTAL,14616.27
2019M10,Hostales y pensiones,Residentes en Espańa,11742.15
2019M10,Hostales y pensiones,No residentes en Espańa,2874.13
2019M11,TOTAL,TOTAL,76790.37
2019M11,TOTAL,Residentes en Espańa,66530.05
2019M11,TOTAL,No residentes en Espańa,10260.33
2019M11,4 y 5 estrellas,TOTAL,29731
2019M11,4 y 5 estrellas,Residentes en Espańa,26656.18
2019M11,4 y 5 estrellas,No residentes en Espańa,3074.82
2019M11,3 estrellas,TOTAL,33497.52
2019M11,3 estrellas,Residentes en Espańa,27746.15
2019M11,3 estrellas,No residentes en Espańa,5751.37
2019M11,1 y 2 estrellas,TOTAL,3351.43
2019M11,1 y 2 estrellas,Residentes en Espańa,3034.29
2019M11,1 y 2 estrellas,No residentes en Espańa,317.14
2019M11,Hostales y pensiones,TOTAL,10210.42
2019M11,Hostales y pensiones,Residentes en Espańa,9093.43
2019M11,Hostales y pensiones,No residentes en Espańa,1116.99
2019M12,TOTAL,TOTAL,59897.55
2019M12,TOTAL,Residentes en Espańa,54040.6
2019M12,TOTAL,No residentes en Espańa,5856.95
2019M12,4 y 5 estrellas,TOTAL,23513
2019M12,4 y 5 estrellas,Residentes en Espańa,21702.42
2019M12,4 y 5 estrellas,No residentes en Espańa,1810.58
2019M12,3 estrellas,TOTAL,27019.67
2019M12,3 estrellas,Residentes en Espańa,24089.61
2019M12,3 estrellas,No residentes en Espańa,2930.06
2019M12,1 y 2 estrellas,TOTAL,1057.64
2019M12,1 y 2 estrellas,Residentes en Espańa,996.32
2019M12,1 y 2 estrellas,No residentes en Espańa,61.32
2019M12,Hostales y pensiones,TOTAL,8307.25
2019M12,Hostales y pensiones,Residentes en Espańa,7252.25
2019M12,Hostales y pensiones,No residentes en Espańa,1054.99
2020M01,TOTAL,TOTAL,46281.9
2020M01,TOTAL,Residentes en Espańa,40155.06
2020M01,TOTAL,No residentes en Espańa,6126.83
2020M01,4 y 5 estrellas,TOTAL,16476
2020M01,4 y 5 estrellas,Residentes en Espańa,14904.02
2020M01,4 y 5 estrellas,No residentes en Espańa,1571.98
2020M01,3 estrellas,TOTAL,22511.05
2020M01,3 estrellas,Residentes en Espańa,19113.17
2020M01,3 estrellas,No residentes en Espańa,3397.88
2020M01,1 y 2 estrellas,TOTAL,1337.43
2020M01,1 y 2 estrellas,Residentes en Espańa,1248.86
2020M01,1 y 2 estrellas,No residentes en Espańa,88.57
2020M01,Hostales y pensiones,TOTAL,5957.42
2020M01,Hostales y pensiones,Residentes en Espańa,4889.02
2020M01,Hostales y pensiones,No residentes en Espańa,1068.4
2020M02,TOTAL,TOTAL,65220.91
2020M02,TOTAL,Residentes en Espańa,57266.39
2020M02,TOTAL,No residentes en Espańa,7954.52
2020M02,4 y 5 estrellas,TOTAL,22370
2020M02,4 y 5 estrellas,Residentes en Espańa,19471.63
2020M02,4 y 5 estrellas,No residentes en Espańa,2898.37
2020M02,3 estrellas,TOTAL,31138.61
2020M02,3 estrellas,Residentes en Espańa,27300.42
2020M02,3 estrellas,No residentes en Espańa,3838.19
2020M02,1 y 2 estrellas,TOTAL,3124.43
2020M02,1 y 2 estrellas,Residentes en Espańa,2907.43
2020M02,1 y 2 estrellas,No residentes en Espańa,217
2020M02,Hostales y pensiones,TOTAL,8587.87
2020M02,Hostales y pensiones,Residentes en Espańa,7586.91
2020M02,Hostales y pensiones,No residentes en Espańa,1000.97
2020M03,TOTAL,TOTAL,17753.07
2020M03,TOTAL,Residentes en Espańa,15329.28
2020M03,TOTAL,No residentes en Espańa,2423.79
2020M03,4 y 5 estrellas,TOTAL,7424.09
2020M03,4 y 5 estrellas,Residentes en Espańa,6924.77
2020M03,4 y 5 estrellas,No residentes en Espańa,499.32
2020M03,3 estrellas,TOTAL,8499.92
2020M03,3 estrellas,Residentes en Espańa,6759.26
2020M03,3 estrellas,No residentes en Espańa,1740.65
2020M03,1 y 2 estrellas,TOTAL,529.92
2020M03,1 y 2 estrellas,Residentes en Espańa,463.48
2020M03,1 y 2 estrellas,No residentes en Espańa,66.45
2020M03,Hostales y pensiones,TOTAL,1299.14
2020M03,Hostales y pensiones,Residentes en Espańa,1181.77
2020M03,Hostales y pensiones,No residentes en Espańa,117.37
2020M05,TOTAL,TOTAL,1594.8
2020M05,TOTAL,Residentes en Espańa,1537.15
2020M05,TOTAL,No residentes en Espańa,57.65
2020M05,4 y 5 estrellas,TOTAL,25
2020M05,4 y 5 estrellas,Residentes en Espańa,25
2020M05,4 y 5 estrellas,No residentes en Espańa,
2020M05,3 estrellas,TOTAL,867
2020M05,3 estrellas,Residentes en Espańa,856.64
2020M05,3 estrellas,No residentes en Espańa,10.36
2020M05,1 y 2 estrellas,TOTAL,382.86
2020M05,1 y 2 estrellas,Residentes en Espańa,335.57
2020M05,1 y 2 estrellas,No residentes en Espańa,47.29
2020M05,Hostales y pensiones,TOTAL,319.94
2020M05,Hostales y pensiones,Residentes en Espańa,319.94
2020M05,Hostales y pensiones,No residentes en Espańa,
2020M06,TOTAL,TOTAL,10167.94
2020M06,TOTAL,Residentes en Espańa,9161.23
2020M06,TOTAL,No residentes en Espańa,1006.71
2020M06,4 y 5 estrellas,TOTAL,3270
2020M06,4 y 5 estrellas,Residentes en Espańa,2882.57
2020M06,4 y 5 estrellas,No residentes en Espańa,387.43
2020M06,3 estrellas,TOTAL,3418.91
2020M06,3 estrellas,Residentes en Espańa,3118.62
2020M06,3 estrellas,No residentes en Espańa,300.29
2020M06,1 y 2 estrellas,TOTAL,701.29
2020M06,1 y 2 estrellas,Residentes en Espańa,644.14
2020M06,1 y 2 estrellas,No residentes en Espańa,57.14
2020M06,Hostales y pensiones,TOTAL,2777.74
2020M06,Hostales y pensiones,Residentes en Espańa,2515.89
2020M06,Hostales y pensiones,No residentes en Espańa,261.85
2020M07,TOTAL,TOTAL,49321.13
2020M07,TOTAL,Residentes en Espańa,43525.28
2020M07,TOTAL,No residentes en Espańa,5795.85
2020M07,4 y 5 estrellas,TOTAL,16169
2020M07,4 y 5 estrellas,Residentes en Espańa,13997.96
2020M07,4 y 5 estrellas,No residentes en Espańa,2171.04
2020M07,3 estrellas,TOTAL,22623.85
2020M07,3 estrellas,Residentes en Espańa,19764.7
2020M07,3 estrellas,No residentes en Espańa,2859.15
2020M07,1 y 2 estrellas,TOTAL,2847.57
2020M07,1 y 2 estrellas,Residentes en Espańa,2652.71
2020M07,1 y 2 estrellas,No residentes en Espańa,194.86
2020M07,Hostales y pensiones,TOTAL,7680.71
2020M07,Hostales y pensiones,Residentes en Espańa,7109.91
2020M07,Hostales y pensiones,No residentes en Espańa,570.81
2020M08,TOTAL,TOTAL,65449.45
2020M08,TOTAL,Residentes en Espańa,59819.63
2020M08,TOTAL,No residentes en Espańa,5629.83
2020M08,4 y 5 estrellas,TOTAL,21659
2020M08,4 y 5 estrellas,Residentes en Espańa,19860.03
2020M08,4 y 5 estrellas,No residentes en Espańa,1798.97
2020M08,3 estrellas,TOTAL,29853.95
2020M08,3 estrellas,Residentes en Espańa,26919.01
2020M08,3 estrellas,No residentes en Espańa,2934.94
2020M08,1 y 2 estrellas,TOTAL,4323.31
2020M08,1 y 2 estrellas,Residentes en Espańa,4046.85
2020M08,1 y 2 estrellas,No residentes en Espańa,276.46
2020M08,Hostales y pensiones,TOTAL,9613.19
2020M08,Hostales y pensiones,Residentes en Espańa,8993.74
2020M08,Hostales y pensiones,No residentes en Espańa,619.45
2020M09,TOTAL,TOTAL,39125.9
2020M09,TOTAL,Residentes en Espańa,34741.24
2020M09,TOTAL,No residentes en Espańa,4384.66
2020M09,4 y 5 estrellas,TOTAL,13866.3
2020M09,4 y 5 estrellas,Residentes en Espańa,12114.48
2020M09,4 y 5 estrellas,No residentes en Espańa,1751.82
2020M09,3 estrellas,TOTAL,15756.05
2020M09,3 estrellas,Residentes en Espańa,13863.52
2020M09,3 estrellas,No residentes en Espańa,1892.53
2020M09,1 y 2 estrellas,TOTAL,2928.15
2020M09,1 y 2 estrellas,Residentes en Espańa,2676.46
2020M09,1 y 2 estrellas,No residentes en Espańa,251.69
2020M09,Hostales y pensiones,TOTAL,6575.39
2020M09,Hostales y pensiones,Residentes en Espańa,6086.78
2020M09,Hostales y pensiones,No residentes en Espańa,488.61
2020M10,TOTAL,TOTAL,29564.07
2020M10,TOTAL,Residentes en Espańa,26058.87
2020M10,TOTAL,No residentes en Espańa,3505.2
2020M10,4 y 5 estrellas,TOTAL,10210.93
2020M10,4 y 5 estrellas,Residentes en Espańa,8561.01
2020M10,4 y 5 estrellas,No residentes en Espańa,1649.92
2020M10,3 estrellas,TOTAL,13445.03
2020M10,3 estrellas,Residentes en Espańa,11906.49
2020M10,3 estrellas,No residentes en Espańa,1538.54
2020M10,1 y 2 estrellas,TOTAL,2337.57
2020M10,1 y 2 estrellas,Residentes en Espańa,2193.29
2020M10,1 y 2 estrellas,No residentes en Espańa,144.29
2020M10,Hostales y pensiones,TOTAL,3570.55
2020M10,Hostales y pensiones,Residentes en Espańa,3398.09
2020M10,Hostales y pensiones,No residentes en Espańa,172.46
2020M11,TOTAL,TOTAL,10929.41
2020M11,TOTAL,Residentes en Espańa,9303.25
2020M11,TOTAL,No residentes en Espańa,1626.16
2020M11,4 y 5 estrellas,TOTAL,2452
2020M11,4 y 5 estrellas,Residentes en Espańa,1936.02
2020M11,4 y 5 estrellas,No residentes en Espańa,515.98
2020M11,3 estrellas,TOTAL,5460
2020M11,3 estrellas,Residentes en Espańa,4593.54
2020M11,3 estrellas,No residentes en Espańa,866.46
2020M11,1 y 2 estrellas,TOTAL,1230
2020M11,1 y 2 estrellas,Residentes en Espańa,1105.71
2020M11,1 y 2 estrellas,No residentes en Espańa,124.29
2020M11,Hostales y pensiones,TOTAL,1787.41
2020M11,Hostales y pensiones,Residentes en Espańa,1667.97
2020M11,Hostales y pensiones,No residentes en Espańa,119.44
2020M12,TOTAL,TOTAL,11377.16
2020M12,TOTAL,Residentes en Espańa,9977.97
2020M12,TOTAL,No residentes en Espańa,1399.2
2020M12,4 y 5 estrellas,TOTAL,3079
2020M12,4 y 5 estrellas,Residentes en Espańa,2746.53
2020M12,4 y 5 estrellas,No residentes en Espańa,332.47
2020M12,3 estrellas,TOTAL,6019
2020M12,3 estrellas,Residentes en Espańa,5217.71
2020M12,3 estrellas,No residentes en Espańa,801.29
2020M12,1 y 2 estrellas,TOTAL,942.71
2020M12,1 y 2 estrellas,Residentes en Espańa,860.43
2020M12,1 y 2 estrellas,No residentes en Espańa,82.29
2020M12,Hostales y pensiones,TOTAL,1336.45
2020M12,Hostales y pensiones,Residentes en Espańa,1153.29
2020M12,Hostales y pensiones,No residentes en Espańa,183.16
2021M01,TOTAL,TOTAL,8419.56
2021M01,TOTAL,Residentes en Espańa,7602.29
2021M01,TOTAL,No residentes en Espańa,817.28
2021M01,4 y 5 estrellas,TOTAL,1849
2021M01,4 y 5 estrellas,Residentes en Espańa,1684.63
2021M01,4 y 5 estrellas,No residentes en Espańa,164.37
2021M01,3 estrellas,TOTAL,4081.63
2021M01,3 estrellas,Residentes en Espańa,3482.31
2021M01,3 estrellas,No residentes en Espańa,599.33
2021M01,1 y 2 estrellas,TOTAL,523.86
2021M01,1 y 2 estrellas,Residentes en Espańa,486.71
2021M01,1 y 2 estrellas,No residentes en Espańa,37.14
2021M01,Hostales y pensiones,TOTAL,1965.08
2021M01,Hostales y pensiones,Residentes en Espańa,1948.64
2021M01,Hostales y pensiones,No residentes en Espańa,16.44
2021M02,TOTAL,TOTAL,9235.93
2021M02,TOTAL,Residentes en Espańa,8126.32
2021M02,TOTAL,No residentes en Espańa,1109.62
2021M02,4 y 5 estrellas,TOTAL,1935
2021M02,4 y 5 estrellas,Residentes en Espańa,1769.5
2021M02,4 y 5 estrellas,No residentes en Espańa,165.5
2021M02,3 estrellas,TOTAL,4657
2021M02,3 estrellas,Residentes en Espańa,4086.71
2021M02,3 estrellas,No residentes en Espańa,570.29
2021M02,1 y 2 estrellas,TOTAL,883
2021M02,1 y 2 estrellas,Residentes en Espańa,773
2021M02,1 y 2 estrellas,No residentes en Espańa,110
2021M02,Hostales y pensiones,TOTAL,1760.93
2021M02,Hostales y pensiones,Residentes en Espańa,1497.11
2021M02,Hostales y pensiones,No residentes en Espańa,263.83
2021M03,TOTAL,TOTAL,17404.43
2021M03,TOTAL,Residentes en Espańa,15229.25
2021M03,TOTAL,No residentes en Espańa,2175.18
2021M03,4 y 5 estrellas,TOTAL,4586
2021M03,4 y 5 estrellas,Residentes en Espańa,4151.55
2021M03,4 y 5 estrellas,No residentes en Espańa,434.45
2021M03,3 estrellas,TOTAL,8629
2021M03,3 estrellas,Residentes en Espańa,7315.69
2021M03,3 estrellas,No residentes en Espańa,1313.31
2021M03,1 y 2 estrellas,TOTAL,1496.43
2021M03,1 y 2 estrellas,Residentes en Espańa,1395
2021M03,1 y 2 estrellas,No residentes en Espańa,101.43
2021M03,Hostales y pensiones,TOTAL,2693.01
2021M03,Hostales y pensiones,Residentes en Espańa,2367.01
2021M03,Hostales y pensiones,No residentes en Espańa,325.99
2021M04,TOTAL,TOTAL,16796.85
2021M04,TOTAL,Residentes en Espańa,14820.53
2021M04,TOTAL,No residentes en Espańa,1976.32
2021M04,4 y 5 estrellas,TOTAL,4595
2021M04,4 y 5 estrellas,Residentes en Espańa,3808.25
2021M04,4 y 5 estrellas,No residentes en Espańa,786.75
2021M04,3 estrellas,TOTAL,7984
2021M04,3 estrellas,Residentes en Espańa,7085.97
2021M04,3 estrellas,No residentes en Espańa,898.03
2021M04,1 y 2 estrellas,TOTAL,1306.86
2021M04,1 y 2 estrellas,Residentes en Espańa,1266.43
2021M04,1 y 2 estrellas,No residentes en Espańa,40.43
2021M04,Hostales y pensiones,TOTAL,2910.99
2021M04,Hostales y pensiones,Residentes en Espańa,2659.88
2021M04,Hostales y pensiones,No residentes en Espańa,251.11
2021M05,TOTAL,TOTAL,32079.81
2021M05,TOTAL,Residentes en Espańa,28727.16
2021M05,TOTAL,No residentes en Espańa,3352.65
2021M05,4 y 5 estrellas,TOTAL,8263
2021M05,4 y 5 estrellas,Residentes en Espańa,7320.87
2021M05,4 y 5 estrellas,No residentes en Espańa,942.13
2021M05,3 estrellas,TOTAL,16895
2021M05,3 estrellas,Residentes en Espańa,14966.3
2021M05,3 estrellas,No residentes en Espańa,1928.7
2021M05,1 y 2 estrellas,TOTAL,1952.29
2021M05,1 y 2 estrellas,Residentes en Espańa,1838
2021M05,1 y 2 estrellas,No residentes en Espańa,114.29
2021M05,Hostales y pensiones,TOTAL,4969.53
2021M05,Hostales y pensiones,Residentes en Espańa,4601.99
2021M05,Hostales y pensiones,No residentes en Espańa,367.54
2021M06,TOTAL,TOTAL,46972.7
2021M06,TOTAL,Residentes en Espańa,40408.9
2021M06,TOTAL,No residentes en Espańa,6563.8
2021M06,4 y 5 estrellas,TOTAL,16113
2021M06,4 y 5 estrellas,Residentes en Espańa,12871.73
2021M06,4 y 5 estrellas,No residentes en Espańa,3241.27
2021M06,3 estrellas,TOTAL,21769
2021M06,3 estrellas,Residentes en Espańa,19221.36
2021M06,3 estrellas,No residentes en Espańa,2547.64
2021M06,1 y 2 estrellas,TOTAL,3311.86
2021M06,1 y 2 estrellas,Residentes en Espańa,3081.29
2021M06,1 y 2 estrellas,No residentes en Espańa,230.57
2021M06,Hostales y pensiones,TOTAL,5778.84
2021M06,Hostales y pensiones,Residentes en Espańa,5234.52
2021M06,Hostales y pensiones,No residentes en Espańa,544.32
2021M07,TOTAL,TOTAL,74048.84
2021M07,TOTAL,Residentes en Espańa,64460.09
2021M07,TOTAL,No residentes en Espańa,9588.74
2021M07,4 y 5 estrellas,TOTAL,25577.17
2021M07,4 y 5 estrellas,Residentes en Espańa,21197.82
2021M07,4 y 5 estrellas,No residentes en Espańa,4379.36
2021M07,3 estrellas,TOTAL,32011.68
2021M07,3 estrellas,Residentes en Espańa,28218.88
2021M07,3 estrellas,No residentes en Espańa,3792.8
2021M07,1 y 2 estrellas,TOTAL,5433.14
2021M07,1 y 2 estrellas,Residentes en Espańa,4976
2021M07,1 y 2 estrellas,No residentes en Espańa,457.14
2021M07,Hostales y pensiones,TOTAL,11026.84
2021M07,Hostales y pensiones,Residentes en Espańa,10067.4
2021M07,Hostales y pensiones,No residentes en Espańa,959.44
2021M08,TOTAL,TOTAL,122226.11
2021M08,TOTAL,Residentes en Espańa,106991.38
2021M08,TOTAL,No residentes en Espańa,15234.73
2021M08,4 y 5 estrellas,TOTAL,40444.61
2021M08,4 y 5 estrellas,Residentes en Espańa,34534.82
2021M08,4 y 5 estrellas,No residentes en Espańa,5909.79
2021M08,3 estrellas,TOTAL,53519.13
2021M08,3 estrellas,Residentes en Espańa,47521.29
2021M08,3 estrellas,No residentes en Espańa,5997.84
2021M08,1 y 2 estrellas,TOTAL,9343.32
2021M08,1 y 2 estrellas,Residentes en Espańa,8726.25
2021M08,1 y 2 estrellas,No residentes en Espańa,617.07
2021M08,Hostales y pensiones,TOTAL,18919.04
2021M08,Hostales y pensiones,Residentes en Espańa,16209.02
2021M08,Hostales y pensiones,No residentes en Espańa,2710.02
2021M09,TOTAL,TOTAL,85262.49
2021M09,TOTAL,Residentes en Espańa,65909.1
2021M09,TOTAL,No residentes en Espańa,19353.39
2021M09,4 y 5 estrellas,TOTAL,28281.03
2021M09,4 y 5 estrellas,Residentes en Espańa,21701.96
2021M09,4 y 5 estrellas,No residentes en Espańa,6579.07
2021M09,3 estrellas,TOTAL,38197.54
2021M09,3 estrellas,Residentes en Espańa,29780.86
2021M09,3 estrellas,No residentes en Espańa,8416.68
2021M09,1 y 2 estrellas,TOTAL,5673.43
2021M09,1 y 2 estrellas,Residentes en Espańa,5042.14
2021M09,1 y 2 estrellas,No residentes en Espańa,631.29
2021M09,Hostales y pensiones,TOTAL,13110.48
2021M09,Hostales y pensiones,Residentes en Espańa,9384.12
2021M09,Hostales y pensiones,No residentes en Espańa,3726.36
2021M10,TOTAL,TOTAL,93656.04
2021M10,TOTAL,Residentes en Espańa,78241.82
2021M10,TOTAL,No residentes en Espańa,15414.21
2021M10,4 y 5 estrellas,TOTAL,34632
2021M10,4 y 5 estrellas,Residentes en Espańa,27760.04
2021M10,4 y 5 estrellas,No residentes en Espańa,6871.96
2021M10,3 estrellas,TOTAL,40431.19
2021M10,3 estrellas,Residentes en Espańa,34279.62
2021M10,3 estrellas,No residentes en Espańa,6151.57
2021M10,1 y 2 estrellas,TOTAL,5807.71
2021M10,1 y 2 estrellas,Residentes en Espańa,5325.14
2021M10,1 y 2 estrellas,No residentes en Espańa,482.57
2021M10,Hostales y pensiones,TOTAL,12785.14
2021M10,Hostales y pensiones,Residentes en Espańa,10877.03
2021M10,Hostales y pensiones,No residentes en Espańa,1908.11
2021M11,TOTAL,TOTAL,63772.6
2021M11,TOTAL,Residentes en Espańa,56667.06
2021M11,TOTAL,No residentes en Espańa,7105.54
2021M11,4 y 5 estrellas,TOTAL,26128
2021M11,4 y 5 estrellas,Residentes en Espańa,22433.16
2021M11,4 y 5 estrellas,No residentes en Espańa,3694.84
2021M11,3 estrellas,TOTAL,27035
2021M11,3 estrellas,Residentes en Espańa,24048.07
2021M11,3 estrellas,No residentes en Espańa,2986.93
2021M11,1 y 2 estrellas,TOTAL,2964.71
2021M11,1 y 2 estrellas,Residentes en Espańa,2807.86
2021M11,1 y 2 estrellas,No residentes en Espańa,156.86
2021M11,Hostales y pensiones,TOTAL,7644.89
2021M11,Hostales y pensiones,Residentes en Espańa,7377.98
2021M11,Hostales y pensiones,No residentes en Espańa,266.91
2021M12,TOTAL,TOTAL,50979.74
2021M12,TOTAL,Residentes en Espańa,45448.79
2021M12,TOTAL,No residentes en Espańa,5530.95
2021M12,4 y 5 estrellas,TOTAL,19970
2021M12,4 y 5 estrellas,Residentes en Espańa,17367.84
2021M12,4 y 5 estrellas,No residentes en Espańa,2602.16
2021M12,3 estrellas,TOTAL,19732.38
2021M12,3 estrellas,Residentes en Espańa,17595
2021M12,3 estrellas,No residentes en Espańa,2137.38
2021M12,1 y 2 estrellas,TOTAL,2039.29
2021M12,1 y 2 estrellas,Residentes en Espańa,1827.36
2021M12,1 y 2 estrellas,No residentes en Espańa,211.94
2021M12,Hostales y pensiones,TOTAL,9238.06
2021M12,Hostales y pensiones,Residentes en Espańa,8658.6
2021M12,Hostales y pensiones,No residentes en Espańa,579.47
2022M01,TOTAL,TOTAL,31064.94
2022M01,TOTAL,Residentes en Espańa,26859.76
2022M01,TOTAL,No residentes en Espańa,4205.18
2022M01,4 y 5 estrellas,TOTAL,12641
2022M01,4 y 5 estrellas,Residentes en Espańa,10849.24
2022M01,4 y 5 estrellas,No residentes en Espańa,1791.76
2022M01,3 estrellas,TOTAL,12580
2022M01,3 estrellas,Residentes en Espańa,10581.45
2022M01,3 estrellas,No residentes en Espańa,1998.55
2022M01,1 y 2 estrellas,TOTAL,1829.86
2022M01,1 y 2 estrellas,Residentes en Espańa,1564.43
2022M01,1 y 2 estrellas,No residentes en Espańa,265.43
2022M01,Hostales y pensiones,TOTAL,4014.09
2022M01,Hostales y pensiones,Residentes en Espańa,3864.65
2022M01,Hostales y pensiones,No residentes en Espańa,149.44
2022M02,TOTAL,TOTAL,46287.86
2022M02,TOTAL,Residentes en Espańa,40388.72
2022M02,TOTAL,No residentes en Espańa,5899.13
2022M02,4 y 5 estrellas,TOTAL,18938
2022M02,4 y 5 estrellas,Residentes en Espańa,16736.77
2022M02,4 y 5 estrellas,No residentes en Espańa,2201.23
2022M02,3 estrellas,TOTAL,20125
2022M02,3 estrellas,Residentes en Espańa,17116.26
2022M02,3 estrellas,No residentes en Espańa,3008.74
2022M02,1 y 2 estrellas,TOTAL,2182.04
2022M02,1 y 2 estrellas,Residentes en Espańa,2075.33
2022M02,1 y 2 estrellas,No residentes en Espańa,106.71
2022M02,Hostales y pensiones,TOTAL,5042.82
2022M02,Hostales y pensiones,Residentes en Espańa,4460.36
2022M02,Hostales y pensiones,No residentes en Espańa,582.46
2022M03,TOTAL,TOTAL,55306.85
2022M03,TOTAL,Residentes en Espańa,45779.08
2022M03,TOTAL,No residentes en Espańa,9527.77
2022M03,4 y 5 estrellas,TOTAL,21579
2022M03,4 y 5 estrellas,Residentes en Espańa,16991.39
2022M03,4 y 5 estrellas,No residentes en Espańa,4587.61
2022M03,3 estrellas,TOTAL,24361.31
2022M03,3 estrellas,Residentes en Espańa,20939.31
2022M03,3 estrellas,No residentes en Espańa,3422
2022M03,1 y 2 estrellas,TOTAL,2801
2022M03,1 y 2 estrellas,Residentes en Espańa,2326.57
2022M03,1 y 2 estrellas,No residentes en Espańa,474.43
2022M03,Hostales y pensiones,TOTAL,6565.54
2022M03,Hostales y pensiones,Residentes en Espańa,5521.81
2022M03,Hostales y pensiones,No residentes en Espańa,1043.74
2022M04,TOTAL,TOTAL,86260.23
2022M04,TOTAL,Residentes en Espańa,70378.32
2022M04,TOTAL,No residentes en Espańa,15881.91
2022M04,4 y 5 estrellas,TOTAL,29492
2022M04,4 y 5 estrellas,Residentes en Espańa,23700.21
2022M04,4 y 5 estrellas,No residentes en Espańa,5791.79
2022M04,3 estrellas,TOTAL,36299.61
2022M04,3 estrellas,Residentes en Espańa,30467.34
2022M04,3 estrellas,No residentes en Espańa,5832.26
2022M04,1 y 2 estrellas,TOTAL,5121.14
2022M04,1 y 2 estrellas,Residentes en Espańa,4530.43
2022M04,1 y 2 estrellas,No residentes en Espańa,590.71
2022M04,Hostales y pensiones,TOTAL,15347.48
2022M04,Hostales y pensiones,Residentes en Espańa,11680.33
2022M04,Hostales y pensiones,No residentes en Espańa,3667.15
2022M05,TOTAL,TOTAL,84224.64
2022M05,TOTAL,Residentes en Espańa,59987.1
2022M05,TOTAL,No residentes en Espańa,24237.55
2022M05,4 y 5 estrellas,TOTAL,30411
2022M05,4 y 5 estrellas,Residentes en Espańa,20772.91
2022M05,4 y 5 estrellas,No residentes en Espańa,9638.09
2022M05,3 estrellas,TOTAL,34477.58
2022M05,3 estrellas,Residentes en Espańa,25624.53
2022M05,3 estrellas,No residentes en Espańa,8853.05
2022M05,1 y 2 estrellas,TOTAL,4628.07
2022M05,1 y 2 estrellas,Residentes en Espańa,3813.48
2022M05,1 y 2 estrellas,No residentes en Espańa,814.6
2022M05,Hostales y pensiones,TOTAL,14707.99
2022M05,Hostales y pensiones,Residentes en Espańa,9776.18
2022M05,Hostales y pensiones,No residentes en Espańa,4931.81
2022M06,TOTAL,TOTAL,82620.76
2022M06,TOTAL,Residentes en Espańa,60502.57
2022M06,TOTAL,No residentes en Espańa,22118.19
2022M06,4 y 5 estrellas,TOTAL,31380.12
2022M06,4 y 5 estrellas,Residentes en Espańa,21503.75
2022M06,4 y 5 estrellas,No residentes en Espańa,9876.37
2022M06,3 estrellas,TOTAL,34529.07
2022M06,3 estrellas,Residentes en Espańa,26128.05
2022M06,3 estrellas,No residentes en Espańa,8401.02
2022M06,1 y 2 estrellas,TOTAL,4160.29
2022M06,1 y 2 estrellas,Residentes en Espańa,3494.74
2022M06,1 y 2 estrellas,No residentes en Espańa,665.54
2022M06,Hostales y pensiones,TOTAL,12551.28
2022M06,Hostales y pensiones,Residentes en Espańa,9376.02
2022M06,Hostales y pensiones,No residentes en Espańa,3175.26
2022M07,TOTAL,TOTAL,89567.78
2022M07,TOTAL,Residentes en Espańa,71304.24
2022M07,TOTAL,No residentes en Espańa,18263.54
2022M07,4 y 5 estrellas,TOTAL,32121
2022M07,4 y 5 estrellas,Residentes en Espańa,24810.27
2022M07,4 y 5 estrellas,No residentes en Espańa,7310.73
2022M07,3 estrellas,TOTAL,37664.08
2022M07,3 estrellas,Residentes en Espańa,30340.06
2022M07,3 estrellas,No residentes en Espańa,7324.01
2022M07,1 y 2 estrellas,TOTAL,5241.55
2022M07,1 y 2 estrellas,Residentes en Espańa,4748.38
2022M07,1 y 2 estrellas,No residentes en Espańa,493.16
2022M07,Hostales y pensiones,TOTAL,14541.15
2022M07,Hostales y pensiones,Residentes en Espańa,11405.53
2022M07,Hostales y pensiones,No residentes en Espańa,3135.63
2022M08,TOTAL,TOTAL,122344.14
2022M08,TOTAL,Residentes en Espańa,101516.12
2022M08,TOTAL,No residentes en Espańa,20828.01
2022M08,4 y 5 estrellas,TOTAL,41477.72
2022M08,4 y 5 estrellas,Residentes en Espańa,33670.29
2022M08,4 y 5 estrellas,No residentes en Espańa,7807.42
2022M08,3 estrellas,TOTAL,51987.05
2022M08,3 estrellas,Residentes en Espańa,43177.75
2022M08,3 estrellas,No residentes en Espańa,8809.3
2022M08,1 y 2 estrellas,TOTAL,8306.29
2022M08,1 y 2 estrellas,Residentes en Espańa,7633.86
2022M08,1 y 2 estrellas,No residentes en Espańa,672.43
2022M08,Hostales y pensiones,TOTAL,20573.09
2022M08,Hostales y pensiones,Residentes en Espańa,17034.22
2022M08,Hostales y pensiones,No residentes en Espańa,3538.86
2022M09,TOTAL,TOTAL,99355.91
2022M09,TOTAL,Residentes en Espańa,71319.16
2022M09,TOTAL,No residentes en Espańa,28036.75
2022M09,4 y 5 estrellas,TOTAL,36540
2022M09,4 y 5 estrellas,Residentes en Espańa,24046.31
2022M09,4 y 5 estrellas,No residentes en Espańa,12493.69
2022M09,3 estrellas,TOTAL,42742
2022M09,3 estrellas,Residentes en Espańa,31236.76
2022M09,3 estrellas,No residentes en Espańa,11505.24
2022M09,1 y 2 estrellas,TOTAL,5804.41
2022M09,1 y 2 estrellas,Residentes en Espańa,4962.15
2022M09,1 y 2 estrellas,No residentes en Espańa,842.25
2022M09,Hostales y pensiones,TOTAL,14269.5
2022M09,Hostales y pensiones,Residentes en Espańa,11073.94
2022M09,Hostales y pensiones,No residentes en Espańa,3195.57
2022M10,TOTAL,TOTAL,95703.29
2022M10,TOTAL,Residentes en Espańa,76551.94
2022M10,TOTAL,No residentes en Espańa,19151.35
2022M10,4 y 5 estrellas,TOTAL,36452
2022M10,4 y 5 estrellas,Residentes en Espańa,27641.12
2022M10,4 y 5 estrellas,No residentes en Espańa,8810.88
2022M10,3 estrellas,TOTAL,43749.83
2022M10,3 estrellas,Residentes en Espańa,35335.23
2022M10,3 estrellas,No residentes en Espańa,8414.59
2022M10,1 y 2 estrellas,TOTAL,4242.05
2022M10,1 y 2 estrellas,Residentes en Espańa,3776.18
2022M10,1 y 2 estrellas,No residentes en Espańa,465.87
2022M10,Hostales y pensiones,TOTAL,11259.42
2022M10,Hostales y pensiones,Residentes en Espańa,9799.42
2022M10,Hostales y pensiones,No residentes en Espańa,1460
2022M11,TOTAL,TOTAL,66514.32
2022M11,TOTAL,Residentes en Espańa,57563.41
2022M11,TOTAL,No residentes en Espańa,8950.91
2022M11,4 y 5 estrellas,TOTAL,25893.69
2022M11,4 y 5 estrellas,Residentes en Espańa,21882.06
2022M11,4 y 5 estrellas,No residentes en Espańa,4011.63
2022M11,3 estrellas,TOTAL,29836.95
2022M11,3 estrellas,Residentes en Espańa,26249.31
2022M11,3 estrellas,No residentes en Espańa,3587.64
2022M11,1 y 2 estrellas,TOTAL,2872.48
2022M11,1 y 2 estrellas,Residentes en Espańa,2585.55
2022M11,1 y 2 estrellas,No residentes en Espańa,286.93
2022M11,Hostales y pensiones,TOTAL,7911.19
2022M11,Hostales y pensiones,Residentes en Espańa,6846.49
2022M11,Hostales y pensiones,No residentes en Espańa,1064.71
2022M12,TOTAL,TOTAL,57509.66
2022M12,TOTAL,Residentes en Espańa,51554.64
2022M12,TOTAL,No residentes en Espańa,5955.02
2022M12,4 y 5 estrellas,TOTAL,24915.91
2022M12,4 y 5 estrellas,Residentes en Espańa,22183.74
2022M12,4 y 5 estrellas,No residentes en Espańa,2732.17
2022M12,3 estrellas,TOTAL,25790
2022M12,3 estrellas,Residentes en Espańa,23071.35
2022M12,3 estrellas,No residentes en Espańa,2718.65
2022M12,1 y 2 estrellas,TOTAL,1311.1
2022M12,1 y 2 estrellas,Residentes en Espańa,1231.01
2022M12,1 y 2 estrellas,No residentes en Espańa,80.09
2022M12,Hostales y pensiones,TOTAL,5492.65
2022M12,Hostales y pensiones,Residentes en Espańa,5068.55
2022M12,Hostales y pensiones,No residentes en Espańa,424.11
2023M01,TOTAL,TOTAL,39939.01
2023M01,TOTAL,Residentes en Espańa,35717.95
2023M01,TOTAL,No residentes en Espańa,4221.06
2023M01,4 y 5 estrellas,TOTAL,17154
2023M01,4 y 5 estrellas,Residentes en Espańa,15108.38
2023M01,4 y 5 estrellas,No residentes en Espańa,2045.62
2023M01,3 estrellas,TOTAL,18145
2023M01,3 estrellas,Residentes en Espańa,16167.67
2023M01,3 estrellas,No residentes en Espańa,1977.33
2023M01,1 y 2 estrellas,TOTAL,1886.4
2023M01,1 y 2 estrellas,Residentes en Espańa,1776.85
2023M01,1 y 2 estrellas,No residentes en Espańa,109.55
2023M01,Hostales y pensiones,TOTAL,2753.62
2023M01,Hostales y pensiones,Residentes en Espańa,2665.04
2023M01,Hostales y pensiones,No residentes en Espańa,88.57
2023M02,TOTAL,TOTAL,55475.75
2023M02,TOTAL,Residentes en Espańa,50080.23
2023M02,TOTAL,No residentes en Espańa,5395.52
2023M02,4 y 5 estrellas,TOTAL,22046
2023M02,4 y 5 estrellas,Residentes en Espańa,19600.47
2023M02,4 y 5 estrellas,No residentes en Espańa,2445.53
2023M02,3 estrellas,TOTAL,24729
2023M02,3 estrellas,Residentes en Espańa,22249.22
2023M02,3 estrellas,No residentes en Espańa,2479.78
2023M02,1 y 2 estrellas,TOTAL,3160.24
2023M02,1 y 2 estrellas,Residentes en Espańa,2938.96
2023M02,1 y 2 estrellas,No residentes en Espańa,221.29
2023M02,Hostales y pensiones,TOTAL,5540.51
2023M02,Hostales y pensiones,Residentes en Espańa,5291.59
2023M02,Hostales y pensiones,No residentes en Espańa,248.92
2023M03,TOTAL,TOTAL,66497.53
2023M03,TOTAL,Residentes en Espańa,58312.3
2023M03,TOTAL,No residentes en Espańa,8185.23
2023M03,4 y 5 estrellas,TOTAL,25807.59
2023M03,4 y 5 estrellas,Residentes en Espańa,21921.84
2023M03,4 y 5 estrellas,No residentes en Espańa,3885.75
2023M03,3 estrellas,TOTAL,29715
2023M03,3 estrellas,Residentes en Espańa,26333.01
2023M03,3 estrellas,No residentes en Espańa,3381.99
2023M03,1 y 2 estrellas,TOTAL,3407.36
2023M03,1 y 2 estrellas,Residentes en Espańa,3140.04
2023M03,1 y 2 estrellas,No residentes en Espańa,267.32
2023M03,Hostales y pensiones,TOTAL,7567.58
2023M03,Hostales y pensiones,Residentes en Espańa,6917.42
2023M03,Hostales y pensiones,No residentes en Espańa,650.16
2023M04,TOTAL,TOTAL,93733.52
2023M04,TOTAL,Residentes en Espańa,75866.66
2023M04,TOTAL,No residentes en Espańa,17866.85
2023M04,4 y 5 estrellas,TOTAL,32122.76
2023M04,4 y 5 estrellas,Residentes en Espańa,23276.65
2023M04,4 y 5 estrellas,No residentes en Espańa,8846.11
2023M04,3 estrellas,TOTAL,42104.84
2023M04,3 estrellas,Residentes en Espańa,35642.09
2023M04,3 estrellas,No residentes en Espańa,6462.75
2023M04,1 y 2 estrellas,TOTAL,5504.82
2023M04,1 y 2 estrellas,Residentes en Espańa,4880.04
2023M04,1 y 2 estrellas,No residentes en Espańa,624.77
2023M04,Hostales y pensiones,TOTAL,14001.1
2023M04,Hostales y pensiones,Residentes en Espańa,12067.88
2023M04,Hostales y pensiones,No residentes en Espańa,1933.22
2023M05,TOTAL,TOTAL,95388.99
2023M05,TOTAL,Residentes en Espańa,64436.67
2023M05,TOTAL,No residentes en Espańa,30952.32
2023M05,4 y 5 estrellas,TOTAL,34167.01
2023M05,4 y 5 estrellas,Residentes en Espańa,18798.47
2023M05,4 y 5 estrellas,No residentes en Espańa,15368.53
2023M05,3 estrellas,TOTAL,41823.47
2023M05,3 estrellas,Residentes en Espańa,31144.43
2023M05,3 estrellas,No residentes en Espańa,10679.04
2023M05,1 y 2 estrellas,TOTAL,5107.17
2023M05,1 y 2 estrellas,Residentes en Espańa,3668.36
2023M05,1 y 2 estrellas,No residentes en Espańa,1438.8
2023M05,Hostales y pensiones,TOTAL,14291.35
2023M05,Hostales y pensiones,Residentes en Espańa,10825.41
2023M05,Hostales y pensiones,No residentes en Espańa,3465.94
2023M06,TOTAL,TOTAL,91983.32
2023M06,TOTAL,Residentes en Espańa,68775.92
2023M06,TOTAL,No residentes en Espańa,23207.39
2023M06,4 y 5 estrellas,TOTAL,35111.28
2023M06,4 y 5 estrellas,Residentes en Espańa,22768.69
2023M06,4 y 5 estrellas,No residentes en Espańa,12342.58
2023M06,3 estrellas,TOTAL,40792.62
2023M06,3 estrellas,Residentes en Espańa,32547.78
2023M06,3 estrellas,No residentes en Espańa,8244.83
2023M06,1 y 2 estrellas,TOTAL,4807.04
2023M06,1 y 2 estrellas,Residentes en Espańa,4090.9
2023M06,1 y 2 estrellas,No residentes en Espańa,716.14
2023M06,Hostales y pensiones,TOTAL,11272.38
2023M06,Hostales y pensiones,Residentes en Espańa,9368.54
2023M06,Hostales y pensiones,No residentes en Espańa,1903.84
2023M07,TOTAL,TOTAL,93926.58
2023M07,TOTAL,Residentes en Espańa,73713.01
2023M07,TOTAL,No residentes en Espańa,20213.57
2023M07,4 y 5 estrellas,TOTAL,34795.85
2023M07,4 y 5 estrellas,Residentes en Espańa,24449.07
2023M07,4 y 5 estrellas,No residentes en Espańa,10346.78
2023M07,3 estrellas,TOTAL,40289.48
2023M07,3 estrellas,Residentes en Espańa,33333.5
2023M07,3 estrellas,No residentes en Espańa,6955.99
2023M07,1 y 2 estrellas,TOTAL,5130.77
2023M07,1 y 2 estrellas,Residentes en Espańa,4516.44
2023M07,1 y 2 estrellas,No residentes en Espańa,614.34
2023M07,Hostales y pensiones,TOTAL,13710.47
2023M07,Hostales y pensiones,Residentes en Espańa,11414.01
2023M07,Hostales y pensiones,No residentes en Espańa,2296.46
2023M08,TOTAL,TOTAL,117833.5
2023M08,TOTAL,Residentes en Espańa,95660.53
2023M08,TOTAL,No residentes en Espańa,22172.97
2023M08,4 y 5 estrellas,TOTAL,41436.87
2023M08,4 y 5 estrellas,Residentes en Espańa,31416.41
2023M08,4 y 5 estrellas,No residentes en Espańa,10020.46
2023M08,3 estrellas,TOTAL,55693.22
2023M08,3 estrellas,Residentes en Espańa,47295.33
2023M08,3 estrellas,No residentes en Espańa,8397.89
2023M08,1 y 2 estrellas,TOTAL,6010.85
2023M08,1 y 2 estrellas,Residentes en Espańa,5538.98
2023M08,1 y 2 estrellas,No residentes en Espańa,471.87
2023M08,Hostales y pensiones,TOTAL,14692.55
2023M08,Hostales y pensiones,Residentes en Espańa,11409.81
2023M08,Hostales y pensiones,No residentes en Espańa,3282.74
2023M09,TOTAL,TOTAL,104707.72
2023M09,TOTAL,Residentes en Espańa,70292.18
2023M09,TOTAL,No residentes en Espańa,34415.54
2023M09,4 y 5 estrellas,TOTAL,41391.96
2023M09,4 y 5 estrellas,Residentes en Espańa,24492.07
2023M09,4 y 5 estrellas,No residentes en Espańa,16899.89
2023M09,3 estrellas,TOTAL,44984.79
2023M09,3 estrellas,Residentes en Espańa,32058.81
2023M09,3 estrellas,No residentes en Espańa,12925.97
2023M09,1 y 2 estrellas,TOTAL,6695.47
2023M09,1 y 2 estrellas,Residentes en Espańa,5369.13
2023M09,1 y 2 estrellas,No residentes en Espańa,1326.34
2023M09,Hostales y pensiones,TOTAL,11635.5
2023M09,Hostales y pensiones,Residentes en Espańa,8372.17
2023M09,Hostales y pensiones,No residentes en Espańa,3263.33
2023M10,TOTAL,TOTAL,96798.48
2023M10,TOTAL,Residentes en Espańa,74298.63
2023M10,TOTAL,No residentes en Espańa,22499.85
2023M10,4 y 5 estrellas,TOTAL,40105
2023M10,4 y 5 estrellas,Residentes en Espańa,26816.65
2023M10,4 y 5 estrellas,No residentes en Espańa,13288.35
2023M10,3 estrellas,TOTAL,41737.68
2023M10,3 estrellas,Residentes en Espańa,34809.18
2023M10,3 estrellas,No residentes en Espańa,6928.5
2023M10,1 y 2 estrellas,TOTAL,5529.29
2023M10,1 y 2 estrellas,Residentes en Espańa,4840.66
2023M10,1 y 2 estrellas,No residentes en Espańa,688.63
2023M10,Hostales y pensiones,TOTAL,9426.51
2023M10,Hostales y pensiones,Residentes en Espańa,7832.14
2023M10,Hostales y pensiones,No residentes en Espańa,1594.38
2023M11,TOTAL,TOTAL,69472.22
2023M11,TOTAL,Residentes en Espańa,59301.56
2023M11,TOTAL,No residentes en Espańa,10170.66
2023M11,4 y 5 estrellas,TOTAL,29287.56
2023M11,4 y 5 estrellas,Residentes en Espańa,23305.64
2023M11,4 y 5 estrellas,No residentes en Espańa,5981.92
2023M11,3 estrellas,TOTAL,31085.65
2023M11,3 estrellas,Residentes en Espańa,27704.72
2023M11,3 estrellas,No residentes en Espańa,3380.93
2023M11,1 y 2 estrellas,TOTAL,3027.13
2023M11,1 y 2 estrellas,Residentes en Espańa,2655.27
2023M11,1 y 2 estrellas,No residentes en Espańa,371.86
2023M11,Hostales y pensiones,TOTAL,6071.88
2023M11,Hostales y pensiones,Residentes en Espańa,5635.93
2023M11,Hostales y pensiones,No residentes en Espańa,435.95
2023M12,TOTAL,TOTAL,62757.41
2023M12,TOTAL,Residentes en Espańa,56746.93
2023M12,TOTAL,No residentes en Espańa,6010.48
2023M12,4 y 5 estrellas,TOTAL,27075.73
2023M12,4 y 5 estrellas,Residentes en Espańa,24293.59
2023M12,4 y 5 estrellas,No residentes en Espańa,2782.14
2023M12,3 estrellas,TOTAL,28261
2023M12,3 estrellas,Residentes en Espańa,25542.1
2023M12,3 estrellas,No residentes en Espańa,2718.9
2023M12,1 y 2 estrellas,TOTAL,2383.81
2023M12,1 y 2 estrellas,Residentes en Espańa,2219.7
2023M12,1 y 2 estrellas,No residentes en Espańa,164.11
2023M12,Hostales y pensiones,TOTAL,5036.87
2023M12,Hostales y pensiones,Residentes en Espańa,4691.54
2023M12,Hostales y pensiones,No residentes en Espańa,345.33
2024M01,TOTAL,TOTAL,43247.51
2024M01,TOTAL,Residentes en Espańa,37333.56
2024M01,TOTAL,No residentes en Espańa,5913.95
2024M01,4 y 5 estrellas,TOTAL,19115.8
2024M01,4 y 5 estrellas,Residentes en Espańa,16033.31
2024M01,4 y 5 estrellas,No residentes en Espańa,3082.49
2024M01,3 estrellas,TOTAL,19985.75
2024M01,3 estrellas,Residentes en Espańa,17389.94
2024M01,3 estrellas,No residentes en Espańa,2595.82
2024M01,1 y 2 estrellas,TOTAL,1031.68
2024M01,1 y 2 estrellas,Residentes en Espańa,885.71
2024M01,1 y 2 estrellas,No residentes en Espańa,145.97
2024M01,Hostales y pensiones,TOTAL,3114.27
2024M01,Hostales y pensiones,Residentes en Espańa,3024.61
2024M01,Hostales y pensiones,No residentes en Espańa,89.66
2024M02,TOTAL,TOTAL,57159.96
2024M02,TOTAL,Residentes en Espańa,50040.24
2024M02,TOTAL,No residentes en Espańa,7119.72
2024M02,4 y 5 estrellas,TOTAL,25537
2024M02,4 y 5 estrellas,Residentes en Espańa,21848.41
2024M02,4 y 5 estrellas,No residentes en Espańa,3688.59
2024M02,3 estrellas,TOTAL,24947.52
2024M02,3 estrellas,Residentes en Espańa,22313.73
2024M02,3 estrellas,No residentes en Espańa,2633.79
2024M02,1 y 2 estrellas,TOTAL,2000.79
2024M02,1 y 2 estrellas,Residentes en Espańa,1798.68
2024M02,1 y 2 estrellas,No residentes en Espańa,202.1
2024M02,Hostales y pensiones,TOTAL,4674.65
2024M02,Hostales y pensiones,Residentes en Espańa,4079.42
2024M02,Hostales y pensiones,No residentes en Espańa,595.24
2024M03,TOTAL,TOTAL,80438.97
2024M03,TOTAL,Residentes en Espańa,69200.71
2024M03,TOTAL,No residentes en Espańa,11238.27
2024M03,4 y 5 estrellas,TOTAL,33263
2024M03,4 y 5 estrellas,Residentes en Espańa,27799.17
2024M03,4 y 5 estrellas,No residentes en Espańa,5463.83
2024M03,3 estrellas,TOTAL,33606.03
2024M03,3 estrellas,Residentes en Espańa,29201.69
2024M03,3 estrellas,No residentes en Espańa,4404.34
2024M03,1 y 2 estrellas,TOTAL,4540.32
2024M03,1 y 2 estrellas,Residentes en Espańa,3979.93
2024M03,1 y 2 estrellas,No residentes en Espańa,560.39
2024M03,Hostales y pensiones,TOTAL,9029.63
2024M03,Hostales y pensiones,Residentes en Espańa,8219.92
2024M03,Hostales y pensiones,No residentes en Espańa,809.71
