Periodo,Categoría,Residencia viajero,DATA,Fecha
2015M01,TOTAL,TOTAL,2736773,2015-01-01
2015M01,TOTAL,Residentes en Espańa,2444523,2015-01-01
2015M01,TOTAL,No residentes en Espańa,29225,2015-01-01
2015M01,4 y 5 estrellas,TOTAL,10658,2015-01-01
2015M01,4 y 5 estrellas,Residentes en Espańa,923784,2015-01-01
2015M01,4 y 5 estrellas,No residentes en Espańa,142016,2015-01-01
2015M01,3 estrellas,TOTAL,12837,2015-01-01
2015M01,3 estrellas,Residentes en Espańa,1165395,2015-01-01
2015M01,3 estrellas,No residentes en Espańa,118305,2015-01-01
2015M01,1 y 2 estrellas,TOTAL,83257,2015-01-01
2015M01,1 y 2 estrellas,Residentes en Espańa,806,2015-01-01
2015M01,1 y 2 estrellas,No residentes en Espańa,2657,2015-01-01
2015M01,Hostales y pensiones,TOTAL,304016,2015-01-01
2015M01,Hostales y pensiones,Residentes en Espańa,274745,2015-01-01
2015M01,Hostales y pensiones,No residentes en Espańa,29271,2015-01-01
2015M02,TOTAL,TOTAL,3061119,2015-02-01
2015M02,TOTAL,Residentes en Espańa,2775486,2015-02-01
2015M02,TOTAL,No residentes en Espańa,285634,2015-02-01
2015M02,4 y 5 estrellas,TOTAL,11215,2015-02-01
2015M02,4 y 5 estrellas,Residentes en Espańa,999469,2015-02-01
2015M02,4 y 5 estrellas,No residentes en Espańa,122031,2015-02-01
2015M02,3 estrellas,TOTAL,14433,2015-02-01
2015M02,3 estrellas,Residentes en Espańa,1317052,2015-02-01
2015M02,3 estrellas,No residentes en Espańa,126248,2015-02-01
2015M02,1 y 2 estrellas,TOTAL,1372,2015-02-01
2015M02,1 y 2 estrellas,Residentes en Espańa,1232,2015-02-01
2015M02,1 y 2 estrellas,No residentes en Espańa,140,2015-02-01
2015M02,Hostales y pensiones,TOTAL,359119,2015-02-01
2015M02,Hostales y pensiones,Residentes en Espańa,335764,2015-02-01
2015M02,Hostales y pensiones,No residentes en Espańa,23355,2015-02-01
2015M03,TOTAL,TOTAL,4365397,2015-03-01
2015M03,TOTAL,Residentes en Espańa,3951752,2015-03-01
2015M03,TOTAL,No residentes en Espańa,413645,2015-03-01
2015M03,4 y 5 estrellas,TOTAL,15901,2015-03-01
2015M03,4 y 5 estrellas,Residentes en Espańa,1435958,2015-03-01
2015M03,4 y 5 estrellas,No residentes en Espańa,154142,2015-03-01
2015M03,3 estrellas,TOTAL,20368,2015-03-01
2015M03,3 estrellas,Residentes en Espańa,1831018,2015-03-01
2015M03,3 estrellas,No residentes en Espańa,205782,2015-03-01
2015M03,1 y 2 estrellas,TOTAL,205486,2015-03-01
2015M03,1 y 2 estrellas,Residentes en Espańa,193971,2015-03-01
2015M03,1 y 2 estrellas,No residentes en Espańa,11514,2015-03-01
2015M03,Hostales y pensiones,TOTAL,533011,2015-03-01
2015M03,Hostales y pensiones,Residentes en Espańa,490805,2015-03-01
2015M03,Hostales y pensiones,No residentes en Espańa,42206,2015-03-01
2015M04,TOTAL,TOTAL,5004227,2015-04-01
2015M04,TOTAL,Residentes en Espańa,3937416,2015-04-01
2015M04,TOTAL,No residentes en Espańa,1066811,2015-04-01
2015M04,4 y 5 estrellas,TOTAL,16416,2015-04-01
2015M04,4 y 5 estrellas,Residentes en Espańa,1322728,2015-04-01
2015M04,4 y 5 estrellas,No residentes en Espańa,318872,2015-04-01
2015M04,3 estrellas,TOTAL,2326089,2015-04-01
2015M04,3 estrellas,Residentes en Espańa,1771255,2015-04-01
2015M04,3 estrellas,No residentes en Espańa,554834,2015-04-01
2015M04,1 y 2 estrellas,TOTAL,213644,2015-04-01
2015M04,1 y 2 estrellas,Residentes en Espańa,18788,2015-04-01
2015M04,1 y 2 estrellas,No residentes en Espańa,25764,2015-04-01
2015M04,Hostales y pensiones,TOTAL,822894,2015-04-01
2015M04,Hostales y pensiones,Residentes en Espańa,655553,2015-04-01
2015M04,Hostales y pensiones,No residentes en Espańa,167341,2015-04-01
2015M05,TOTAL,TOTAL,5735085,2015-05-01
2015M05,TOTAL,Residentes en Espańa,4130474,2015-05-01
2015M05,TOTAL,No residentes en Espańa,1604612,2015-05-01
2015M05,4 y 5 estrellas,TOTAL,17506,2015-05-01
2015M05,4 y 5 estrellas,Residentes en Espańa,1308244,2015-05-01
2015M05,4 y 5 estrellas,No residentes en Espańa,442356,2015-05-01
2015M05,3 estrellas,TOTAL,2737049,2015-05-01
2015M05,3 estrellas,Residentes en Espańa,1960843,2015-05-01
2015M05,3 estrellas,No residentes en Espańa,776205,2015-05-01
2015M05,1 y 2 estrellas,TOTAL,233766,2015-05-01
2015M05,1 y 2 estrellas,Residentes en Espańa,192155,2015-05-01
2015M05,1 y 2 estrellas,No residentes en Espańa,41611,2015-05-01
2015M05,Hostales y pensiones,TOTAL,1013671,2015-05-01
2015M05,Hostales y pensiones,Residentes en Espańa,669231,2015-05-01
2015M05,Hostales y pensiones,No residentes en Espańa,34444,2015-05-01
2015M06,TOTAL,TOTAL,5253199,2015-06-01
2015M06,TOTAL,Residentes en Espańa,39060,2015-06-01
2015M06,TOTAL,No residentes en Espańa,1347198,2015-06-01
2015M06,4 y 5 estrellas,TOTAL,15774,2015-06-01
2015M06,4 y 5 estrellas,Residentes en Espańa,1188546,2015-06-01
2015M06,4 y 5 estrellas,No residentes en Espańa,388854,2015-06-01
2015M06,3 estrellas,TOTAL,26586,2015-06-01
2015M06,3 estrellas,Residentes en Espańa,1954597,2015-06-01
2015M06,3 estrellas,No residentes en Espańa,704003,2015-06-01
2015M06,1 y 2 estrellas,TOTAL,250286,2015-06-01
2015M06,1 y 2 estrellas,Residentes en Espańa,203571,2015-06-01
2015M06,1 y 2 estrellas,No residentes en Espańa,46714,2015-06-01
2015M06,Hostales y pensiones,TOTAL,766913,2015-06-01
2015M06,Hostales y pensiones,Residentes en Espańa,559286,2015-06-01
2015M06,Hostales y pensiones,No residentes en Espańa,207627,2015-06-01
2015M07,TOTAL,TOTAL,5395881,2015-07-01
2015M07,TOTAL,Residentes en Espańa,425536,2015-07-01
2015M07,TOTAL,No residentes en Espańa,1140521,2015-07-01
2015M07,4 y 5 estrellas,TOTAL,16260,2015-07-01
2015M07,4 y 5 estrellas,Residentes en Espańa,1270328,2015-07-01
2015M07,4 y 5 estrellas,No residentes en Espańa,355672,2015-07-01
2015M07,3 estrellas,TOTAL,27390,2015-07-01
2015M07,3 estrellas,Residentes en Espańa,2193963,2015-07-01
2015M07,3 estrellas,No residentes en Espańa,545037,2015-07-01
2015M07,1 y 2 estrellas,TOTAL,248808,2015-07-01
2015M07,1 y 2 estrellas,Residentes en Espańa,211765,2015-07-01
2015M07,1 y 2 estrellas,No residentes en Espańa,37043,2015-07-01
2015M07,Hostales y pensiones,TOTAL,782073,2015-07-01
2015M07,Hostales y pensiones,Residentes en Espańa,579304,2015-07-01
2015M07,Hostales y pensiones,No residentes en Espańa,202769,2015-07-01
2015M08,TOTAL,TOTAL,6905211,2015-08-01
2015M08,TOTAL,Residentes en Espańa,58958,2015-08-01
2015M08,TOTAL,No residentes en Espańa,1009411,2015-08-01
2015M08,4 y 5 estrellas,TOTAL,18657,2015-08-01
2015M08,4 y 5 estrellas,Residentes en Espańa,1600728,2015-08-01
2015M08,4 y 5 estrellas,No residentes en Espańa,264972,2015-08-01
2015M08,3 estrellas,TOTAL,3754352,2015-08-01
2015M08,3 estrellas,Residentes en Espańa,3199127,2015-08-01
2015M08,3 estrellas,No residentes en Espańa,555226,2015-08-01
2015M08,1 y 2 estrellas,TOTAL,332143,2015-08-01
2015M08,1 y 2 estrellas,Residentes en Espańa,296271,2015-08-01
2015M08,1 y 2 estrellas,No residentes en Espańa,35871,2015-08-01
2015M08,Hostales y pensiones,TOTAL,953016,2015-08-01
2015M08,Hostales y pensiones,Residentes en Espańa,799674,2015-08-01
2015M08,Hostales y pensiones,No residentes en Espańa,153342,2015-08-01
2015M09,TOTAL,TOTAL,6614682,2015-09-01
2015M09,TOTAL,Residentes en Espańa,4653079,2015-09-01
2015M09,TOTAL,No residentes en Espańa,1961604,2015-09-01
2015M09,4 y 5 estrellas,TOTAL,18767,2015-09-01
2015M09,4 y 5 estrellas,Residentes en Espańa,1321588,2015-09-01
2015M09,4 y 5 estrellas,No residentes en Espańa,555112,2015-09-01
2015M09,3 estrellas,TOTAL,34056,2015-09-01
2015M09,3 estrellas,Residentes en Espańa,2430354,2015-09-01
2015M09,3 estrellas,No residentes en Espańa,975246,2015-09-01
2015M09,1 y 2 estrellas,TOTAL,309429,2015-09-01
2015M09,1 y 2 estrellas,Residentes en Espańa,248571,2015-09-01
2015M09,1 y 2 estrellas,No residentes en Espańa,60857,2015-09-01
2015M09,Hostales y pensiones,TOTAL,1022954,2015-09-01
2015M09,Hostales y pensiones,Residentes en Espańa,652565,2015-09-01
2015M09,Hostales y pensiones,No residentes en Espańa,370389,2015-09-01
2015M10,TOTAL,TOTAL,5665374,2015-10-01
2015M10,TOTAL,Residentes en Espańa,4523659,2015-10-01
2015M10,TOTAL,No residentes en Espańa,1141715,2015-10-01
2015M10,4 y 5 estrellas,TOTAL,16428,2015-10-01
2015M10,4 y 5 estrellas,Residentes en Espańa,1261429,2015-10-01
2015M10,4 y 5 estrellas,No residentes en Espańa,381371,2015-10-01
2015M10,3 estrellas,TOTAL,2963582,2015-10-01
2015M10,3 estrellas,Residentes en Espańa,2354025,2015-10-01
2015M10,3 estrellas,No residentes en Espańa,609557,2015-10-01
2015M10,1 y 2 estrellas,TOTAL,282986,2015-10-01
2015M10,1 y 2 estrellas,Residentes en Espańa,255971,2015-10-01
2015M10,1 y 2 estrellas,No residentes en Espańa,27014,2015-10-01
2015M10,Hostales y pensiones,TOTAL,776006,2015-10-01
2015M10,Hostales y pensiones,Residentes en Espańa,652233,2015-10-01
2015M10,Hostales y pensiones,No residentes en Espańa,123773,2015-10-01
2015M11,TOTAL,TOTAL,4314855,2015-11-01
2015M11,TOTAL,Residentes en Espańa,3845531,2015-11-01
2015M11,TOTAL,No residentes en Espańa,469324,2015-11-01
2015M11,4 y 5 estrellas,TOTAL,12772,2015-11-01
2015M11,4 y 5 estrellas,Residentes en Espańa,1106683,2015-11-01
2015M11,4 y 5 estrellas,No residentes en Espańa,170517,2015-11-01
2015M11,3 estrellas,TOTAL,2316046,2015-11-01
2015M11,3 estrellas,Residentes en Espańa,2097434,2015-11-01
2015M11,3 estrellas,No residentes en Espańa,218612,2015-11-01
2015M11,1 y 2 estrellas,TOTAL,181286,2015-11-01
2015M11,1 y 2 estrellas,Residentes en Espańa,170143,2015-11-01
2015M11,1 y 2 estrellas,No residentes en Espańa,11143,2015-11-01
2015M11,Hostales y pensiones,TOTAL,540324,2015-11-01
2015M11,Hostales y pensiones,Residentes en Espańa,471271,2015-11-01
2015M11,Hostales y pensiones,No residentes en Espańa,69053,2015-11-01
2015M12,TOTAL,TOTAL,3593301,2015-12-01
2015M12,TOTAL,Residentes en Espańa,3312719,2015-12-01
2015M12,TOTAL,No residentes en Espańa,280582,2015-12-01
2015M12,4 y 5 estrellas,TOTAL,11325,2015-12-01
2015M12,4 y 5 estrellas,Residentes en Espańa,1029765,2015-12-01
2015M12,4 y 5 estrellas,No residentes en Espańa,102735,2015-12-01
2015M12,3 estrellas,TOTAL,1873512,2015-12-01
2015M12,3 estrellas,Residentes en Espańa,1728215,2015-12-01
2015M12,3 estrellas,No residentes en Espańa,145297,2015-12-01
2015M12,1 y 2 estrellas,TOTAL,104071,2015-12-01
2015M12,1 y 2 estrellas,Residentes en Espańa,97871,2015-12-01
2015M12,1 y 2 estrellas,No residentes en Espańa,62,2015-12-01
2015M12,Hostales y pensiones,TOTAL,483218,2015-12-01
2015M12,Hostales y pensiones,Residentes en Espańa,456868,2015-12-01
2015M12,Hostales y pensiones,No residentes en Espańa,2635,2015-12-01
2016M01,TOTAL,TOTAL,2881966,2016-01-01
2016M01,TOTAL,Residentes en Espańa,2598327,2016-01-01
2016M01,TOTAL,No residentes en Espańa,283638,2016-01-01
2016M01,4 y 5 estrellas,TOTAL,9430,2016-01-01
2016M01,4 y 5 estrellas,Residentes en Espańa,85845,2016-01-01
2016M01,4 y 5 estrellas,No residentes en Espańa,8455,2016-01-01
2016M01,3 estrellas,TOTAL,15866,2016-01-01
2016M01,3 estrellas,Residentes en Espańa,1399364,2016-01-01
2016M01,3 estrellas,No residentes en Espańa,187236,2016-01-01
2016M01,1 y 2 estrellas,TOTAL,125329,2016-01-01
2016M01,1 y 2 estrellas,Residentes en Espańa,121343,2016-01-01
2016M01,1 y 2 estrellas,No residentes en Espańa,3986,2016-01-01
2016M01,Hostales y pensiones,TOTAL,227037,2016-01-01
2016M01,Hostales y pensiones,Residentes en Espańa,219171,2016-01-01
2016M01,Hostales y pensiones,No residentes en Espańa,7866,2016-01-01
2016M02,TOTAL,TOTAL,3392067,2016-02-01
2016M02,TOTAL,Residentes en Espańa,3071699,2016-02-01
2016M02,TOTAL,No residentes en Espańa,320368,2016-02-01
2016M02,4 y 5 estrellas,TOTAL,10629,2016-02-01
2016M02,4 y 5 estrellas,Residentes en Espańa,965049,2016-02-01
2016M02,4 y 5 estrellas,No residentes en Espańa,97851,2016-02-01
2016M02,3 estrellas,TOTAL,1818879,2016-02-01
2016M02,3 estrellas,Residentes en Espańa,162142,2016-02-01
2016M02,3 estrellas,No residentes en Espańa,197459,2016-02-01
2016M02,1 y 2 estrellas,TOTAL,141271,2016-02-01
2016M02,1 y 2 estrellas,Residentes en Espańa,126357,2016-02-01
2016M02,1 y 2 estrellas,No residentes en Espańa,14914,2016-02-01
2016M02,Hostales y pensiones,TOTAL,369017,2016-02-01
2016M02,Hostales y pensiones,Residentes en Espańa,358873,2016-02-01
2016M02,Hostales y pensiones,No residentes en Espańa,10143,2016-02-01
2016M03,TOTAL,TOTAL,4440995,2016-03-01
2016M03,TOTAL,Residentes en Espańa,40108,2016-03-01
2016M03,TOTAL,No residentes en Espańa,430195,2016-03-01
2016M03,4 y 5 estrellas,TOTAL,12634,2016-03-01
2016M03,4 y 5 estrellas,Residentes en Espańa,1116516,2016-03-01
2016M03,4 y 5 estrellas,No residentes en Espańa,146884,2016-03-01
2016M03,3 estrellas,TOTAL,23391,2016-03-01
2016M03,3 estrellas,Residentes en Espańa,2093949,2016-03-01
2016M03,3 estrellas,No residentes en Espańa,245151,2016-03-01
2016M03,1 y 2 estrellas,TOTAL,256414,2016-03-01
2016M03,1 y 2 estrellas,Residentes en Espańa,240914,2016-03-01
2016M03,1 y 2 estrellas,No residentes en Espańa,155,2016-03-01
2016M03,Hostales y pensiones,TOTAL,582081,2016-03-01
2016M03,Hostales y pensiones,Residentes en Espańa,55942,2016-03-01
2016M03,Hostales y pensiones,No residentes en Espańa,22661,2016-03-01
2016M04,TOTAL,TOTAL,4448133,2016-04-01
2016M04,TOTAL,Residentes en Espańa,3512783,2016-04-01
2016M04,TOTAL,No residentes en Espańa,93535,2016-04-01
2016M04,4 y 5 estrellas,TOTAL,11801,2016-04-01
2016M04,4 y 5 estrellas,Residentes en Espańa,946439,2016-04-01
2016M04,4 y 5 estrellas,No residentes en Espańa,233661,2016-04-01
2016M04,3 estrellas,TOTAL,2426936,2016-04-01
2016M04,3 estrellas,Residentes en Espańa,1876681,2016-04-01
2016M04,3 estrellas,No residentes en Espańa,550254,2016-04-01
2016M04,1 y 2 estrellas,TOTAL,219857,2016-04-01
2016M04,1 y 2 estrellas,Residentes en Espańa,194143,2016-04-01
2016M04,1 y 2 estrellas,No residentes en Espańa,25714,2016-04-01
2016M04,Hostales y pensiones,TOTAL,62124,2016-04-01
2016M04,Hostales y pensiones,Residentes en Espańa,49552,2016-04-01
2016M04,Hostales y pensiones,No residentes en Espańa,125721,2016-04-01
2016M05,TOTAL,TOTAL,5763401,2016-05-01
2016M05,TOTAL,Residentes en Espańa,4060046,2016-05-01
2016M05,TOTAL,No residentes en Espańa,1703355,2016-05-01
2016M05,4 y 5 estrellas,TOTAL,13911,2016-05-01
2016M05,4 y 5 estrellas,Residentes en Espańa,1020772,2016-05-01
2016M05,4 y 5 estrellas,No residentes en Espańa,370328,2016-05-01
2016M05,3 estrellas,TOTAL,29471,2016-05-01
2016M05,3 estrellas,Residentes en Espańa,2130172,2016-05-01
2016M05,3 estrellas,No residentes en Espańa,816928,2016-05-01
2016M05,1 y 2 estrellas,TOTAL,280771,2016-05-01
2016M05,1 y 2 estrellas,Residentes en Espańa,234271,2016-05-01
2016M05,1 y 2 estrellas,No residentes en Espańa,465,2016-05-01
2016M05,Hostales y pensiones,TOTAL,1144429,2016-05-01
2016M05,Hostales y pensiones,Residentes en Espańa,674831,2016-05-01
2016M05,Hostales y pensiones,No residentes en Espańa,469598,2016-05-01
2016M06,TOTAL,TOTAL,5030705,2016-06-01
2016M06,TOTAL,Residentes en Espańa,3658964,2016-06-01
2016M06,TOTAL,No residentes en Espańa,1371741,2016-06-01
2016M06,4 y 5 estrellas,TOTAL,15786,2016-06-01
2016M06,4 y 5 estrellas,Residentes en Espańa,1148238,2016-06-01
2016M06,4 y 5 estrellas,No residentes en Espańa,430362,2016-06-01
2016M06,3 estrellas,TOTAL,25629,2016-06-01
2016M06,3 estrellas,Residentes en Espańa,1864127,2016-06-01
2016M06,3 estrellas,No residentes en Espańa,698773,2016-06-01
2016M06,1 y 2 estrellas,TOTAL,250387,2016-06-01
2016M06,1 y 2 estrellas,Residentes en Espańa,209945,2016-06-01
2016M06,1 y 2 estrellas,No residentes en Espańa,40441,2016-06-01
2016M06,Hostales y pensiones,TOTAL,638818,2016-06-01
2016M06,Hostales y pensiones,Residentes en Espańa,436654,2016-06-01
2016M06,Hostales y pensiones,No residentes en Espańa,202164,2016-06-01
2016M07,TOTAL,TOTAL,5700515,2016-07-01
2016M07,TOTAL,Residentes en Espańa,4342105,2016-07-01
2016M07,TOTAL,No residentes en Espańa,135841,2016-07-01
2016M07,4 y 5 estrellas,TOTAL,14897,2016-07-01
2016M07,4 y 5 estrellas,Residentes en Espańa,1160014,2016-07-01
2016M07,4 y 5 estrellas,No residentes en Espańa,329686,2016-07-01
2016M07,3 estrellas,TOTAL,309727,2016-07-01
2016M07,3 estrellas,Residentes en Espańa,230666,2016-07-01
2016M07,3 estrellas,No residentes en Espańa,790609,2016-07-01
2016M07,1 y 2 estrellas,TOTAL,293171,2016-07-01
2016M07,1 y 2 estrellas,Residentes en Espańa,248443,2016-07-01
2016M07,1 y 2 estrellas,No residentes en Espańa,44729,2016-07-01
2016M07,Hostales y pensiones,TOTAL,820373,2016-07-01
2016M07,Hostales y pensiones,Residentes en Espańa,626988,2016-07-01
2016M07,Hostales y pensiones,No residentes en Espańa,193385,2016-07-01
2016M08,TOTAL,TOTAL,6832108,2016-08-01
2016M08,TOTAL,Residentes en Espańa,5653096,2016-08-01
2016M08,TOTAL,No residentes en Espańa,1179012,2016-08-01
2016M08,4 y 5 estrellas,TOTAL,17420,2016-08-01
2016M08,4 y 5 estrellas,Residentes en Espańa,1464076,2016-08-01
2016M08,4 y 5 estrellas,No residentes en Espańa,277924,2016-08-01
2016M08,3 estrellas,TOTAL,36569,2016-08-01
2016M08,3 estrellas,Residentes en Espańa,3017129,2016-08-01
2016M08,3 estrellas,No residentes en Espańa,639771,2016-08-01
2016M08,1 y 2 estrellas,TOTAL,396357,2016-08-01
2016M08,1 y 2 estrellas,Residentes en Espańa,361814,2016-08-01
2016M08,1 y 2 estrellas,No residentes en Espańa,34543,2016-08-01
2016M08,Hostales y pensiones,TOTAL,103685,2016-08-01
2016M08,Hostales y pensiones,Residentes en Espańa,810076,2016-08-01
2016M08,Hostales y pensiones,No residentes en Espańa,226774,2016-08-01
2016M09,TOTAL,TOTAL,6152225,2016-09-01
2016M09,TOTAL,Residentes en Espańa,4174425,2016-09-01
2016M09,TOTAL,No residentes en Espańa,19778,2016-09-01
2016M09,4 y 5 estrellas,TOTAL,14664,2016-09-01
2016M09,4 y 5 estrellas,Residentes en Espańa,1040407,2016-09-01
2016M09,4 y 5 estrellas,No residentes en Espańa,425993,2016-09-01
2016M09,3 estrellas,TOTAL,31825,2016-09-01
2016M09,3 estrellas,Residentes en Espańa,2155836,2016-09-01
2016M09,3 estrellas,No residentes en Espańa,1026664,2016-09-01
2016M09,1 y 2 estrellas,TOTAL,355714,2016-09-01
2016M09,1 y 2 estrellas,Residentes en Espańa,274286,2016-09-01
2016M09,1 y 2 estrellas,No residentes en Espańa,81429,2016-09-01
2016M09,Hostales y pensiones,TOTAL,1147611,2016-09-01
2016M09,Hostales y pensiones,Residentes en Espańa,703897,2016-09-01
2016M09,Hostales y pensiones,No residentes en Espańa,443714,2016-09-01
2016M10,TOTAL,TOTAL,569521,2016-10-01
2016M10,TOTAL,Residentes en Espańa,4538833,2016-10-01
2016M10,TOTAL,No residentes en Espańa,1156376,2016-10-01
2016M10,4 y 5 estrellas,TOTAL,14664,2016-10-01
2016M10,4 y 5 estrellas,Residentes en Espańa,1151866,2016-10-01
2016M10,4 y 5 estrellas,No residentes en Espańa,314534,2016-10-01
2016M10,3 estrellas,TOTAL,29046,2016-10-01
2016M10,3 estrellas,Residentes en Espańa,232224,2016-10-01
2016M10,3 estrellas,No residentes en Espańa,58236,2016-10-01
2016M10,1 y 2 estrellas,TOTAL,290071,2016-10-01
2016M10,1 y 2 estrellas,Residentes en Espańa,232943,2016-10-01
2016M10,1 y 2 estrellas,No residentes en Espańa,57129,2016-10-01
2016M10,Hostales y pensiones,TOTAL,1034138,2016-10-01
2016M10,Hostales y pensiones,Residentes en Espańa,831785,2016-10-01
2016M10,Hostales y pensiones,No residentes en Espańa,202353,2016-10-01
2016M11,TOTAL,TOTAL,4032282,2016-11-01
2016M11,TOTAL,Residentes en Espańa,357398,2016-11-01
2016M11,TOTAL,No residentes en Espańa,458302,2016-11-01
2016M11,4 y 5 estrellas,TOTAL,11704,2016-11-01
2016M11,4 y 5 estrellas,Residentes en Espańa,1002913,2016-11-01
2016M11,4 y 5 estrellas,No residentes en Espańa,167487,2016-11-01
2016M11,3 estrellas,TOTAL,21055,2016-11-01
2016M11,3 estrellas,Residentes en Espańa,1851224,2016-11-01
2016M11,3 estrellas,No residentes en Espańa,254276,2016-11-01
2016M11,1 y 2 estrellas,TOTAL,181286,2016-11-01
2016M11,1 y 2 estrellas,Residentes en Espańa,173571,2016-11-01
2016M11,1 y 2 estrellas,No residentes en Espańa,7714,2016-11-01
2016M11,Hostales y pensiones,TOTAL,575096,2016-11-01
2016M11,Hostales y pensiones,Residentes en Espańa,546272,2016-11-01
2016M11,Hostales y pensiones,No residentes en Espańa,28824,2016-11-01
2016M12,TOTAL,TOTAL,3804951,2016-12-01
2016M12,TOTAL,Residentes en Espańa,3508548,2016-12-01
2016M12,TOTAL,No residentes en Espańa,296403,2016-12-01
2016M12,4 y 5 estrellas,TOTAL,11686,2016-12-01
2016M12,4 y 5 estrellas,Residentes en Espańa,1070431,2016-12-01
2016M12,4 y 5 estrellas,No residentes en Espańa,98169,2016-12-01
2016M12,3 estrellas,TOTAL,18358,2016-12-01
2016M12,3 estrellas,Residentes en Espańa,1670413,2016-12-01
2016M12,3 estrellas,No residentes en Espańa,165387,2016-12-01
2016M12,1 y 2 estrellas,TOTAL,101972,2016-12-01
2016M12,1 y 2 estrellas,Residentes en Espańa,99465,2016-12-01
2016M12,1 y 2 estrellas,No residentes en Espańa,2507,2016-12-01
2016M12,Hostales y pensiones,TOTAL,698579,2016-12-01
2016M12,Hostales y pensiones,Residentes en Espańa,668239,2016-12-01
2016M12,Hostales y pensiones,No residentes en Espańa,3034,2016-12-01
2017M01,TOTAL,TOTAL,2721276,2017-01-01
2017M01,TOTAL,Residentes en Espańa,2436836,2017-01-01
2017M01,TOTAL,No residentes en Espańa,28444,2017-01-01
2017M01,4 y 5 estrellas,TOTAL,9169,2017-01-01
2017M01,4 y 5 estrellas,Residentes en Espańa,805715,2017-01-01
2017M01,4 y 5 estrellas,No residentes en Espańa,111185,2017-01-01
2017M01,3 estrellas,TOTAL,14393,2017-01-01
2017M01,3 estrellas,Residentes en Espańa,128866,2017-01-01
2017M01,3 estrellas,No residentes en Espańa,15064,2017-01-01
2017M01,1 y 2 estrellas,TOTAL,92557,2017-01-01
2017M01,1 y 2 estrellas,Residentes en Espańa,837,2017-01-01
2017M01,1 y 2 estrellas,No residentes en Espańa,8857,2017-01-01
2017M01,Hostales y pensiones,TOTAL,272519,2017-01-01
2017M01,Hostales y pensiones,Residentes en Espańa,258761,2017-01-01
2017M01,Hostales y pensiones,No residentes en Espańa,13758,2017-01-01
2017M02,TOTAL,TOTAL,3338854,2017-02-01
2017M02,TOTAL,Residentes en Espańa,3048099,2017-02-01
2017M02,TOTAL,No residentes en Espańa,290755,2017-02-01
2017M02,4 y 5 estrellas,TOTAL,9714,2017-02-01
2017M02,4 y 5 estrellas,Residentes en Espańa,890155,2017-02-01
2017M02,4 y 5 estrellas,No residentes en Espańa,81245,2017-02-01
2017M02,3 estrellas,TOTAL,17989,2017-02-01
2017M02,3 estrellas,Residentes en Espańa,1626929,2017-02-01
2017M02,3 estrellas,No residentes en Espańa,171971,2017-02-01
2017M02,1 y 2 estrellas,TOTAL,1336,2017-02-01
2017M02,1 y 2 estrellas,Residentes en Espańa,1256,2017-02-01
2017M02,1 y 2 estrellas,No residentes en Espańa,80,2017-02-01
2017M02,Hostales y pensiones,TOTAL,434954,2017-02-01
2017M02,Hostales y pensiones,Residentes en Espańa,405415,2017-02-01
2017M02,Hostales y pensiones,No residentes en Espańa,29539,2017-02-01
2017M03,TOTAL,TOTAL,4040773,2017-03-01
2017M03,TOTAL,Residentes en Espańa,3555579,2017-03-01
2017M03,TOTAL,No residentes en Espańa,485195,2017-03-01
2017M03,4 y 5 estrellas,TOTAL,11170,2017-03-01
2017M03,4 y 5 estrellas,Residentes en Espańa,980574,2017-03-01
2017M03,4 y 5 estrellas,No residentes en Espańa,136426,2017-03-01
2017M03,3 estrellas,TOTAL,22291,2017-03-01
2017M03,3 estrellas,Residentes en Espańa,1951486,2017-03-01
2017M03,3 estrellas,No residentes en Espańa,277614,2017-03-01
2017M03,1 y 2 estrellas,TOTAL,188214,2017-03-01
2017M03,1 y 2 estrellas,Residentes en Espańa,171829,2017-03-01
2017M03,1 y 2 estrellas,No residentes en Espańa,16386,2017-03-01
2017M03,Hostales y pensiones,TOTAL,506459,2017-03-01
2017M03,Hostales y pensiones,Residentes en Espańa,45169,2017-03-01
2017M03,Hostales y pensiones,No residentes en Espańa,54769,2017-03-01
2017M04,TOTAL,TOTAL,5592444,2017-04-01
2017M04,TOTAL,Residentes en Espańa,4514983,2017-04-01
2017M04,TOTAL,No residentes en Espańa,1077461,2017-04-01
2017M04,4 y 5 estrellas,TOTAL,14763,2017-04-01
2017M04,4 y 5 estrellas,Residentes en Espańa,124785,2017-04-01
2017M04,4 y 5 estrellas,No residentes en Espańa,22845,2017-04-01
2017M04,3 estrellas,TOTAL,29031,2017-04-01
2017M04,3 estrellas,Residentes en Espańa,236367,2017-04-01
2017M04,3 estrellas,No residentes en Espańa,53943,2017-04-01
2017M04,1 y 2 estrellas,TOTAL,3120,2017-04-01
2017M04,1 y 2 estrellas,Residentes en Espańa,280286,2017-04-01
2017M04,1 y 2 estrellas,No residentes en Espańa,31714,2017-04-01
2017M04,Hostales y pensiones,TOTAL,901044,2017-04-01
2017M04,Hostales y pensiones,Residentes en Espańa,623177,2017-04-01
2017M04,Hostales y pensiones,No residentes en Espańa,277867,2017-04-01
2017M05,TOTAL,TOTAL,5381531,2017-05-01
2017M05,TOTAL,Residentes en Espańa,371323,2017-05-01
2017M05,TOTAL,No residentes en Espańa,1668302,2017-05-01
2017M05,4 y 5 estrellas,TOTAL,13712,2017-05-01
2017M05,4 y 5 estrellas,Residentes en Espańa,965788,2017-05-01
2017M05,4 y 5 estrellas,No residentes en Espańa,405412,2017-05-01
2017M05,3 estrellas,TOTAL,28874,2017-05-01
2017M05,3 estrellas,Residentes en Espańa,198217,2017-05-01
2017M05,3 estrellas,No residentes en Espańa,90523,2017-05-01
2017M05,1 y 2 estrellas,TOTAL,247114,2017-05-01
2017M05,1 y 2 estrellas,Residentes en Espańa,200614,2017-05-01
2017M05,1 y 2 estrellas,No residentes en Espańa,465,2017-05-01
2017M05,Hostales y pensiones,TOTAL,875817,2017-05-01
2017M05,Hostales y pensiones,Residentes en Espańa,564657,2017-05-01
2017M05,Hostales y pensiones,No residentes en Espańa,31116,2017-05-01
2017M06,TOTAL,TOTAL,5195929,2017-06-01
2017M06,TOTAL,Residentes en Espańa,3803359,2017-06-01
2017M06,TOTAL,No residentes en Espańa,139257,2017-06-01
2017M06,4 y 5 estrellas,TOTAL,13678,2017-06-01
2017M06,4 y 5 estrellas,Residentes en Espańa,994137,2017-06-01
2017M06,4 y 5 estrellas,No residentes en Espańa,373663,2017-06-01
2017M06,3 estrellas,TOTAL,27208,2017-06-01
2017M06,3 estrellas,Residentes en Espańa,1982251,2017-06-01
2017M06,3 estrellas,No residentes en Espańa,738549,2017-06-01
2017M06,1 y 2 estrellas,TOTAL,228857,2017-06-01
2017M06,1 y 2 estrellas,Residentes en Espańa,186429,2017-06-01
2017M06,1 y 2 estrellas,No residentes en Espańa,42429,2017-06-01
2017M06,Hostales y pensiones,TOTAL,878471,2017-06-01
2017M06,Hostales y pensiones,Residentes en Espańa,640543,2017-06-01
2017M06,Hostales y pensiones,No residentes en Espańa,237929,2017-06-01
2017M07,TOTAL,TOTAL,5607462,2017-07-01
2017M07,TOTAL,Residentes en Espańa,4480647,2017-07-01
2017M07,TOTAL,No residentes en Espańa,1126814,2017-07-01
2017M07,4 y 5 estrellas,TOTAL,15311,2017-07-01
2017M07,4 y 5 estrellas,Residentes en Espańa,123262,2017-07-01
2017M07,4 y 5 estrellas,No residentes en Espańa,29848,2017-07-01
2017M07,3 estrellas,TOTAL,2910315,2017-07-01
2017M07,3 estrellas,Residentes en Espańa,2261567,2017-07-01
2017M07,3 estrellas,No residentes en Espańa,648749,2017-07-01
2017M07,1 y 2 estrellas,TOTAL,298929,2017-07-01
2017M07,1 y 2 estrellas,Residentes en Espańa,265714,2017-07-01
2017M07,1 y 2 estrellas,No residentes en Espańa,33214,2017-07-01
2017M07,Hostales y pensiones,TOTAL,867118,2017-07-01
2017M07,Hostales y pensiones,Residentes en Espańa,720746,2017-07-01
2017M07,Hostales y pensiones,No residentes en Espańa,146371,2017-07-01
2017M08,TOTAL,TOTAL,7081617,2017-08-01
2017M08,TOTAL,Residentes en Espańa,5951688,2017-08-01
2017M08,TOTAL,No residentes en Espańa,1129929,2017-08-01
2017M08,4 y 5 estrellas,TOTAL,18711,2017-08-01
2017M08,4 y 5 estrellas,Residentes en Espańa,1565276,2017-08-01
2017M08,4 y 5 estrellas,No residentes en Espańa,305824,2017-08-01
2017M08,3 estrellas,TOTAL,38096,2017-08-01
2017M08,3 estrellas,Residentes en Espańa,3175727,2017-08-01
2017M08,3 estrellas,No residentes en Espańa,633873,2017-08-01
2017M08,1 y 2 estrellas,TOTAL,366243,2017-08-01
2017M08,1 y 2 estrellas,Residentes en Espańa,318857,2017-08-01
2017M08,1 y 2 estrellas,No residentes en Espańa,47386,2017-08-01
2017M08,Hostales y pensiones,TOTAL,1034674,2017-08-01
2017M08,Hostales y pensiones,Residentes en Espańa,891827,2017-08-01
2017M08,Hostales y pensiones,No residentes en Espańa,142847,2017-08-01
2017M09,TOTAL,TOTAL,6394473,2017-09-01
2017M09,TOTAL,Residentes en Espańa,4515463,2017-09-01
2017M09,TOTAL,No residentes en Espańa,187901,2017-09-01
2017M09,4 y 5 estrellas,TOTAL,17276,2017-09-01
2017M09,4 y 5 estrellas,Residentes en Espańa,1299748,2017-09-01
2017M09,4 y 5 estrellas,No residentes en Espańa,427852,2017-09-01
2017M09,3 estrellas,TOTAL,3245656,2017-09-01
2017M09,3 estrellas,Residentes en Espańa,2226538,2017-09-01
2017M09,3 estrellas,No residentes en Espańa,1019118,2017-09-01
2017M09,1 y 2 estrellas,TOTAL,331714,2017-09-01
2017M09,1 y 2 estrellas,Residentes en Espańa,270429,2017-09-01
2017M09,1 y 2 estrellas,No residentes en Espańa,61286,2017-09-01
2017M09,Hostales y pensiones,TOTAL,1089503,2017-09-01
2017M09,Hostales y pensiones,Residentes en Espańa,718749,2017-09-01
2017M09,Hostales y pensiones,No residentes en Espańa,370754,2017-09-01
2017M10,TOTAL,TOTAL,5378823,2017-10-01
2017M10,TOTAL,Residentes en Espańa,4354992,2017-10-01
2017M10,TOTAL,No residentes en Espańa,1023831,2017-10-01
2017M10,4 y 5 estrellas,TOTAL,16083,2017-10-01
2017M10,4 y 5 estrellas,Residentes en Espańa,1293459,2017-10-01
2017M10,4 y 5 estrellas,No residentes en Espańa,314841,2017-10-01
2017M10,3 estrellas,TOTAL,27193,2017-10-01
2017M10,3 estrellas,Residentes en Espańa,2148147,2017-10-01
2017M10,3 estrellas,No residentes en Espańa,571153,2017-10-01
2017M10,1 y 2 estrellas,TOTAL,309021,2017-10-01
2017M10,1 y 2 estrellas,Residentes en Espańa,277833,2017-10-01
2017M10,1 y 2 estrellas,No residentes en Espańa,31187,2017-10-01
2017M10,Hostales y pensiones,TOTAL,742203,2017-10-01
2017M10,Hostales y pensiones,Residentes en Espańa,635553,2017-10-01
2017M10,Hostales y pensiones,No residentes en Espańa,10665,2017-10-01
2017M11,TOTAL,TOTAL,4227631,2017-11-01
2017M11,TOTAL,Residentes en Espańa,374469,2017-11-01
2017M11,TOTAL,No residentes en Espańa,482942,2017-11-01
2017M11,4 y 5 estrellas,TOTAL,13077,2017-11-01
2017M11,4 y 5 estrellas,Residentes en Espańa,1129006,2017-11-01
2017M11,4 y 5 estrellas,No residentes en Espańa,178694,2017-11-01
2017M11,3 estrellas,TOTAL,22260,2017-11-01
2017M11,3 estrellas,Residentes en Espańa,1968208,2017-11-01
2017M11,3 estrellas,No residentes en Espańa,257792,2017-11-01
2017M11,1 y 2 estrellas,TOTAL,172286,2017-11-01
2017M11,1 y 2 estrellas,Residentes en Espańa,1560,2017-11-01
2017M11,1 y 2 estrellas,No residentes en Espańa,16286,2017-11-01
2017M11,Hostales y pensiones,TOTAL,521646,2017-11-01
2017M11,Hostales y pensiones,Residentes en Espańa,491475,2017-11-01
2017M11,Hostales y pensiones,No residentes en Espańa,30171,2017-11-01
2017M12,TOTAL,TOTAL,367204,2017-12-01
2017M12,TOTAL,Residentes en Espańa,3390349,2017-12-01
2017M12,TOTAL,No residentes en Espańa,281691,2017-12-01
2017M12,4 y 5 estrellas,TOTAL,12133,2017-12-01
2017M12,4 y 5 estrellas,Residentes en Espańa,1125571,2017-12-01
2017M12,4 y 5 estrellas,No residentes en Espańa,87729,2017-12-01
2017M12,3 estrellas,TOTAL,1781819,2017-12-01
2017M12,3 estrellas,Residentes en Espańa,1613378,2017-12-01
2017M12,3 estrellas,No residentes en Espańa,168441,2017-12-01
2017M12,1 y 2 estrellas,TOTAL,85471,2017-12-01
2017M12,1 y 2 estrellas,Residentes en Espańa,74843,2017-12-01
2017M12,1 y 2 estrellas,No residentes en Espańa,10629,2017-12-01
2017M12,Hostales y pensiones,TOTAL,591449,2017-12-01
2017M12,Hostales y pensiones,Residentes en Espańa,576557,2017-12-01
2017M12,Hostales y pensiones,No residentes en Espańa,14892,2017-12-01
2018M01,TOTAL,TOTAL,2634224,2018-01-01
2018M01,TOTAL,Residentes en Espańa,2331283,2018-01-01
2018M01,TOTAL,No residentes en Espańa,302941,2018-01-01
2018M01,4 y 5 estrellas,TOTAL,8749,2018-01-01
2018M01,4 y 5 estrellas,Residentes en Espańa,775201,2018-01-01
2018M01,4 y 5 estrellas,No residentes en Espańa,99699,2018-01-01
2018M01,3 estrellas,TOTAL,14527,2018-01-01
2018M01,3 estrellas,Residentes en Espańa,1265986,2018-01-01
2018M01,3 estrellas,No residentes en Espańa,186714,2018-01-01
2018M01,1 y 2 estrellas,TOTAL,992,2018-01-01
2018M01,1 y 2 estrellas,Residentes en Espańa,92114,2018-01-01
2018M01,1 y 2 estrellas,No residentes en Espańa,7086,2018-01-01
2018M01,Hostales y pensiones,TOTAL,207424,2018-01-01
2018M01,Hostales y pensiones,Residentes en Espańa,197982,2018-01-01
2018M01,Hostales y pensiones,No residentes en Espańa,9442,2018-01-01
2018M02,TOTAL,TOTAL,3100618,2018-02-01
2018M02,TOTAL,Residentes en Espańa,2787522,2018-02-01
2018M02,TOTAL,No residentes en Espańa,313096,2018-02-01
2018M02,4 y 5 estrellas,TOTAL,8956,2018-02-01
2018M02,4 y 5 estrellas,Residentes en Espańa,805945,2018-02-01
2018M02,4 y 5 estrellas,No residentes en Espańa,89655,2018-02-01
2018M02,3 estrellas,TOTAL,16814,2018-02-01
2018M02,3 estrellas,Residentes en Espańa,150029,2018-02-01
2018M02,3 estrellas,No residentes en Espańa,18111,2018-02-01
2018M02,1 y 2 estrellas,TOTAL,1488,2018-02-01
2018M02,1 y 2 estrellas,Residentes en Espańa,1368,2018-02-01
2018M02,1 y 2 estrellas,No residentes en Espańa,120,2018-02-01
2018M02,Hostales y pensiones,TOTAL,374818,2018-02-01
2018M02,Hostales y pensiones,Residentes en Espańa,344487,2018-02-01
2018M02,Hostales y pensiones,No residentes en Espańa,30331,2018-02-01
2018M03,TOTAL,TOTAL,416551,2018-03-01
2018M03,TOTAL,Residentes en Espańa,3630845,2018-03-01
2018M03,TOTAL,No residentes en Espańa,534665,2018-03-01
2018M03,4 y 5 estrellas,TOTAL,12633,2018-03-01
2018M03,4 y 5 estrellas,Residentes en Espańa,1083222,2018-03-01
2018M03,4 y 5 estrellas,No residentes en Espańa,180078,2018-03-01
2018M03,3 estrellas,TOTAL,22320,2018-03-01
2018M03,3 estrellas,Residentes en Espańa,1951524,2018-03-01
2018M03,3 estrellas,No residentes en Espańa,280476,2018-03-01
2018M03,1 y 2 estrellas,TOTAL,200171,2018-03-01
2018M03,1 y 2 estrellas,Residentes en Espańa,177586,2018-03-01
2018M03,1 y 2 estrellas,No residentes en Espańa,22586,2018-03-01
2018M03,Hostales y pensiones,TOTAL,470039,2018-03-01
2018M03,Hostales y pensiones,Residentes en Espańa,418513,2018-03-01
2018M03,Hostales y pensiones,No residentes en Espańa,51526,2018-03-01
2018M04,TOTAL,TOTAL,4752811,2018-04-01
2018M04,TOTAL,Residentes en Espańa,376029,2018-04-01
2018M04,TOTAL,No residentes en Espańa,992521,2018-04-01
2018M04,4 y 5 estrellas,TOTAL,14085,2018-04-01
2018M04,4 y 5 estrellas,Residentes en Espańa,115103,2018-04-01
2018M04,4 y 5 estrellas,No residentes en Espańa,25747,2018-04-01
2018M04,3 estrellas,TOTAL,24277,2018-04-01
2018M04,3 estrellas,Residentes en Espańa,1925458,2018-04-01
2018M04,3 estrellas,No residentes en Espańa,502242,2018-04-01
2018M04,1 y 2 estrellas,TOTAL,281143,2018-04-01
2018M04,1 y 2 estrellas,Residentes en Espańa,244714,2018-04-01
2018M04,1 y 2 estrellas,No residentes en Espańa,36429,2018-04-01
2018M04,Hostales y pensiones,TOTAL,635469,2018-04-01
2018M04,Hostales y pensiones,Residentes en Espańa,439088,2018-04-01
2018M04,Hostales y pensiones,No residentes en Espańa,196381,2018-04-01
2018M05,TOTAL,TOTAL,5346712,2018-05-01
2018M05,TOTAL,Residentes en Espańa,3638418,2018-05-01
2018M05,TOTAL,No residentes en Espańa,1708295,2018-05-01
2018M05,4 y 5 estrellas,TOTAL,15125,2018-05-01
2018M05,4 y 5 estrellas,Residentes en Espańa,1049308,2018-05-01
2018M05,4 y 5 estrellas,No residentes en Espańa,463192,2018-05-01
2018M05,3 estrellas,TOTAL,26944,2018-05-01
2018M05,3 estrellas,Residentes en Espańa,1916095,2018-05-01
2018M05,3 estrellas,No residentes en Espańa,778305,2018-05-01
2018M05,1 y 2 estrellas,TOTAL,2573,2018-05-01
2018M05,1 y 2 estrellas,Residentes en Espańa,194414,2018-05-01
2018M05,1 y 2 estrellas,No residentes en Espańa,62886,2018-05-01
2018M05,Hostales y pensiones,TOTAL,882512,2018-05-01
2018M05,Hostales y pensiones,Residentes en Espańa,478601,2018-05-01
2018M05,Hostales y pensiones,No residentes en Espańa,403912,2018-05-01
2018M06,TOTAL,TOTAL,5087968,2018-06-01
2018M06,TOTAL,Residentes en Espańa,3722043,2018-06-01
2018M06,TOTAL,No residentes en Espańa,1365925,2018-06-01
2018M06,4 y 5 estrellas,TOTAL,15759,2018-06-01
2018M06,4 y 5 estrellas,Residentes en Espańa,1153833,2018-06-01
2018M06,4 y 5 estrellas,No residentes en Espańa,422067,2018-06-01
2018M06,3 estrellas,TOTAL,26186,2018-06-01
2018M06,3 estrellas,Residentes en Espańa,1907398,2018-06-01
2018M06,3 estrellas,No residentes en Espańa,711202,2018-06-01
2018M06,1 y 2 estrellas,TOTAL,276429,2018-06-01
2018M06,1 y 2 estrellas,Residentes en Espańa,230571,2018-06-01
2018M06,1 y 2 estrellas,No residentes en Espańa,45857,2018-06-01
2018M06,Hostales y pensiones,TOTAL,617039,2018-06-01
2018M06,Hostales y pensiones,Residentes en Espańa,430241,2018-06-01
2018M06,Hostales y pensiones,No residentes en Espańa,186798,2018-06-01
2018M07,TOTAL,TOTAL,5227186,2018-07-01
2018M07,TOTAL,Residentes en Espańa,4147361,2018-07-01
2018M07,TOTAL,No residentes en Espańa,1079824,2018-07-01
2018M07,4 y 5 estrellas,TOTAL,15616,2018-07-01
2018M07,4 y 5 estrellas,Residentes en Espańa,1236497,2018-07-01
2018M07,4 y 5 estrellas,No residentes en Espańa,325103,2018-07-01
2018M07,3 estrellas,TOTAL,26064,2018-07-01
2018M07,3 estrellas,Residentes en Espańa,2062626,2018-07-01
2018M07,3 estrellas,No residentes en Espańa,543774,2018-07-01
2018M07,1 y 2 estrellas,TOTAL,230286,2018-07-01
2018M07,1 y 2 estrellas,Residentes en Espańa,1891,2018-07-01
2018M07,1 y 2 estrellas,No residentes en Espańa,41186,2018-07-01
2018M07,Hostales y pensiones,TOTAL,8289,2018-07-01
2018M07,Hostales y pensiones,Residentes en Espańa,659139,2018-07-01
2018M07,Hostales y pensiones,No residentes en Espańa,169761,2018-07-01
2018M08,TOTAL,TOTAL,6749154,2018-08-01
2018M08,TOTAL,Residentes en Espańa,5559957,2018-08-01
2018M08,TOTAL,No residentes en Espańa,1189197,2018-08-01
2018M08,4 y 5 estrellas,TOTAL,19453,2018-08-01
2018M08,4 y 5 estrellas,Residentes en Espańa,1618097,2018-08-01
2018M08,4 y 5 estrellas,No residentes en Espańa,327203,2018-08-01
2018M08,3 estrellas,TOTAL,34610,2018-08-01
2018M08,3 estrellas,Residentes en Espańa,2847262,2018-08-01
2018M08,3 estrellas,No residentes en Espańa,613738,2018-08-01
2018M08,1 y 2 estrellas,TOTAL,427357,2018-08-01
2018M08,1 y 2 estrellas,Residentes en Espańa,368014,2018-08-01
2018M08,1 y 2 estrellas,No residentes en Espańa,59343,2018-08-01
2018M08,Hostales y pensiones,TOTAL,915497,2018-08-01
2018M08,Hostales y pensiones,Residentes en Espańa,726584,2018-08-01
2018M08,Hostales y pensiones,No residentes en Espańa,188913,2018-08-01
2018M09,TOTAL,TOTAL,6166038,2018-09-01
2018M09,TOTAL,Residentes en Espańa,4111351,2018-09-01
2018M09,TOTAL,No residentes en Espańa,2054688,2018-09-01
2018M09,4 y 5 estrellas,TOTAL,17501,2018-09-01
2018M09,4 y 5 estrellas,Residentes en Espańa,1190885,2018-09-01
2018M09,4 y 5 estrellas,No residentes en Espańa,559215,2018-09-01
2018M09,3 estrellas,TOTAL,30646,2018-09-01
2018M09,3 estrellas,Residentes en Espańa,2022915,2018-09-01
2018M09,3 estrellas,No residentes en Espańa,1041685,2018-09-01
2018M09,1 y 2 estrellas,TOTAL,3510,2018-09-01
2018M09,1 y 2 estrellas,Residentes en Espańa,263143,2018-09-01
2018M09,1 y 2 estrellas,No residentes en Espańa,87857,2018-09-01
2018M09,Hostales y pensiones,TOTAL,1000338,2018-09-01
2018M09,Hostales y pensiones,Residentes en Espańa,634408,2018-09-01
2018M09,Hostales y pensiones,No residentes en Espańa,36593,2018-09-01
2018M10,TOTAL,TOTAL,5438621,2018-10-01
2018M10,TOTAL,Residentes en Espańa,4290395,2018-10-01
2018M10,TOTAL,No residentes en Espańa,1148225,2018-10-01
2018M10,4 y 5 estrellas,TOTAL,16248,2018-10-01
2018M10,4 y 5 estrellas,Residentes en Espańa,1298818,2018-10-01
2018M10,4 y 5 estrellas,No residentes en Espańa,325982,2018-10-01
2018M10,3 estrellas,TOTAL,26411,2018-10-01
2018M10,3 estrellas,Residentes en Espańa,2070479,2018-10-01
2018M10,3 estrellas,No residentes en Espańa,570621,2018-10-01
2018M10,1 y 2 estrellas,TOTAL,301143,2018-10-01
2018M10,1 y 2 estrellas,Residentes en Espańa,255086,2018-10-01
2018M10,1 y 2 estrellas,No residentes en Espańa,46057,2018-10-01
2018M10,Hostales y pensiones,TOTAL,871578,2018-10-01
2018M10,Hostales y pensiones,Residentes en Espańa,666013,2018-10-01
2018M10,Hostales y pensiones,No residentes en Espańa,205565,2018-10-01
2018M11,TOTAL,TOTAL,4443891,2018-11-01
2018M11,TOTAL,Residentes en Espańa,3972953,2018-11-01
2018M11,TOTAL,No residentes en Espańa,470938,2018-11-01
2018M11,4 y 5 estrellas,TOTAL,14314,2018-11-01
2018M11,4 y 5 estrellas,Residentes en Espańa,1287648,2018-11-01
2018M11,4 y 5 estrellas,No residentes en Espańa,143752,2018-11-01
2018M11,3 estrellas,TOTAL,21955,2018-11-01
2018M11,3 estrellas,Residentes en Espańa,1947931,2018-11-01
2018M11,3 estrellas,No residentes en Espańa,247569,2018-11-01
2018M11,1 y 2 estrellas,TOTAL,233657,2018-11-01
2018M11,1 y 2 estrellas,Residentes en Espańa,208386,2018-11-01
2018M11,1 y 2 estrellas,No residentes en Espańa,25271,2018-11-01
2018M11,Hostales y pensiones,TOTAL,583334,2018-11-01
2018M11,Hostales y pensiones,Residentes en Espańa,528989,2018-11-01
2018M11,Hostales y pensiones,No residentes en Espańa,54345,2018-11-01
2018M12,TOTAL,TOTAL,354365,2018-12-01
2018M12,TOTAL,Residentes en Espańa,3240196,2018-12-01
2018M12,TOTAL,No residentes en Espańa,303454,2018-12-01
2018M12,4 y 5 estrellas,TOTAL,12714,2018-12-01
2018M12,4 y 5 estrellas,Residentes en Espańa,1154239,2018-12-01
2018M12,4 y 5 estrellas,No residentes en Espańa,117161,2018-12-01
2018M12,3 estrellas,TOTAL,17036,2018-12-01
2018M12,3 estrellas,Residentes en Espańa,1550631,2018-12-01
2018M12,3 estrellas,No residentes en Espańa,152969,2018-12-01
2018M12,1 y 2 estrellas,TOTAL,118376,2018-12-01
2018M12,1 y 2 estrellas,Residentes en Espańa,105007,2018-12-01
2018M12,1 y 2 estrellas,No residentes en Espańa,1337,2018-12-01
2018M12,Hostales y pensiones,TOTAL,450274,2018-12-01
2018M12,Hostales y pensiones,Residentes en Espańa,430319,2018-12-01
2018M12,Hostales y pensiones,No residentes en Espańa,19955,2018-12-01
2019M01,TOTAL,TOTAL,2582124,2019-01-01
2019M01,TOTAL,Residentes en Espańa,2291732,2019-01-01
2019M01,TOTAL,No residentes en Espańa,290391,2019-01-01
2019M01,4 y 5 estrellas,TOTAL,9081,2019-01-01
2019M01,4 y 5 estrellas,Residentes en Espańa,825543,2019-01-01
2019M01,4 y 5 estrellas,No residentes en Espańa,82557,2019-01-01
2019M01,3 estrellas,TOTAL,13137,2019-01-01
2019M01,3 estrellas,Residentes en Espańa,1150811,2019-01-01
2019M01,3 estrellas,No residentes en Espańa,162889,2019-01-01
2019M01,1 y 2 estrellas,TOTAL,122229,2019-01-01
2019M01,1 y 2 estrellas,Residentes en Espańa,1116,2019-01-01
2019M01,1 y 2 estrellas,No residentes en Espańa,10629,2019-01-01
2019M01,Hostales y pensiones,TOTAL,238095,2019-01-01
2019M01,Hostales y pensiones,Residentes en Espańa,203779,2019-01-01
2019M01,Hostales y pensiones,No residentes en Espańa,34316,2019-01-01
2019M02,TOTAL,TOTAL,3096395,2019-02-01
2019M02,TOTAL,Residentes en Espańa,2768652,2019-02-01
2019M02,TOTAL,No residentes en Espańa,327743,2019-02-01
2019M02,4 y 5 estrellas,TOTAL,10286,2019-02-01
2019M02,4 y 5 estrellas,Residentes en Espańa,923405,2019-02-01
2019M02,4 y 5 estrellas,No residentes en Espańa,105195,2019-02-01
2019M02,3 estrellas,TOTAL,15442,2019-02-01
2019M02,3 estrellas,Residentes en Espańa,1380393,2019-02-01
2019M02,3 estrellas,No residentes en Espańa,163807,2019-02-01
2019M02,1 y 2 estrellas,TOTAL,1584,2019-02-01
2019M02,1 y 2 estrellas,Residentes en Espańa,1484,2019-02-01
2019M02,1 y 2 estrellas,No residentes en Espańa,100,2019-02-01
2019M02,Hostales y pensiones,TOTAL,365195,2019-02-01
2019M02,Hostales y pensiones,Residentes en Espańa,316454,2019-02-01
2019M02,Hostales y pensiones,No residentes en Espańa,4874,2019-02-01
2019M03,TOTAL,TOTAL,4074125,2019-03-01
2019M03,TOTAL,Residentes en Espańa,3593251,2019-03-01
2019M03,TOTAL,No residentes en Espańa,480874,2019-03-01
2019M03,4 y 5 estrellas,TOTAL,13233,2019-03-01
2019M03,4 y 5 estrellas,Residentes en Espańa,1163843,2019-03-01
2019M03,4 y 5 estrellas,No residentes en Espańa,159457,2019-03-01
2019M03,3 estrellas,TOTAL,19929,2019-03-01
2019M03,3 estrellas,Residentes en Espańa,1764363,2019-03-01
2019M03,3 estrellas,No residentes en Espańa,228537,2019-03-01
2019M03,1 y 2 estrellas,TOTAL,218643,2019-03-01
2019M03,1 y 2 estrellas,Residentes en Espańa,204757,2019-03-01
2019M03,1 y 2 estrellas,No residentes en Espańa,13886,2019-03-01
2019M03,Hostales y pensiones,TOTAL,539282,2019-03-01
2019M03,Hostales y pensiones,Residentes en Espańa,460287,2019-03-01
2019M03,Hostales y pensiones,No residentes en Espańa,78995,2019-03-01
2019M04,TOTAL,TOTAL,4962855,2019-04-01
2019M04,TOTAL,Residentes en Espańa,3806841,2019-04-01
2019M04,TOTAL,No residentes en Espańa,1156014,2019-04-01
2019M04,4 y 5 estrellas,TOTAL,15050,2019-04-01
2019M04,4 y 5 estrellas,Residentes en Espańa,1188082,2019-04-01
2019M04,4 y 5 estrellas,No residentes en Espańa,316918,2019-04-01
2019M04,3 estrellas,TOTAL,21775,2019-04-01
2019M04,3 estrellas,Residentes en Espańa,169811,2019-04-01
2019M04,3 estrellas,No residentes en Espańa,47939,2019-04-01
2019M04,1 y 2 estrellas,TOTAL,3454,2019-04-01
2019M04,1 y 2 estrellas,Residentes en Espańa,312586,2019-04-01
2019M04,1 y 2 estrellas,No residentes en Espańa,32814,2019-04-01
2019M04,Hostales y pensiones,TOTAL,934955,2019-04-01
2019M04,Hostales y pensiones,Residentes en Espańa,608063,2019-04-01
2019M04,Hostales y pensiones,No residentes en Espańa,326892,2019-04-01
2019M05,TOTAL,TOTAL,5688782,2019-05-01
2019M05,TOTAL,Residentes en Espańa,374977,2019-05-01
2019M05,TOTAL,No residentes en Espańa,1939012,2019-05-01
2019M05,4 y 5 estrellas,TOTAL,18014,2019-05-01
2019M05,4 y 5 estrellas,Residentes en Espańa,121599,2019-05-01
2019M05,4 y 5 estrellas,No residentes en Espańa,58541,2019-05-01
2019M05,3 estrellas,TOTAL,25018,2019-05-01
2019M05,3 estrellas,Residentes en Espańa,1783039,2019-05-01
2019M05,3 estrellas,No residentes en Espańa,718761,2019-05-01
2019M05,1 y 2 estrellas,TOTAL,288571,2019-05-01
2019M05,1 y 2 estrellas,Residentes en Espańa,225529,2019-05-01
2019M05,1 y 2 estrellas,No residentes en Espańa,63043,2019-05-01
2019M05,Hostales y pensiones,TOTAL,1097011,2019-05-01
2019M05,Hostales y pensiones,Residentes en Espańa,525213,2019-05-01
2019M05,Hostales y pensiones,No residentes en Espańa,571798,2019-05-01
2019M06,TOTAL,TOTAL,5159876,2019-06-01
2019M06,TOTAL,Residentes en Espańa,3757201,2019-06-01
2019M06,TOTAL,No residentes en Espańa,1402675,2019-06-01
2019M06,4 y 5 estrellas,TOTAL,16124,2019-06-01
2019M06,4 y 5 estrellas,Residentes en Espańa,1118493,2019-06-01
2019M06,4 y 5 estrellas,No residentes en Espańa,493907,2019-06-01
2019M06,3 estrellas,TOTAL,2383483,2019-06-01
2019M06,3 estrellas,Residentes en Espańa,1792037,2019-06-01
2019M06,3 estrellas,No residentes en Espańa,591446,2019-06-01
2019M06,1 y 2 estrellas,TOTAL,297557,2019-06-01
2019M06,1 y 2 estrellas,Residentes en Espańa,254243,2019-06-01
2019M06,1 y 2 estrellas,No residentes en Espańa,43314,2019-06-01
2019M06,Hostales y pensiones,TOTAL,866435,2019-06-01
2019M06,Hostales y pensiones,Residentes en Espańa,592428,2019-06-01
2019M06,Hostales y pensiones,No residentes en Espańa,274007,2019-06-01
2019M07,TOTAL,TOTAL,515063,2019-07-01
2019M07,TOTAL,Residentes en Espańa,3972903,2019-07-01
2019M07,TOTAL,No residentes en Espańa,1177727,2019-07-01
2019M07,4 y 5 estrellas,TOTAL,16906,2019-07-01
2019M07,4 y 5 estrellas,Residentes en Espańa,1265093,2019-07-01
2019M07,4 y 5 estrellas,No residentes en Espańa,425507,2019-07-01
2019M07,3 estrellas,TOTAL,22967,2019-07-01
2019M07,3 estrellas,Residentes en Espańa,1858737,2019-07-01
2019M07,3 estrellas,No residentes en Espańa,437963,2019-07-01
2019M07,1 y 2 estrellas,TOTAL,289629,2019-07-01
2019M07,1 y 2 estrellas,Residentes en Espańa,2601,2019-07-01
2019M07,1 y 2 estrellas,No residentes en Espańa,29529,2019-07-01
2019M07,Hostales y pensiones,TOTAL,873702,2019-07-01
2019M07,Hostales y pensiones,Residentes en Espańa,588973,2019-07-01
2019M07,Hostales y pensiones,No residentes en Espańa,284729,2019-07-01
2019M08,TOTAL,TOTAL,7129249,2019-08-01
2019M08,TOTAL,Residentes en Espańa,5856551,2019-08-01
2019M08,TOTAL,No residentes en Espańa,1272699,2019-08-01
2019M08,4 y 5 estrellas,TOTAL,21376,2019-08-01
2019M08,4 y 5 estrellas,Residentes en Espańa,1724265,2019-08-01
2019M08,4 y 5 estrellas,No residentes en Espańa,413335,2019-08-01
2019M08,3 estrellas,TOTAL,34219,2019-08-01
2019M08,3 estrellas,Residentes en Espańa,2906869,2019-08-01
2019M08,3 estrellas,No residentes en Espańa,515031,2019-08-01
2019M08,1 y 2 estrellas,TOTAL,405071,2019-08-01
2019M08,1 y 2 estrellas,Residentes en Espańa,342529,2019-08-01
2019M08,1 y 2 estrellas,No residentes en Espańa,62543,2019-08-01
2019M08,Hostales y pensiones,TOTAL,1164678,2019-08-01
2019M08,Hostales y pensiones,Residentes en Espańa,882888,2019-08-01
2019M08,Hostales y pensiones,No residentes en Espańa,28179,2019-08-01
2019M09,TOTAL,TOTAL,6101429,2019-09-01
2019M09,TOTAL,Residentes en Espańa,3983124,2019-09-01
2019M09,TOTAL,No residentes en Espańa,2118305,2019-09-01
2019M09,4 y 5 estrellas,TOTAL,19711,2019-09-01
2019M09,4 y 5 estrellas,Residentes en Espańa,1326585,2019-09-01
2019M09,4 y 5 estrellas,No residentes en Espańa,644515,2019-09-01
2019M09,3 estrellas,TOTAL,26296,2019-09-01
2019M09,3 estrellas,Residentes en Espańa,1770338,2019-09-01
2019M09,3 estrellas,No residentes en Espańa,859262,2019-09-01
2019M09,1 y 2 estrellas,TOTAL,363343,2019-09-01
2019M09,1 y 2 estrellas,Residentes en Espańa,274014,2019-09-01
2019M09,1 y 2 estrellas,No residentes en Espańa,89329,2019-09-01
2019M09,Hostales y pensiones,TOTAL,1137386,2019-09-01
2019M09,Hostales y pensiones,Residentes en Espańa,612186,2019-09-01
2019M09,Hostales y pensiones,No residentes en Espańa,5252,2019-09-01
2019M10,TOTAL,TOTAL,5615768,2019-10-01
2019M10,TOTAL,Residentes en Espańa,422485,2019-10-01
2019M10,TOTAL,No residentes en Espańa,1390917,2019-10-01
2019M10,4 y 5 estrellas,TOTAL,18435,2019-10-01
2019M10,4 y 5 estrellas,Residentes en Espańa,1341371,2019-10-01
2019M10,4 y 5 estrellas,No residentes en Espańa,502129,2019-10-01
2019M10,3 estrellas,TOTAL,2564603,2019-10-01
2019M10,3 estrellas,Residentes en Espańa,194726,2019-10-01
2019M10,3 estrellas,No residentes en Espańa,617343,2019-10-01
2019M10,1 y 2 estrellas,TOTAL,278729,2019-10-01
2019M10,1 y 2 estrellas,Residentes en Espańa,2424,2019-10-01
2019M10,1 y 2 estrellas,No residentes en Espańa,36329,2019-10-01
2019M10,Hostales y pensiones,TOTAL,928936,2019-10-01
2019M10,Hostales y pensiones,Residentes en Espańa,693819,2019-10-01
2019M10,Hostales y pensiones,No residentes en Espańa,235117,2019-10-01
2019M11,TOTAL,TOTAL,4331068,2019-11-01
2019M11,TOTAL,Residentes en Espańa,3743138,2019-11-01
2019M11,TOTAL,No residentes en Espańa,58793,2019-11-01
2019M11,4 y 5 estrellas,TOTAL,14857,2019-11-01
2019M11,4 y 5 estrellas,Residentes en Espańa,1293243,2019-11-01
2019M11,4 y 5 estrellas,No residentes en Espańa,192457,2019-11-01
2019M11,3 estrellas,TOTAL,1968851,2019-11-01
2019M11,3 estrellas,Residentes en Espańa,1682037,2019-11-01
2019M11,3 estrellas,No residentes en Espańa,286815,2019-11-01
2019M11,1 y 2 estrellas,TOTAL,186429,2019-11-01
2019M11,1 y 2 estrellas,Residentes en Espańa,162429,2019-11-01
2019M11,1 y 2 estrellas,No residentes en Espańa,240,2019-11-01
2019M11,Hostales y pensiones,TOTAL,690088,2019-11-01
2019M11,Hostales y pensiones,Residentes en Espańa,60543,2019-11-01
2019M11,Hostales y pensiones,No residentes en Espańa,84658,2019-11-01
2019M12,TOTAL,TOTAL,3387286,2019-12-01
2019M12,TOTAL,Residentes en Espańa,3057776,2019-12-01
2019M12,TOTAL,No residentes en Espańa,32951,2019-12-01
2019M12,4 y 5 estrellas,TOTAL,12585,2019-12-01
2019M12,4 y 5 estrellas,Residentes en Espańa,1142596,2019-12-01
2019M12,4 y 5 estrellas,No residentes en Espańa,115904,2019-12-01
2019M12,3 estrellas,TOTAL,1578141,2019-12-01
2019M12,3 estrellas,Residentes en Espańa,1431225,2019-12-01
2019M12,3 estrellas,No residentes en Espańa,146916,2019-12-01
2019M12,1 y 2 estrellas,TOTAL,69589,2019-12-01
2019M12,1 y 2 estrellas,Residentes en Espańa,64972,2019-12-01
2019M12,1 y 2 estrellas,No residentes en Espańa,4616,2019-12-01
2019M12,Hostales y pensiones,TOTAL,481057,2019-12-01
2019M12,Hostales y pensiones,Residentes en Espańa,418983,2019-12-01
2019M12,Hostales y pensiones,No residentes en Espańa,62074,2019-12-01
2020M01,TOTAL,TOTAL,2839535,2020-01-01
2020M01,TOTAL,Residentes en Espańa,2506447,2020-01-01
2020M01,TOTAL,No residentes en Espańa,333088,2020-01-01
2020M01,4 y 5 estrellas,TOTAL,9835,2020-01-01
2020M01,4 y 5 estrellas,Residentes en Espańa,895421,2020-01-01
2020M01,4 y 5 estrellas,No residentes en Espańa,88079,2020-01-01
2020M01,3 estrellas,TOTAL,1433225,2020-01-01
2020M01,3 estrellas,Residentes en Espańa,1255821,2020-01-01
2020M01,3 estrellas,No residentes en Espańa,177404,2020-01-01
2020M01,1 y 2 estrellas,TOTAL,90343,2020-01-01
2020M01,1 y 2 estrellas,Residentes en Espańa,83257,2020-01-01
2020M01,1 y 2 estrellas,No residentes en Espańa,7086,2020-01-01
2020M01,Hostales y pensiones,TOTAL,332467,2020-01-01
2020M01,Hostales y pensiones,Residentes en Espańa,271948,2020-01-01
2020M01,Hostales y pensiones,No residentes en Espańa,60519,2020-01-01
2020M02,TOTAL,TOTAL,3749754,2020-02-01
2020M02,TOTAL,Residentes en Espańa,3329672,2020-02-01
2020M02,TOTAL,No residentes en Espańa,420082,2020-02-01
2020M02,4 y 5 estrellas,TOTAL,12567,2020-02-01
2020M02,4 y 5 estrellas,Residentes en Espańa,1097721,2020-02-01
2020M02,4 y 5 estrellas,No residentes en Espańa,158979,2020-02-01
2020M02,3 estrellas,TOTAL,1821435,2020-02-01
2020M02,3 estrellas,Residentes en Espańa,1639856,2020-02-01
2020M02,3 estrellas,No residentes en Espańa,181579,2020-02-01
2020M02,1 y 2 estrellas,TOTAL,178171,2020-02-01
2020M02,1 y 2 estrellas,Residentes en Espańa,167071,2020-02-01
2020M02,1 y 2 estrellas,No residentes en Espańa,111,2020-02-01
2020M02,Hostales y pensiones,TOTAL,493447,2020-02-01
2020M02,Hostales y pensiones,Residentes en Espańa,425023,2020-02-01
2020M02,Hostales y pensiones,No residentes en Espańa,68423,2020-02-01
2020M03,TOTAL,TOTAL,929931,2020-03-01
2020M03,TOTAL,Residentes en Espańa,79921,2020-03-01
2020M03,TOTAL,No residentes en Espańa,130722,2020-03-01
2020M03,4 y 5 estrellas,TOTAL,321883,2020-03-01
2020M03,4 y 5 estrellas,Residentes en Espańa,2942,2020-03-01
2020M03,4 y 5 estrellas,No residentes en Espańa,27683,2020-03-01
2020M03,3 estrellas,TOTAL,504786,2020-03-01
2020M03,3 estrellas,Residentes en Espańa,413825,2020-03-01
2020M03,3 estrellas,No residentes en Espańa,90961,2020-03-01
2020M03,1 y 2 estrellas,TOTAL,29194,2020-03-01
2020M03,1 y 2 estrellas,Residentes en Espańa,24926,2020-03-01
2020M03,1 y 2 estrellas,No residentes en Espańa,4268,2020-03-01
2020M03,Hostales y pensiones,TOTAL,74068,2020-03-01
2020M03,Hostales y pensiones,Residentes en Espańa,66259,2020-03-01
2020M03,Hostales y pensiones,No residentes en Espańa,7809,2020-03-01
2020M05,TOTAL,TOTAL,84075,2020-05-01
2020M05,TOTAL,Residentes en Espańa,80721,2020-05-01
2020M05,TOTAL,No residentes en Espańa,3354,2020-05-01
2020M05,4 y 5 estrellas,TOTAL,25,2020-05-01
2020M05,4 y 5 estrellas,Residentes en Espańa,25,2020-05-01
2020M05,3 estrellas,TOTAL,509,2020-05-01
2020M05,3 estrellas,Residentes en Espańa,50174,2020-05-01
2020M05,3 estrellas,No residentes en Espańa,726,2020-05-01
2020M05,1 y 2 estrellas,TOTAL,21157,2020-05-01
2020M05,1 y 2 estrellas,Residentes en Espańa,18529,2020-05-01
2020M05,1 y 2 estrellas,No residentes en Espańa,2629,2020-05-01
2020M05,Hostales y pensiones,TOTAL,9518,2020-05-01
2020M05,Hostales y pensiones,Residentes en Espańa,9518,2020-05-01
2020M06,TOTAL,TOTAL,582059,2020-06-01
2020M06,TOTAL,Residentes en Espańa,518436,2020-06-01
2020M06,TOTAL,No residentes en Espańa,63624,2020-06-01
2020M06,4 y 5 estrellas,TOTAL,2029,2020-06-01
2020M06,4 y 5 estrellas,Residentes en Espańa,178336,2020-06-01
2020M06,4 y 5 estrellas,No residentes en Espańa,24564,2020-06-01
2020M06,3 estrellas,TOTAL,220056,2020-06-01
2020M06,3 estrellas,Residentes en Espańa,20084,2020-06-01
2020M06,3 estrellas,No residentes en Espańa,19216,2020-06-01
2020M06,1 y 2 estrellas,TOTAL,46171,2020-06-01
2020M06,1 y 2 estrellas,Residentes en Espańa,42457,2020-06-01
2020M06,1 y 2 estrellas,No residentes en Espańa,3714,2020-06-01
2020M06,Hostales y pensiones,TOTAL,112932,2020-06-01
2020M06,Hostales y pensiones,Residentes en Espańa,96803,2020-06-01
2020M06,Hostales y pensiones,No residentes en Espańa,16129,2020-06-01
2020M07,TOTAL,TOTAL,2820176,2020-07-01
2020M07,TOTAL,Residentes en Espańa,2475143,2020-07-01
2020M07,TOTAL,No residentes en Espańa,345033,2020-07-01
2020M07,4 y 5 estrellas,TOTAL,9265,2020-07-01
2020M07,4 y 5 estrellas,Residentes en Espańa,803715,2020-07-01
2020M07,4 y 5 estrellas,No residentes en Espańa,122785,2020-07-01
2020M07,3 estrellas,TOTAL,1382843,2020-07-01
2020M07,3 estrellas,Residentes en Espańa,1215399,2020-07-01
2020M07,3 estrellas,No residentes en Espańa,167444,2020-07-01
2020M07,1 y 2 estrellas,TOTAL,158986,2020-07-01
2020M07,1 y 2 estrellas,Residentes en Espańa,147914,2020-07-01
2020M07,1 y 2 estrellas,No residentes en Espańa,11071,2020-07-01
2020M07,Hostales y pensiones,TOTAL,351848,2020-07-01
2020M07,Hostales y pensiones,Residentes en Espańa,308115,2020-07-01
2020M07,Hostales y pensiones,No residentes en Espańa,43733,2020-07-01
2020M08,TOTAL,TOTAL,372714,2020-08-01
2020M08,TOTAL,Residentes en Espańa,3390603,2020-08-01
2020M08,TOTAL,No residentes en Espańa,336537,2020-08-01
2020M08,4 y 5 estrellas,TOTAL,11571,2020-08-01
2020M08,4 y 5 estrellas,Residentes en Espańa,1050976,2020-08-01
2020M08,4 y 5 estrellas,No residentes en Espańa,106124,2020-08-01
2020M08,3 estrellas,TOTAL,187686,2020-08-01
2020M08,3 estrellas,Residentes en Espańa,1707026,2020-08-01
2020M08,3 estrellas,No residentes en Espańa,169834,2020-08-01
2020M08,1 y 2 estrellas,TOTAL,216644,2020-08-01
2020M08,1 y 2 estrellas,Residentes en Espańa,199837,2020-08-01
2020M08,1 y 2 estrellas,No residentes en Espańa,16807,2020-08-01
2020M08,Hostales y pensiones,TOTAL,476537,2020-08-01
2020M08,Hostales y pensiones,Residentes en Espańa,432765,2020-08-01
2020M08,Hostales y pensiones,No residentes en Espańa,43772,2020-08-01
2020M09,TOTAL,TOTAL,224823,2020-09-01
2020M09,TOTAL,Residentes en Espańa,1989681,2020-09-01
2020M09,TOTAL,No residentes en Espańa,258549,2020-09-01
2020M09,4 y 5 estrellas,TOTAL,823925,2020-09-01
2020M09,4 y 5 estrellas,Residentes en Espańa,725081,2020-09-01
2020M09,4 y 5 estrellas,No residentes en Espańa,98845,2020-09-01
2020M09,3 estrellas,TOTAL,952004,2020-09-01
2020M09,3 estrellas,Residentes en Espańa,844111,2020-09-01
2020M09,3 estrellas,No residentes en Espańa,107893,2020-09-01
2020M09,1 y 2 estrellas,TOTAL,152063,2020-09-01
2020M09,1 y 2 estrellas,Residentes en Espańa,134799,2020-09-01
2020M09,1 y 2 estrellas,No residentes en Espańa,17265,2020-09-01
2020M09,Hostales y pensiones,TOTAL,320237,2020-09-01
2020M09,Hostales y pensiones,Residentes en Espańa,28569,2020-09-01
2020M09,Hostales y pensiones,No residentes en Espańa,34547,2020-09-01
2020M10,TOTAL,TOTAL,5293467,2020-10-01
2020M10,TOTAL,Residentes en Espańa,4662737,2020-10-01
2020M10,TOTAL,No residentes en Espańa,63073,2020-10-01
2020M10,4 y 5 estrellas,TOTAL,186381,2020-10-01
2020M10,4 y 5 estrellas,Residentes en Espańa,159753,2020-10-01
2020M10,4 y 5 estrellas,No residentes en Espańa,266281,2020-10-01
2020M10,3 estrellas,TOTAL,2615789,2020-10-01
2020M10,3 estrellas,Residentes en Espańa,235441,2020-10-01
2020M10,3 estrellas,No residentes en Espańa,261378,2020-10-01
2020M10,1 y 2 estrellas,TOTAL,274114,2020-10-01
2020M10,1 y 2 estrellas,Residentes en Espańa,248671,2020-10-01
2020M10,1 y 2 estrellas,No residentes en Espańa,25443,2020-10-01
2020M10,Hostales y pensiones,TOTAL,539754,2020-10-01
2020M10,Hostales y pensiones,Residentes en Espańa,462125,2020-10-01
2020M10,Hostales y pensiones,No residentes en Espańa,77628,2020-10-01
2020M11,TOTAL,TOTAL,581843,2020-11-01
2020M11,TOTAL,Residentes en Espańa,515644,2020-11-01
2020M11,TOTAL,No residentes en Espańa,66199,2020-11-01
2020M11,4 y 5 estrellas,TOTAL,1413,2020-11-01
2020M11,4 y 5 estrellas,Residentes en Espańa,125096,2020-11-01
2020M11,4 y 5 estrellas,No residentes en Espańa,16204,2020-11-01
2020M11,3 estrellas,TOTAL,2962,2020-11-01
2020M11,3 estrellas,Residentes en Espańa,256876,2020-11-01
2020M11,3 estrellas,No residentes en Espańa,39324,2020-11-01
2020M11,1 y 2 estrellas,TOTAL,70714,2020-11-01
2020M11,1 y 2 estrellas,Residentes en Espańa,65571,2020-11-01
2020M11,1 y 2 estrellas,No residentes en Espańa,5143,2020-11-01
2020M11,Hostales y pensiones,TOTAL,73629,2020-11-01
2020M11,Hostales y pensiones,Residentes en Espańa,681,2020-11-01
2020M11,Hostales y pensiones,No residentes en Espańa,5529,2020-11-01
2020M12,TOTAL,TOTAL,688476,2020-12-01
2020M12,TOTAL,Residentes en Espańa,602774,2020-12-01
2020M12,TOTAL,No residentes en Espańa,85702,2020-12-01
2020M12,4 y 5 estrellas,TOTAL,2035,2020-12-01
2020M12,4 y 5 estrellas,Residentes en Espańa,182232,2020-12-01
2020M12,4 y 5 estrellas,No residentes en Espańa,21268,2020-12-01
2020M12,3 estrellas,TOTAL,3578,2020-12-01
2020M12,3 estrellas,Residentes en Espańa,313559,2020-12-01
2020M12,3 estrellas,No residentes en Espańa,44241,2020-12-01
2020M12,1 y 2 estrellas,TOTAL,55271,2020-12-01
2020M12,1 y 2 estrellas,Residentes en Espańa,48814,2020-12-01
2020M12,1 y 2 estrellas,No residentes en Espańa,6457,2020-12-01
2020M12,Hostales y pensiones,TOTAL,71905,2020-12-01
2020M12,Hostales y pensiones,Residentes en Espańa,58168,2020-12-01
2020M12,Hostales y pensiones,No residentes en Espańa,13737,2020-12-01
2021M01,TOTAL,TOTAL,461459,2021-01-01
2021M01,TOTAL,Residentes en Espańa,412736,2021-01-01
2021M01,TOTAL,No residentes en Espańa,48724,2021-01-01
2021M01,4 y 5 estrellas,TOTAL,1154,2021-01-01
2021M01,4 y 5 estrellas,Residentes en Espańa,104346,2021-01-01
2021M01,4 y 5 estrellas,No residentes en Espańa,11054,2021-01-01
2021M01,3 estrellas,TOTAL,251985,2021-01-01
2021M01,3 estrellas,Residentes en Espańa,219574,2021-01-01
2021M01,3 estrellas,No residentes en Espańa,32411,2021-01-01
2021M01,1 y 2 estrellas,TOTAL,339,2021-01-01
2021M01,1 y 2 estrellas,Residentes en Espańa,30286,2021-01-01
2021M01,1 y 2 estrellas,No residentes en Espańa,3614,2021-01-01
2021M01,Hostales y pensiones,TOTAL,60174,2021-01-01
2021M01,Hostales y pensiones,Residentes en Espańa,5853,2021-01-01
2021M01,Hostales y pensiones,No residentes en Espańa,1644,2021-01-01
2021M02,TOTAL,TOTAL,494637,2021-02-01
2021M02,TOTAL,Residentes en Espańa,449296,2021-02-01
2021M02,TOTAL,No residentes en Espańa,45341,2021-02-01
2021M02,4 y 5 estrellas,TOTAL,1261,2021-02-01
2021M02,4 y 5 estrellas,Residentes en Espańa,117379,2021-02-01
2021M02,4 y 5 estrellas,No residentes en Espańa,8721,2021-02-01
2021M02,3 estrellas,TOTAL,2663,2021-02-01
2021M02,3 estrellas,Residentes en Espańa,242705,2021-02-01
2021M02,3 estrellas,No residentes en Espańa,23595,2021-02-01
2021M02,1 y 2 estrellas,TOTAL,441,2021-02-01
2021M02,1 y 2 estrellas,Residentes en Espańa,392,2021-02-01
2021M02,1 y 2 estrellas,No residentes en Espańa,49,2021-02-01
2021M02,Hostales y pensiones,TOTAL,58137,2021-02-01
2021M02,Hostales y pensiones,Residentes en Espańa,50012,2021-02-01
2021M02,Hostales y pensiones,No residentes en Espańa,8125,2021-02-01
2021M03,TOTAL,TOTAL,990708,2021-03-01
2021M03,TOTAL,Residentes en Espańa,897812,2021-03-01
2021M03,TOTAL,No residentes en Espańa,92895,2021-03-01
2021M03,4 y 5 estrellas,TOTAL,2824,2021-03-01
2021M03,4 y 5 estrellas,Residentes en Espańa,260976,2021-03-01
2021M03,4 y 5 estrellas,No residentes en Espańa,21424,2021-03-01
2021M03,3 estrellas,TOTAL,5100,2021-03-01
2021M03,3 estrellas,Residentes en Espańa,453804,2021-03-01
2021M03,3 estrellas,No residentes en Espańa,56196,2021-03-01
2021M03,1 y 2 estrellas,TOTAL,837,2021-03-01
2021M03,1 y 2 estrellas,Residentes en Espańa,79429,2021-03-01
2021M03,1 y 2 estrellas,No residentes en Espańa,4271,2021-03-01
2021M03,Hostales y pensiones,TOTAL,114608,2021-03-01
2021M03,Hostales y pensiones,Residentes en Espańa,103604,2021-03-01
2021M03,Hostales y pensiones,No residentes en Espańa,11004,2021-03-01
2021M04,TOTAL,TOTAL,960837,2021-04-01
2021M04,TOTAL,Residentes en Espańa,855801,2021-04-01
2021M04,TOTAL,No residentes en Espańa,105036,2021-04-01
2021M04,4 y 5 estrellas,TOTAL,3075,2021-04-01
2021M04,4 y 5 estrellas,Residentes en Espańa,268444,2021-04-01
2021M04,4 y 5 estrellas,No residentes en Espańa,39056,2021-04-01
2021M04,3 estrellas,TOTAL,4643,2021-04-01
2021M04,3 estrellas,Residentes en Espańa,418374,2021-04-01
2021M04,3 estrellas,No residentes en Espańa,45926,2021-04-01
2021M04,1 y 2 estrellas,TOTAL,58086,2021-04-01
2021M04,1 y 2 estrellas,Residentes en Espańa,56629,2021-04-01
2021M04,1 y 2 estrellas,No residentes en Espańa,1457,2021-04-01
2021M04,Hostales y pensiones,TOTAL,130951,2021-04-01
2021M04,Hostales y pensiones,Residentes en Espańa,112355,2021-04-01
2021M04,Hostales y pensiones,No residentes en Espańa,18596,2021-04-01
2021M05,TOTAL,TOTAL,1941253,2021-05-01
2021M05,TOTAL,Residentes en Espańa,1753116,2021-05-01
2021M05,TOTAL,No residentes en Espańa,188138,2021-05-01
2021M05,4 y 5 estrellas,TOTAL,5043,2021-05-01
2021M05,4 y 5 estrellas,Residentes en Espańa,454117,2021-05-01
2021M05,4 y 5 estrellas,No residentes en Espańa,50183,2021-05-01
2021M05,3 estrellas,TOTAL,10920,2021-05-01
2021M05,3 estrellas,Residentes en Espańa,97979,2021-05-01
2021M05,3 estrellas,No residentes en Espańa,11221,2021-05-01
2021M05,1 y 2 estrellas,TOTAL,109371,2021-05-01
2021M05,1 y 2 estrellas,Residentes en Espańa,103486,2021-05-01
2021M05,1 y 2 estrellas,No residentes en Espańa,5886,2021-05-01
2021M05,Hostales y pensiones,TOTAL,235582,2021-05-01
2021M05,Hostales y pensiones,Residentes en Espańa,215723,2021-05-01
2021M05,Hostales y pensiones,No residentes en Espańa,19859,2021-05-01
2021M06,TOTAL,TOTAL,2757941,2021-06-01
2021M06,TOTAL,Residentes en Espańa,2385392,2021-06-01
2021M06,TOTAL,No residentes en Espańa,372548,2021-06-01
2021M06,4 y 5 estrellas,TOTAL,9095,2021-06-01
2021M06,4 y 5 estrellas,Residentes en Espańa,735801,2021-06-01
2021M06,4 y 5 estrellas,No residentes en Espańa,173699,2021-06-01
2021M06,3 estrellas,TOTAL,13282,2021-06-01
2021M06,3 estrellas,Residentes en Espańa,1181083,2021-06-01
2021M06,3 estrellas,No residentes en Espańa,147117,2021-06-01
2021M06,1 y 2 estrellas,TOTAL,190614,2021-06-01
2021M06,1 y 2 estrellas,Residentes en Espańa,177729,2021-06-01
2021M06,1 y 2 estrellas,No residentes en Espańa,12886,2021-06-01
2021M06,Hostales y pensiones,TOTAL,329626,2021-06-01
2021M06,Hostales y pensiones,Residentes en Espańa,29078,2021-06-01
2021M06,Hostales y pensiones,No residentes en Espańa,38846,2021-06-01
2021M07,TOTAL,TOTAL,426806,2021-07-01
2021M07,TOTAL,Residentes en Espańa,3669484,2021-07-01
2021M07,TOTAL,No residentes en Espańa,598576,2021-07-01
2021M07,4 y 5 estrellas,TOTAL,129851,2021-07-01
2021M07,4 y 5 estrellas,Residentes en Espańa,1038723,2021-07-01
2021M07,4 y 5 estrellas,No residentes en Espańa,259788,2021-07-01
2021M07,3 estrellas,TOTAL,2030565,2021-07-01
2021M07,3 estrellas,Residentes en Espańa,1805494,2021-07-01
2021M07,3 estrellas,No residentes en Espańa,225071,2021-07-01
2021M07,1 y 2 estrellas,TOTAL,324329,2021-07-01
2021M07,1 y 2 estrellas,Residentes en Espańa,296829,2021-07-01
2021M07,1 y 2 estrellas,No residentes en Espańa,275,2021-07-01
2021M07,Hostales y pensiones,TOTAL,614656,2021-07-01
2021M07,Hostales y pensiones,Residentes en Espańa,528438,2021-07-01
2021M07,Hostales y pensiones,No residentes en Espańa,86218,2021-07-01
2021M08,TOTAL,TOTAL,7119676,2021-08-01
2021M08,TOTAL,Residentes en Espańa,6196312,2021-08-01
2021M08,TOTAL,No residentes en Espańa,923364,2021-08-01
2021M08,4 y 5 estrellas,TOTAL,2119558,2021-08-01
2021M08,4 y 5 estrellas,Residentes en Espańa,1782344,2021-08-01
2021M08,4 y 5 estrellas,No residentes en Espańa,337214,2021-08-01
2021M08,3 estrellas,TOTAL,3267042,2021-08-01
2021M08,3 estrellas,Residentes en Espańa,2911704,2021-08-01
2021M08,3 estrellas,No residentes en Espańa,355337,2021-08-01
2021M08,1 y 2 estrellas,TOTAL,556168,2021-08-01
2021M08,1 y 2 estrellas,Residentes en Espańa,516434,2021-08-01
2021M08,1 y 2 estrellas,No residentes en Espańa,39734,2021-08-01
2021M08,Hostales y pensiones,TOTAL,1176909,2021-08-01
2021M08,Hostales y pensiones,Residentes en Espańa,985831,2021-08-01
2021M08,Hostales y pensiones,No residentes en Espańa,191078,2021-08-01
2021M09,TOTAL,TOTAL,5344322,2021-09-01
2021M09,TOTAL,Residentes en Espańa,4071551,2021-09-01
2021M09,TOTAL,No residentes en Espańa,1272771,2021-09-01
2021M09,4 y 5 estrellas,TOTAL,1620608,2021-09-01
2021M09,4 y 5 estrellas,Residentes en Espańa,123269,2021-09-01
2021M09,4 y 5 estrellas,No residentes en Espańa,387918,2021-09-01
2021M09,3 estrellas,TOTAL,2425318,2021-09-01
2021M09,3 estrellas,Residentes en Espańa,1918689,2021-09-01
2021M09,3 estrellas,No residentes en Espańa,506629,2021-09-01
2021M09,1 y 2 estrellas,TOTAL,3663,2021-09-01
2021M09,1 y 2 estrellas,Residentes en Espańa,322857,2021-09-01
2021M09,1 y 2 estrellas,No residentes en Espańa,43443,2021-09-01
2021M09,Hostales y pensiones,TOTAL,932096,2021-09-01
2021M09,Hostales y pensiones,Residentes en Espańa,597315,2021-09-01
2021M09,Hostales y pensiones,No residentes en Espańa,334781,2021-09-01
2021M10,TOTAL,TOTAL,5382957,2021-10-01
2021M10,TOTAL,Residentes en Espańa,4428457,2021-10-01
2021M10,TOTAL,No residentes en Espańa,954501,2021-10-01
2021M10,4 y 5 estrellas,TOTAL,18878,2021-10-01
2021M10,4 y 5 estrellas,Residentes en Espańa,1500211,2021-10-01
2021M10,4 y 5 estrellas,No residentes en Espańa,387589,2021-10-01
2021M10,3 estrellas,TOTAL,2366785,2021-10-01
2021M10,3 estrellas,Residentes en Espańa,2008974,2021-10-01
2021M10,3 estrellas,No residentes en Espańa,357811,2021-10-01
2021M10,1 y 2 estrellas,TOTAL,295386,2021-10-01
2021M10,1 y 2 estrellas,Residentes en Espańa,2657,2021-10-01
2021M10,1 y 2 estrellas,No residentes en Espańa,29686,2021-10-01
2021M10,Hostales y pensiones,TOTAL,832987,2021-10-01
2021M10,Hostales y pensiones,Residentes en Espańa,653572,2021-10-01
2021M10,Hostales y pensiones,No residentes en Espańa,179415,2021-10-01
2021M11,TOTAL,TOTAL,3694016,2021-11-01
2021M11,TOTAL,Residentes en Espańa,3303143,2021-11-01
2021M11,TOTAL,No residentes en Espańa,390873,2021-11-01
2021M11,4 y 5 estrellas,TOTAL,13896,2021-11-01
2021M11,4 y 5 estrellas,Residentes en Espańa,1212716,2021-11-01
2021M11,4 y 5 estrellas,No residentes en Espańa,176884,2021-11-01
2021M11,3 estrellas,TOTAL,16999,2021-11-01
2021M11,3 estrellas,Residentes en Espańa,1520892,2021-11-01
2021M11,3 estrellas,No residentes en Espańa,179008,2021-11-01
2021M11,1 y 2 estrellas,TOTAL,195057,2021-11-01
2021M11,1 y 2 estrellas,Residentes en Espańa,184686,2021-11-01
2021M11,1 y 2 estrellas,No residentes en Espańa,10371,2021-11-01
2021M11,Hostales y pensiones,TOTAL,409459,2021-11-01
2021M11,Hostales y pensiones,Residentes en Espańa,384849,2021-11-01
2021M11,Hostales y pensiones,No residentes en Espańa,2461,2021-11-01
2021M12,TOTAL,TOTAL,2814672,2021-12-01
2021M12,TOTAL,Residentes en Espańa,2501464,2021-12-01
2021M12,TOTAL,No residentes en Espańa,313208,2021-12-01
2021M12,4 y 5 estrellas,TOTAL,11336,2021-12-01
2021M12,4 y 5 estrellas,Residentes en Espańa,98452,2021-12-01
2021M12,4 y 5 estrellas,No residentes en Espańa,14908,2021-12-01
2021M12,3 estrellas,TOTAL,1161439,2021-12-01
2021M12,3 estrellas,Residentes en Espańa,1042547,2021-12-01
2021M12,3 estrellas,No residentes en Espańa,118892,2021-12-01
2021M12,1 y 2 estrellas,TOTAL,121267,2021-12-01
2021M12,1 y 2 estrellas,Residentes en Espańa,110929,2021-12-01
2021M12,1 y 2 estrellas,No residentes en Espańa,10338,2021-12-01
2021M12,Hostales y pensiones,TOTAL,398366,2021-12-01
2021M12,Hostales y pensiones,Residentes en Espańa,363467,2021-12-01
2021M12,Hostales y pensiones,No residentes en Espańa,34899,2021-12-01
2022M01,TOTAL,TOTAL,1885454,2022-01-01
2022M01,TOTAL,Residentes en Espańa,1658146,2022-01-01
2022M01,TOTAL,No residentes en Espańa,227309,2022-01-01
2022M01,4 y 5 estrellas,TOTAL,8220,2022-01-01
2022M01,4 y 5 estrellas,Residentes en Espańa,72563,2022-01-01
2022M01,4 y 5 estrellas,No residentes en Espańa,9637,2022-01-01
2022M01,3 estrellas,TOTAL,8084,2022-01-01
2022M01,3 estrellas,Residentes en Espańa,699277,2022-01-01
2022M01,3 estrellas,No residentes en Espańa,109123,2022-01-01
2022M01,1 y 2 estrellas,TOTAL,99014,2022-01-01
2022M01,1 y 2 estrellas,Residentes en Espańa,90714,2022-01-01
2022M01,1 y 2 estrellas,No residentes en Espańa,83,2022-01-01
2022M01,Hostales y pensiones,TOTAL,15604,2022-01-01
2022M01,Hostales y pensiones,Residentes en Espańa,142525,2022-01-01
2022M01,Hostales y pensiones,No residentes en Espańa,13516,2022-01-01
2022M02,TOTAL,TOTAL,2800064,2022-02-01
2022M02,TOTAL,Residentes en Espańa,2473636,2022-02-01
2022M02,TOTAL,No residentes en Espańa,326428,2022-02-01
2022M02,4 y 5 estrellas,TOTAL,10453,2022-02-01
2022M02,4 y 5 estrellas,Residentes en Espańa,921978,2022-02-01
2022M02,4 y 5 estrellas,No residentes en Espańa,123322,2022-02-01
2022M02,3 estrellas,TOTAL,12905,2022-02-01
2022M02,3 estrellas,Residentes en Espańa,1144956,2022-02-01
2022M02,3 estrellas,No residentes en Espańa,145544,2022-02-01
2022M02,1 y 2 estrellas,TOTAL,13245,2022-02-01
2022M02,1 y 2 estrellas,Residentes en Espańa,124579,2022-02-01
2022M02,1 y 2 estrellas,No residentes en Espańa,7871,2022-02-01
2022M02,Hostales y pensiones,TOTAL,331815,2022-02-01
2022M02,Hostales y pensiones,Residentes en Espańa,282124,2022-02-01
2022M02,Hostales y pensiones,No residentes en Espańa,49691,2022-02-01
2022M03,TOTAL,TOTAL,3222312,2022-03-01
2022M03,TOTAL,Residentes en Espańa,2700143,2022-03-01
2022M03,TOTAL,No residentes en Espańa,522169,2022-03-01
2022M03,4 y 5 estrellas,TOTAL,11470,2022-03-01
2022M03,4 y 5 estrellas,Residentes en Espańa,915512,2022-03-01
2022M03,4 y 5 estrellas,No residentes en Espańa,231488,2022-03-01
2022M03,3 estrellas,TOTAL,1456795,2022-03-01
2022M03,3 estrellas,Residentes en Espańa,1268896,2022-03-01
2022M03,3 estrellas,No residentes en Espańa,187899,2022-03-01
2022M03,1 y 2 estrellas,TOTAL,162671,2022-03-01
2022M03,1 y 2 estrellas,Residentes en Espańa,142714,2022-03-01
2022M03,1 y 2 estrellas,No residentes en Espańa,19957,2022-03-01
2022M03,Hostales y pensiones,TOTAL,455846,2022-03-01
2022M03,Hostales y pensiones,Residentes en Espańa,373021,2022-03-01
2022M03,Hostales y pensiones,No residentes en Espańa,82825,2022-03-01
2022M04,TOTAL,TOTAL,4963879,2022-04-01
2022M04,TOTAL,Residentes en Espańa,3925737,2022-04-01
2022M04,TOTAL,No residentes en Espańa,1038142,2022-04-01
2022M04,4 y 5 estrellas,TOTAL,15907,2022-04-01
2022M04,4 y 5 estrellas,Residentes en Espańa,1287422,2022-04-01
2022M04,4 y 5 estrellas,No residentes en Espańa,303278,2022-04-01
2022M04,3 estrellas,TOTAL,211561,2022-04-01
2022M04,3 estrellas,Residentes en Espańa,1749002,2022-04-01
2022M04,3 estrellas,No residentes en Espańa,366608,2022-04-01
2022M04,1 y 2 estrellas,TOTAL,305571,2022-04-01
2022M04,1 y 2 estrellas,Residentes en Espańa,275586,2022-04-01
2022M04,1 y 2 estrellas,No residentes en Espańa,29986,2022-04-01
2022M04,Hostales y pensiones,TOTAL,951997,2022-04-01
2022M04,Hostales y pensiones,Residentes en Espańa,613727,2022-04-01
2022M04,Hostales y pensiones,No residentes en Espańa,33827,2022-04-01
2022M05,TOTAL,TOTAL,5117402,2022-05-01
2022M05,TOTAL,Residentes en Espańa,3466283,2022-05-01
2022M05,TOTAL,No residentes en Espańa,1651119,2022-05-01
2022M05,4 y 5 estrellas,TOTAL,16757,2022-05-01
2022M05,4 y 5 estrellas,Residentes en Espańa,1155447,2022-05-01
2022M05,4 y 5 estrellas,No residentes en Espańa,520253,2022-05-01
2022M05,3 estrellas,TOTAL,2098565,2022-05-01
2022M05,3 estrellas,Residentes en Espańa,1488196,2022-05-01
2022M05,3 estrellas,No residentes en Espańa,610369,2022-05-01
2022M05,1 y 2 estrellas,TOTAL,280352,2022-05-01
2022M05,1 y 2 estrellas,Residentes en Espańa,223824,2022-05-01
2022M05,1 y 2 estrellas,No residentes en Espańa,56529,2022-05-01
2022M05,Hostales y pensiones,TOTAL,1062784,2022-05-01
2022M05,Hostales y pensiones,Residentes en Espańa,598815,2022-05-01
2022M05,Hostales y pensiones,No residentes en Espańa,463969,2022-05-01
2022M06,TOTAL,TOTAL,4820884,2022-06-01
2022M06,TOTAL,Residentes en Espańa,3466617,2022-06-01
2022M06,TOTAL,No residentes en Espańa,1354267,2022-06-01
2022M06,4 y 5 estrellas,TOTAL,1629948,2022-06-01
2022M06,4 y 5 estrellas,Residentes en Espańa,1104804,2022-06-01
2022M06,4 y 5 estrellas,No residentes en Espańa,525144,2022-06-01
2022M06,3 estrellas,TOTAL,2124135,2022-06-01
2022M06,3 estrellas,Residentes en Espańa,1636773,2022-06-01
2022M06,3 estrellas,No residentes en Espańa,487362,2022-06-01
2022M06,1 y 2 estrellas,TOTAL,258937,2022-06-01
2022M06,1 y 2 estrellas,Residentes en Espańa,217169,2022-06-01
2022M06,1 y 2 estrellas,No residentes en Espańa,41769,2022-06-01
2022M06,Hostales y pensiones,TOTAL,807863,2022-06-01
2022M06,Hostales y pensiones,Residentes en Espańa,507871,2022-06-01
2022M06,Hostales y pensiones,No residentes en Espańa,299992,2022-06-01
2022M07,TOTAL,TOTAL,5219066,2022-07-01
2022M07,TOTAL,Residentes en Espańa,4095781,2022-07-01
2022M07,TOTAL,No residentes en Espańa,1123286,2022-07-01
2022M07,4 y 5 estrellas,TOTAL,16695,2022-07-01
2022M07,4 y 5 estrellas,Residentes en Espańa,1244942,2022-07-01
2022M07,4 y 5 estrellas,No residentes en Espańa,424558,2022-07-01
2022M07,3 estrellas,TOTAL,2306358,2022-07-01
2022M07,3 estrellas,Residentes en Espańa,1869037,2022-07-01
2022M07,3 estrellas,No residentes en Espańa,43732,2022-07-01
2022M07,1 y 2 estrellas,TOTAL,342089,2022-07-01
2022M07,1 y 2 estrellas,Residentes en Espańa,306148,2022-07-01
2022M07,1 y 2 estrellas,No residentes en Espańa,35941,2022-07-01
2022M07,Hostales y pensiones,TOTAL,901119,2022-07-01
2022M07,Hostales y pensiones,Residentes en Espańa,675653,2022-07-01
2022M07,Hostales y pensiones,No residentes en Espańa,225466,2022-07-01
2022M08,TOTAL,TOTAL,6821447,2022-08-01
2022M08,TOTAL,Residentes en Espańa,5504655,2022-08-01
2022M08,TOTAL,No residentes en Espańa,1316792,2022-08-01
2022M08,4 y 5 estrellas,TOTAL,2210711,2022-08-01
2022M08,4 y 5 estrellas,Residentes en Espańa,1755624,2022-08-01
2022M08,4 y 5 estrellas,No residentes en Espańa,455087,2022-08-01
2022M08,3 estrellas,TOTAL,3160094,2022-08-01
2022M08,3 estrellas,Residentes en Espańa,2594089,2022-08-01
2022M08,3 estrellas,No residentes en Espańa,566005,2022-08-01
2022M08,1 y 2 estrellas,TOTAL,461186,2022-08-01
2022M08,1 y 2 estrellas,Residentes en Espańa,415543,2022-08-01
2022M08,1 y 2 estrellas,No residentes en Espańa,45643,2022-08-01
2022M08,Hostales y pensiones,TOTAL,989457,2022-08-01
2022M08,Hostales y pensiones,Residentes en Espańa,739399,2022-08-01
2022M08,Hostales y pensiones,No residentes en Espańa,250058,2022-08-01
2022M09,TOTAL,TOTAL,5710025,2022-09-01
2022M09,TOTAL,Residentes en Espańa,3957573,2022-09-01
2022M09,TOTAL,No residentes en Espańa,1752452,2022-09-01
2022M09,4 y 5 estrellas,TOTAL,19277,2022-09-01
2022M09,4 y 5 estrellas,Residentes en Espańa,1271826,2022-09-01
2022M09,4 y 5 estrellas,No residentes en Espańa,655874,2022-09-01
2022M09,3 estrellas,TOTAL,24946,2022-09-01
2022M09,3 estrellas,Residentes en Espańa,1734698,2022-09-01
2022M09,3 estrellas,No residentes en Espańa,759902,2022-09-01
2022M09,1 y 2 estrellas,TOTAL,333146,2022-09-01
2022M09,1 y 2 estrellas,Residentes en Espańa,275359,2022-09-01
2022M09,1 y 2 estrellas,No residentes en Espańa,57787,2022-09-01
2022M09,Hostales y pensiones,TOTAL,954579,2022-09-01
2022M09,Hostales y pensiones,Residentes en Espańa,675689,2022-09-01
2022M09,Hostales y pensiones,No residentes en Espańa,278889,2022-09-01
2022M10,TOTAL,TOTAL,5298824,2022-10-01
2022M10,TOTAL,Residentes en Espańa,4175535,2022-10-01
2022M10,TOTAL,No residentes en Espańa,1123289,2022-10-01
2022M10,4 y 5 estrellas,TOTAL,18636,2022-10-01
2022M10,4 y 5 estrellas,Residentes en Espańa,1398645,2022-10-01
2022M10,4 y 5 estrellas,No residentes en Espańa,464955,2022-10-01
2022M10,3 estrellas,TOTAL,246383,2022-10-01
2022M10,3 estrellas,Residentes en Espańa,1974685,2022-10-01
2022M10,3 estrellas,No residentes en Espańa,489146,2022-10-01
2022M10,1 y 2 estrellas,TOTAL,286281,2022-10-01
2022M10,1 y 2 estrellas,Residentes en Espańa,24996,2022-10-01
2022M10,1 y 2 estrellas,No residentes en Espańa,3632,2022-10-01
2022M10,Hostales y pensiones,TOTAL,685113,2022-10-01
2022M10,Hostales y pensiones,Residentes en Espańa,552244,2022-10-01
2022M10,Hostales y pensiones,No residentes en Espańa,132868,2022-10-01
2022M11,TOTAL,TOTAL,3759074,2022-11-01
2022M11,TOTAL,Residentes en Espańa,327012,2022-11-01
2022M11,TOTAL,No residentes en Espańa,488954,2022-11-01
2022M11,4 y 5 estrellas,TOTAL,1348741,2022-11-01
2022M11,4 y 5 estrellas,Residentes en Espańa,1163939,2022-11-01
2022M11,4 y 5 estrellas,No residentes en Espańa,184802,2022-11-01
2022M11,3 estrellas,TOTAL,173497,2022-11-01
2022M11,3 estrellas,Residentes en Espańa,1527566,2022-11-01
2022M11,3 estrellas,No residentes en Espańa,207404,2022-11-01
2022M11,1 y 2 estrellas,TOTAL,1858,2022-11-01
2022M11,1 y 2 estrellas,Residentes en Espańa,167168,2022-11-01
2022M11,1 y 2 estrellas,No residentes en Espańa,18632,2022-11-01
2022M11,Hostales y pensiones,TOTAL,489563,2022-11-01
2022M11,Hostales y pensiones,Residentes en Espańa,411447,2022-11-01
2022M11,Hostales y pensiones,No residentes en Espańa,78116,2022-11-01
2022M12,TOTAL,TOTAL,3140464,2022-12-01
2022M12,TOTAL,Residentes en Espańa,2807892,2022-12-01
2022M12,TOTAL,No residentes en Espańa,332572,2022-12-01
2022M12,4 y 5 estrellas,TOTAL,1279295,2022-12-01
2022M12,4 y 5 estrellas,Residentes en Espańa,1129168,2022-12-01
2022M12,4 y 5 estrellas,No residentes en Espańa,150127,2022-12-01
2022M12,3 estrellas,TOTAL,14674,2022-12-01
2022M12,3 estrellas,Residentes en Espańa,131958,2022-12-01
2022M12,3 estrellas,No residentes en Espańa,14782,2022-12-01
2022M12,1 y 2 estrellas,TOTAL,81336,2022-12-01
2022M12,1 y 2 estrellas,Residentes en Espańa,76156,2022-12-01
2022M12,1 y 2 estrellas,No residentes en Espańa,518,2022-12-01
2022M12,Hostales y pensiones,TOTAL,312432,2022-12-01
2022M12,Hostales y pensiones,Residentes en Espańa,282987,2022-12-01
2022M12,Hostales y pensiones,No residentes en Espańa,29445,2022-12-01
2023M01,TOTAL,TOTAL,2408629,2023-01-01
2023M01,TOTAL,Residentes en Espańa,2169355,2023-01-01
2023M01,TOTAL,No residentes en Espańa,239274,2023-01-01
2023M01,4 y 5 estrellas,TOTAL,10171,2023-01-01
2023M01,4 y 5 estrellas,Residentes en Espańa,900784,2023-01-01
2023M01,4 y 5 estrellas,No residentes en Espańa,116316,2023-01-01
2023M01,3 estrellas,TOTAL,11038,2023-01-01
2023M01,3 estrellas,Residentes en Espańa,994785,2023-01-01
2023M01,3 estrellas,No residentes en Espańa,109015,2023-01-01
2023M01,1 y 2 estrellas,TOTAL,126474,2023-01-01
2023M01,1 y 2 estrellas,Residentes en Espańa,118731,2023-01-01
2023M01,1 y 2 estrellas,No residentes en Espańa,7743,2023-01-01
2023M01,Hostales y pensiones,TOTAL,161255,2023-01-01
2023M01,Hostales y pensiones,Residentes en Espańa,155055,2023-01-01
2023M01,Hostales y pensiones,No residentes en Espańa,62,2023-01-01
2023M02,TOTAL,TOTAL,3149844,2023-02-01
2023M02,TOTAL,Residentes en Espańa,2833353,2023-02-01
2023M02,TOTAL,No residentes en Espańa,316491,2023-02-01
2023M02,4 y 5 estrellas,TOTAL,12256,2023-02-01
2023M02,4 y 5 estrellas,Residentes en Espańa,1085257,2023-02-01
2023M02,4 y 5 estrellas,No residentes en Espańa,140343,2023-02-01
2023M02,3 estrellas,TOTAL,14065,2023-02-01
2023M02,3 estrellas,Residentes en Espańa,1266123,2023-02-01
2023M02,3 estrellas,No residentes en Espańa,140377,2023-02-01
2023M02,1 y 2 estrellas,TOTAL,17728,2023-02-01
2023M02,1 y 2 estrellas,Residentes en Espańa,163624,2023-02-01
2023M02,1 y 2 estrellas,No residentes en Espańa,13656,2023-02-01
2023M02,Hostales y pensiones,TOTAL,340464,2023-02-01
2023M02,Hostales y pensiones,Residentes en Espańa,318348,2023-02-01
2023M02,Hostales y pensiones,No residentes en Espańa,22116,2023-02-01
2023M03,TOTAL,TOTAL,3688092,2023-03-01
2023M03,TOTAL,Residentes en Espańa,3245146,2023-03-01
2023M03,TOTAL,No residentes en Espańa,442945,2023-03-01
2023M03,4 y 5 estrellas,TOTAL,1343503,2023-03-01
2023M03,4 y 5 estrellas,Residentes en Espańa,1128679,2023-03-01
2023M03,4 y 5 estrellas,No residentes en Espańa,214824,2023-03-01
2023M03,3 estrellas,TOTAL,17114,2023-03-01
2023M03,3 estrellas,Residentes en Espańa,1548646,2023-03-01
2023M03,3 estrellas,No residentes en Espańa,162754,2023-03-01
2023M03,1 y 2 estrellas,TOTAL,195364,2023-03-01
2023M03,1 y 2 estrellas,Residentes en Espańa,180374,2023-03-01
2023M03,1 y 2 estrellas,No residentes en Espańa,1499,2023-03-01
2023M03,Hostales y pensiones,TOTAL,437825,2023-03-01
2023M03,Hostales y pensiones,Residentes en Espańa,387448,2023-03-01
2023M03,Hostales y pensiones,No residentes en Espańa,50377,2023-03-01
2023M04,TOTAL,TOTAL,5249796,2023-04-01
2023M04,TOTAL,Residentes en Espańa,4154275,2023-04-01
2023M04,TOTAL,No residentes en Espańa,109552,2023-04-01
2023M04,4 y 5 estrellas,TOTAL,1680238,2023-04-01
2023M04,4 y 5 estrellas,Residentes en Espańa,1244589,2023-04-01
2023M04,4 y 5 estrellas,No residentes en Espańa,435649,2023-04-01
2023M04,3 estrellas,TOTAL,2483243,2023-04-01
2023M04,3 estrellas,Residentes en Espańa,2036815,2023-04-01
2023M04,3 estrellas,No residentes en Espańa,446428,2023-04-01
2023M04,1 y 2 estrellas,TOTAL,315494,2023-04-01
2023M04,1 y 2 estrellas,Residentes en Espańa,268692,2023-04-01
2023M04,1 y 2 estrellas,No residentes en Espańa,46802,2023-04-01
2023M04,Hostales y pensiones,TOTAL,77082,2023-04-01
2023M04,Hostales y pensiones,Residentes en Espańa,60418,2023-04-01
2023M04,Hostales y pensiones,No residentes en Espańa,166641,2023-04-01
2023M05,TOTAL,TOTAL,5401047,2023-05-01
2023M05,TOTAL,Residentes en Espańa,3539938,2023-05-01
2023M05,TOTAL,No residentes en Espańa,1861108,2023-05-01
2023M05,4 y 5 estrellas,TOTAL,1692379,2023-05-01
2023M05,4 y 5 estrellas,Residentes en Espańa,937469,2023-05-01
2023M05,4 y 5 estrellas,No residentes en Espańa,75491,2023-05-01
2023M05,3 estrellas,TOTAL,2466804,2023-05-01
2023M05,3 estrellas,Residentes en Espańa,1786682,2023-05-01
2023M05,3 estrellas,No residentes en Espańa,680122,2023-05-01
2023M05,1 y 2 estrellas,TOTAL,305115,2023-05-01
2023M05,1 y 2 estrellas,Residentes en Espańa,205144,2023-05-01
2023M05,1 y 2 estrellas,No residentes en Espańa,99971,2023-05-01
2023M05,Hostales y pensiones,TOTAL,936748,2023-05-01
2023M05,Hostales y pensiones,Residentes en Espańa,610643,2023-05-01
2023M05,Hostales y pensiones,No residentes en Espańa,326105,2023-05-01
2023M06,TOTAL,TOTAL,5025166,2023-06-01
2023M06,TOTAL,Residentes en Espańa,3697064,2023-06-01
2023M06,TOTAL,No residentes en Espańa,1328101,2023-06-01
2023M06,4 y 5 estrellas,TOTAL,1723354,2023-06-01
2023M06,4 y 5 estrellas,Residentes en Espańa,1093516,2023-06-01
2023M06,4 y 5 estrellas,No residentes en Espańa,629839,2023-06-01
2023M06,3 estrellas,TOTAL,2362607,2023-06-01
2023M06,3 estrellas,Residentes en Espańa,1867981,2023-06-01
2023M06,3 estrellas,No residentes en Espańa,494626,2023-06-01
2023M06,1 y 2 estrellas,TOTAL,309029,2023-06-01
2023M06,1 y 2 estrellas,Residentes en Espańa,254403,2023-06-01
2023M06,1 y 2 estrellas,No residentes en Espańa,54626,2023-06-01
2023M06,Hostales y pensiones,TOTAL,630175,2023-06-01
2023M06,Hostales y pensiones,Residentes en Espańa,481164,2023-06-01
2023M06,Hostales y pensiones,No residentes en Espańa,14901,2023-06-01
2023M07,TOTAL,TOTAL,5281975,2023-07-01
2023M07,TOTAL,Residentes en Espańa,4142716,2023-07-01
2023M07,TOTAL,No residentes en Espańa,113926,2023-07-01
2023M07,4 y 5 estrellas,TOTAL,1814688,2023-07-01
2023M07,4 y 5 estrellas,Residentes en Espańa,1246449,2023-07-01
2023M07,4 y 5 estrellas,No residentes en Espańa,568239,2023-07-01
2023M07,3 estrellas,TOTAL,2453874,2023-07-01
2023M07,3 estrellas,Residentes en Espańa,2059255,2023-07-01
2023M07,3 estrellas,No residentes en Espańa,394619,2023-07-01
2023M07,1 y 2 estrellas,TOTAL,307518,2023-07-01
2023M07,1 y 2 estrellas,Residentes en Espańa,272129,2023-07-01
2023M07,1 y 2 estrellas,No residentes en Espańa,35389,2023-07-01
2023M07,Hostales y pensiones,TOTAL,705897,2023-07-01
2023M07,Hostales y pensiones,Residentes en Espańa,564883,2023-07-01
2023M07,Hostales y pensiones,No residentes en Espańa,141013,2023-07-01
2023M08,TOTAL,TOTAL,6887352,2023-08-01
2023M08,TOTAL,Residentes en Espańa,5510755,2023-08-01
2023M08,TOTAL,No residentes en Espańa,1376597,2023-08-01
2023M08,4 y 5 estrellas,TOTAL,2391407,2023-08-01
2023M08,4 y 5 estrellas,Residentes en Espańa,1837514,2023-08-01
2023M08,4 y 5 estrellas,No residentes en Espańa,553893,2023-08-01
2023M08,3 estrellas,TOTAL,3176062,2023-08-01
2023M08,3 estrellas,Residentes en Espańa,2638569,2023-08-01
2023M08,3 estrellas,No residentes en Espańa,537494,2023-08-01
2023M08,1 y 2 estrellas,TOTAL,320474,2023-08-01
2023M08,1 y 2 estrellas,Residentes en Espańa,292421,2023-08-01
2023M08,1 y 2 estrellas,No residentes en Espańa,28053,2023-08-01
2023M08,Hostales y pensiones,TOTAL,999409,2023-08-01
2023M08,Hostales y pensiones,Residentes en Espańa,742252,2023-08-01
2023M08,Hostales y pensiones,No residentes en Espańa,257158,2023-08-01
2023M09,TOTAL,TOTAL,5930924,2023-09-01
2023M09,TOTAL,Residentes en Espańa,3998566,2023-09-01
2023M09,TOTAL,No residentes en Espańa,1932358,2023-09-01
2023M09,4 y 5 estrellas,TOTAL,2012064,2023-09-01
2023M09,4 y 5 estrellas,Residentes en Espańa,1190498,2023-09-01
2023M09,4 y 5 estrellas,No residentes en Espańa,821566,2023-09-01
2023M09,3 estrellas,TOTAL,2718212,2023-09-01
2023M09,3 estrellas,Residentes en Espańa,1978824,2023-09-01
2023M09,3 estrellas,No residentes en Espańa,739387,2023-09-01
2023M09,1 y 2 estrellas,TOTAL,413935,2023-09-01
2023M09,1 y 2 estrellas,Residentes en Espańa,320835,2023-09-01
2023M09,1 y 2 estrellas,No residentes en Espańa,931,2023-09-01
2023M09,Hostales y pensiones,TOTAL,786714,2023-09-01
2023M09,Hostales y pensiones,Residentes en Espańa,508409,2023-09-01
2023M09,Hostales y pensiones,No residentes en Espańa,278305,2023-09-01
2023M10,TOTAL,TOTAL,5376599,2023-10-01
2023M10,TOTAL,Residentes en Espańa,4045774,2023-10-01
2023M10,TOTAL,No residentes en Espańa,1330826,2023-10-01
2023M10,4 y 5 estrellas,TOTAL,21105,2023-10-01
2023M10,4 y 5 estrellas,Residentes en Espańa,1391333,2023-10-01
2023M10,4 y 5 estrellas,No residentes en Espańa,719167,2023-10-01
2023M10,3 estrellas,TOTAL,2358716,2023-10-01
2023M10,3 estrellas,Residentes en Espańa,1922201,2023-10-01
2023M10,3 estrellas,No residentes en Espańa,436515,2023-10-01
2023M10,1 y 2 estrellas,TOTAL,345219,2023-10-01
2023M10,1 y 2 estrellas,Residentes en Espańa,29674,2023-10-01
2023M10,1 y 2 estrellas,No residentes en Espańa,48479,2023-10-01
2023M10,Hostales y pensiones,TOTAL,562164,2023-10-01
2023M10,Hostales y pensiones,Residentes en Espańa,435498,2023-10-01
2023M10,Hostales y pensiones,No residentes en Espańa,126665,2023-10-01
2023M11,TOTAL,TOTAL,3927534,2023-11-01
2023M11,TOTAL,Residentes en Espańa,3395574,2023-11-01
2023M11,TOTAL,No residentes en Espańa,53196,2023-11-01
2023M11,4 y 5 estrellas,TOTAL,1648916,2023-11-01
2023M11,4 y 5 estrellas,Residentes en Espańa,1335083,2023-11-01
2023M11,4 y 5 estrellas,No residentes en Espańa,313834,2023-11-01
2023M11,3 estrellas,TOTAL,1749559,2023-11-01
2023M11,3 estrellas,Residentes en Espańa,157562,2023-11-01
2023M11,3 estrellas,No residentes en Espańa,173939,2023-11-01
2023M11,1 y 2 estrellas,TOTAL,19082,2023-11-01
2023M11,1 y 2 estrellas,Residentes en Espańa,169663,2023-11-01
2023M11,1 y 2 estrellas,No residentes en Espańa,21157,2023-11-01
2023M11,Hostales y pensiones,TOTAL,338238,2023-11-01
2023M11,Hostales y pensiones,Residentes en Espańa,315209,2023-11-01
2023M11,Hostales y pensiones,No residentes en Espańa,2303,2023-11-01
2023M12,TOTAL,TOTAL,3186803,2023-12-01
2023M12,TOTAL,Residentes en Espańa,286613,2023-12-01
2023M12,TOTAL,No residentes en Espańa,320673,2023-12-01
2023M12,4 y 5 estrellas,TOTAL,126754,2023-12-01
2023M12,4 y 5 estrellas,Residentes en Espańa,1116345,2023-12-01
2023M12,4 y 5 estrellas,No residentes en Espańa,151194,2023-12-01
2023M12,3 estrellas,TOTAL,15649,2023-12-01
2023M12,3 estrellas,Residentes en Espańa,1420997,2023-12-01
2023M12,3 estrellas,No residentes en Espańa,143903,2023-12-01
2023M12,1 y 2 estrellas,TOTAL,127492,2023-12-01
2023M12,1 y 2 estrellas,Residentes en Espańa,117628,2023-12-01
2023M12,1 y 2 estrellas,No residentes en Espańa,9864,2023-12-01
2023M12,Hostales y pensiones,TOTAL,226872,2023-12-01
2023M12,Hostales y pensiones,Residentes en Espańa,21116,2023-12-01
2023M12,Hostales y pensiones,No residentes en Espańa,15712,2023-12-01
2024M01,TOTAL,TOTAL,2653033,2024-01-01
2024M01,TOTAL,Residentes en Espańa,2290867,2024-01-01
2024M01,TOTAL,No residentes en Espańa,362167,2024-01-01
2024M01,4 y 5 estrellas,TOTAL,1219146,2024-01-01
2024M01,4 y 5 estrellas,Residentes en Espańa,1035612,2024-01-01
2024M01,4 y 5 estrellas,No residentes en Espańa,183534,2024-01-01
2024M01,3 estrellas,TOTAL,1205374,2024-01-01
2024M01,3 estrellas,Residentes en Espańa,1040085,2024-01-01
2024M01,3 estrellas,No residentes en Espańa,165289,2024-01-01
2024M01,1 y 2 estrellas,TOTAL,60553,2024-01-01
2024M01,1 y 2 estrellas,Residentes en Espańa,53651,2024-01-01
2024M01,1 y 2 estrellas,No residentes en Espańa,6902,2024-01-01
2024M01,Hostales y pensiones,TOTAL,167961,2024-01-01
2024M01,Hostales y pensiones,Residentes en Espańa,161519,2024-01-01
2024M01,Hostales y pensiones,No residentes en Espańa,6441,2024-01-01
2024M02,TOTAL,TOTAL,3296016,2024-02-01
2024M02,TOTAL,Residentes en Espańa,2888294,2024-02-01
2024M02,TOTAL,No residentes en Espańa,407723,2024-02-01
2024M02,4 y 5 estrellas,TOTAL,14603,2024-02-01
2024M02,4 y 5 estrellas,Residentes en Espańa,124055,2024-02-01
2024M02,4 y 5 estrellas,No residentes en Espańa,21975,2024-02-01
2024M02,3 estrellas,TOTAL,1465297,2024-02-01
2024M02,3 estrellas,Residentes en Espańa,1321206,2024-02-01
2024M02,3 estrellas,No residentes en Espańa,144091,2024-02-01
2024M02,1 y 2 estrellas,TOTAL,126421,2024-02-01
2024M02,1 y 2 estrellas,Residentes en Espańa,116512,2024-02-01
2024M02,1 y 2 estrellas,No residentes en Espańa,9908,2024-02-01
2024M02,Hostales y pensiones,TOTAL,243999,2024-02-01
2024M02,Hostales y pensiones,Residentes en Espańa,210026,2024-02-01
2024M02,Hostales y pensiones,No residentes en Espańa,33973,2024-02-01
2024M03,TOTAL,TOTAL,4619041,2024-03-01
2024M03,TOTAL,Residentes en Espańa,3964356,2024-03-01
2024M03,TOTAL,No residentes en Espańa,654686,2024-03-01
2024M03,4 y 5 estrellas,TOTAL,19173,2024-03-01
2024M03,4 y 5 estrellas,Residentes en Espańa,1580349,2024-03-01
2024M03,4 y 5 estrellas,No residentes en Espańa,336951,2024-03-01
2024M03,3 estrellas,TOTAL,192659,2024-03-01
2024M03,3 estrellas,Residentes en Espańa,1705298,2024-03-01
2024M03,3 estrellas,No residentes en Espańa,221292,2024-03-01
2024M03,1 y 2 estrellas,TOTAL,287432,2024-03-01
2024M03,1 y 2 estrellas,Residentes en Espańa,25166,2024-03-01
2024M03,1 y 2 estrellas,No residentes en Espańa,35772,2024-03-01
2024M03,Hostales y pensiones,TOTAL,487719,2024-03-01
2024M03,Hostales y pensiones,Residentes en Espańa,427048,2024-03-01
2024M03,Hostales y pensiones,No residentes en Espańa,60671,2024-03-01
