Grupo actividad sector turístico,Tipo de contrato,Periodo,DATA
TOTAL SECTOR SERVICIOS,TOTAL,2011T2,74739
TOTAL SECTOR SERVICIOS,TOTAL,2011T3,74384
TOTAL SECTOR SERVICIOS,TOTAL,2011T4,73681
TOTAL SECTOR SERVICIOS,TOTAL,2012T1,73363
TOTAL SECTOR SERVICIOS,TOTAL,2012T2,73885
TOTAL SECTOR SERVICIOS,TOTAL,2012T3,75177
TOTAL SECTOR SERVICIOS,TOTAL,2012T4,74490
TOTAL SECTOR SERVICIOS,TOTAL,2013T1,73646
TOTAL SECTOR SERVICIOS,TOTAL,2013T2,81826
TOTAL SECTOR SERVICIOS,TOTAL,2013T3,74019
TOTAL SECTOR SERVICIOS,TOTAL,2013T4,74616
TOTAL SECTOR SERVICIOS,TOTAL,2014T1,74899
TOTAL SECTOR SERVICIOS,TOTAL,2014T2,75755
TOTAL SECTOR SERVICIOS,TOTAL,2014T3,76069
TOTAL SECTOR SERVICIOS,TOTAL,2014T4,76782
TOTAL SECTOR SERVICIOS,TOTAL,2015T1,77363
TOTAL SECTOR SERVICIOS,TOTAL,2015T2,77769
TOTAL SECTOR SERVICIOS,TOTAL,2015T3,77891
TOTAL SECTOR SERVICIOS,TOTAL,2015T4,78574
TOTAL SECTOR SERVICIOS,TOTAL,2016T1,78727
TOTAL SECTOR SERVICIOS,TOTAL,2016T2,78933
TOTAL SECTOR SERVICIOS,TOTAL,2016T3,78871
TOTAL SECTOR SERVICIOS,TOTAL,2016T4,80807
TOTAL SECTOR SERVICIOS,TOTAL,2017T1,81072
TOTAL SECTOR SERVICIOS,TOTAL,2017T2,81103
TOTAL SECTOR SERVICIOS,TOTAL,2017T3,82699
TOTAL SECTOR SERVICIOS,TOTAL,2017T4,82720
TOTAL SECTOR SERVICIOS,TOTAL,2018T1,83107
TOTAL SECTOR SERVICIOS,TOTAL,2018T2,84148
TOTAL SECTOR SERVICIOS,TOTAL,2018T3,84379
TOTAL SECTOR SERVICIOS,TOTAL,2018T4,84896
TOTAL SECTOR SERVICIOS,TOTAL,2019T1,85694
TOTAL SECTOR SERVICIOS,TOTAL,2019T2,85885
TOTAL SECTOR SERVICIOS,TOTAL,2019T3,85558
TOTAL SECTOR SERVICIOS,TOTAL,2019T4,86124
TOTAL SECTOR SERVICIOS,TOTAL,2020T1,83885
TOTAL SECTOR SERVICIOS,TOTAL,2020T2,82210
TOTAL SECTOR SERVICIOS,TOTAL,2020T3,84806
TOTAL SECTOR SERVICIOS,TOTAL,2020T4,85169
TOTAL SECTOR SERVICIOS,TOTAL,2021T1,85073
TOTAL SECTOR SERVICIOS,TOTAL,2021T2,85630
TOTAL SECTOR SERVICIOS,TOTAL,2021T3,86647
TOTAL SECTOR SERVICIOS,TOTAL,2021T4,88812
TOTAL SECTOR SERVICIOS,Indefinido,2011T2,34042
TOTAL SECTOR SERVICIOS,Indefinido,2011T3,34584
TOTAL SECTOR SERVICIOS,Indefinido,2011T4,34615
TOTAL SECTOR SERVICIOS,Indefinido,2012T1,34939
TOTAL SECTOR SERVICIOS,Indefinido,2012T2,34880
TOTAL SECTOR SERVICIOS,Indefinido,2012T3,36332
TOTAL SECTOR SERVICIOS,Indefinido,2012T4,36410
TOTAL SECTOR SERVICIOS,Indefinido,2013T1,36106
TOTAL SECTOR SERVICIOS,Indefinido,2013T2,37141
TOTAL SECTOR SERVICIOS,Indefinido,2013T3,35056
TOTAL SECTOR SERVICIOS,Indefinido,2013T4,35281
TOTAL SECTOR SERVICIOS,Indefinido,2014T1,35302
TOTAL SECTOR SERVICIOS,Indefinido,2014T2,34870
TOTAL SECTOR SERVICIOS,Indefinido,2014T3,35302
TOTAL SECTOR SERVICIOS,Indefinido,2014T4,35895
TOTAL SECTOR SERVICIOS,Indefinido,2015T1,36072
TOTAL SECTOR SERVICIOS,Indefinido,2015T2,35485
TOTAL SECTOR SERVICIOS,Indefinido,2015T3,35923
TOTAL SECTOR SERVICIOS,Indefinido,2015T4,36579
TOTAL SECTOR SERVICIOS,Indefinido,2016T1,36810
TOTAL SECTOR SERVICIOS,Indefinido,2016T2,36071
TOTAL SECTOR SERVICIOS,Indefinido,2016T3,36737
TOTAL SECTOR SERVICIOS,Indefinido,2016T4,37406
TOTAL SECTOR SERVICIOS,Indefinido,2017T1,37717
TOTAL SECTOR SERVICIOS,Indefinido,2017T2,37200
TOTAL SECTOR SERVICIOS,Indefinido,2017T3,37981
TOTAL SECTOR SERVICIOS,Indefinido,2017T4,38648
TOTAL SECTOR SERVICIOS,Indefinido,2018T1,39159
TOTAL SECTOR SERVICIOS,Indefinido,2018T2,38768
TOTAL SECTOR SERVICIOS,Indefinido,2018T3,39745
TOTAL SECTOR SERVICIOS,Indefinido,2018T4,40360
TOTAL SECTOR SERVICIOS,Indefinido,2019T1,40667
TOTAL SECTOR SERVICIOS,Indefinido,2019T2,39952
TOTAL SECTOR SERVICIOS,Indefinido,2019T3,40608
TOTAL SECTOR SERVICIOS,Indefinido,2019T4,41572
TOTAL SECTOR SERVICIOS,Indefinido,2020T1,41339
TOTAL SECTOR SERVICIOS,Indefinido,2020T2,40397
TOTAL SECTOR SERVICIOS,Indefinido,2020T3,41238
TOTAL SECTOR SERVICIOS,Indefinido,2020T4,41967
TOTAL SECTOR SERVICIOS,Indefinido,2021T1,42307
TOTAL SECTOR SERVICIOS,Indefinido,2021T2,41848
TOTAL SECTOR SERVICIOS,Indefinido,2021T3,41978
TOTAL SECTOR SERVICIOS,Indefinido,2021T4,43379
TOTAL SECTOR SERVICIOS,Temporal,2011T2,15467
TOTAL SECTOR SERVICIOS,Temporal,2011T3,14612
TOTAL SECTOR SERVICIOS,Temporal,2011T4,13611
TOTAL SECTOR SERVICIOS,Temporal,2012T1,13658
TOTAL SECTOR SERVICIOS,Temporal,2012T2,14648
TOTAL SECTOR SERVICIOS,Temporal,2012T3,15191
TOTAL SECTOR SERVICIOS,Temporal,2012T4,14393
TOTAL SECTOR SERVICIOS,Temporal,2013T1,13900
TOTAL SECTOR SERVICIOS,Temporal,2013T2,15959
TOTAL SECTOR SERVICIOS,Temporal,2013T3,15228
TOTAL SECTOR SERVICIOS,Temporal,2013T4,15381
TOTAL SECTOR SERVICIOS,Temporal,2014T1,15604
TOTAL SECTOR SERVICIOS,Temporal,2014T2,16829
TOTAL SECTOR SERVICIOS,Temporal,2014T3,16819
TOTAL SECTOR SERVICIOS,Temporal,2014T4,16840
TOTAL SECTOR SERVICIOS,Temporal,2015T1,17227
TOTAL SECTOR SERVICIOS,Temporal,2015T2,18285
TOTAL SECTOR SERVICIOS,Temporal,2015T3,18050
TOTAL SECTOR SERVICIOS,Temporal,2015T4,17921
TOTAL SECTOR SERVICIOS,Temporal,2016T1,17870
TOTAL SECTOR SERVICIOS,Temporal,2016T2,18854
TOTAL SECTOR SERVICIOS,Temporal,2016T3,18287
TOTAL SECTOR SERVICIOS,Temporal,2016T4,19292
TOTAL SECTOR SERVICIOS,Temporal,2017T1,19370
TOTAL SECTOR SERVICIOS,Temporal,2017T2,19976
TOTAL SECTOR SERVICIOS,Temporal,2017T3,20955
TOTAL SECTOR SERVICIOS,Temporal,2017T4,20253
TOTAL SECTOR SERVICIOS,Temporal,2018T1,19940
TOTAL SECTOR SERVICIOS,Temporal,2018T2,21370
TOTAL SECTOR SERVICIOS,Temporal,2018T3,20796
TOTAL SECTOR SERVICIOS,Temporal,2018T4,20580
TOTAL SECTOR SERVICIOS,Temporal,2019T1,21096
TOTAL SECTOR SERVICIOS,Temporal,2019T2,22086
TOTAL SECTOR SERVICIOS,Temporal,2019T3,21034
TOTAL SECTOR SERVICIOS,Temporal,2019T4,20470
TOTAL SECTOR SERVICIOS,Temporal,2020T1,18775
TOTAL SECTOR SERVICIOS,Temporal,2020T2,18092
TOTAL SECTOR SERVICIOS,Temporal,2020T3,19832
TOTAL SECTOR SERVICIOS,Temporal,2020T4,19509
TOTAL SECTOR SERVICIOS,Temporal,2021T1,18835
TOTAL SECTOR SERVICIOS,Temporal,2021T2,19990
TOTAL SECTOR SERVICIOS,Temporal,2021T3,20745
TOTAL SECTOR SERVICIOS,Temporal,2021T4,21434
TOTAL SECTOR SERVICIOS,Sin especificar,2011T2,25230
TOTAL SECTOR SERVICIOS,Sin especificar,2011T3,25188
TOTAL SECTOR SERVICIOS,Sin especificar,2011T4,25455
TOTAL SECTOR SERVICIOS,Sin especificar,2012T1,24766
TOTAL SECTOR SERVICIOS,Sin especificar,2012T2,24357
TOTAL SECTOR SERVICIOS,Sin especificar,2012T3,23654
TOTAL SECTOR SERVICIOS,Sin especificar,2012T4,23687
TOTAL SECTOR SERVICIOS,Sin especificar,2013T1,23640
TOTAL SECTOR SERVICIOS,Sin especificar,2013T2,28726
TOTAL SECTOR SERVICIOS,Sin especificar,2013T3,23735
TOTAL SECTOR SERVICIOS,Sin especificar,2013T4,23954
TOTAL SECTOR SERVICIOS,Sin especificar,2014T1,23993
TOTAL SECTOR SERVICIOS,Sin especificar,2014T2,24056
TOTAL SECTOR SERVICIOS,Sin especificar,2014T3,23948
TOTAL SECTOR SERVICIOS,Sin especificar,2014T4,24047
TOTAL SECTOR SERVICIOS,Sin especificar,2015T1,24064
TOTAL SECTOR SERVICIOS,Sin especificar,2015T2,23999
TOTAL SECTOR SERVICIOS,Sin especificar,2015T3,23918
TOTAL SECTOR SERVICIOS,Sin especificar,2015T4,24074
TOTAL SECTOR SERVICIOS,Sin especificar,2016T1,24047
TOTAL SECTOR SERVICIOS,Sin especificar,2016T2,24008
TOTAL SECTOR SERVICIOS,Sin especificar,2016T3,23847
TOTAL SECTOR SERVICIOS,Sin especificar,2016T4,24109
TOTAL SECTOR SERVICIOS,Sin especificar,2017T1,23985
TOTAL SECTOR SERVICIOS,Sin especificar,2017T2,23927
TOTAL SECTOR SERVICIOS,Sin especificar,2017T3,23763
TOTAL SECTOR SERVICIOS,Sin especificar,2017T4,23819
TOTAL SECTOR SERVICIOS,Sin especificar,2018T1,24008
TOTAL SECTOR SERVICIOS,Sin especificar,2018T2,24010
TOTAL SECTOR SERVICIOS,Sin especificar,2018T3,23838
TOTAL SECTOR SERVICIOS,Sin especificar,2018T4,23956
TOTAL SECTOR SERVICIOS,Sin especificar,2019T1,23931
TOTAL SECTOR SERVICIOS,Sin especificar,2019T2,23847
TOTAL SECTOR SERVICIOS,Sin especificar,2019T3,23916
TOTAL SECTOR SERVICIOS,Sin especificar,2019T4,24082
TOTAL SECTOR SERVICIOS,Sin especificar,2020T1,23771
TOTAL SECTOR SERVICIOS,Sin especificar,2020T2,23721
TOTAL SECTOR SERVICIOS,Sin especificar,2020T3,23736
TOTAL SECTOR SERVICIOS,Sin especificar,2020T4,23693
TOTAL SECTOR SERVICIOS,Sin especificar,2021T1,23931
TOTAL SECTOR SERVICIOS,Sin especificar,2021T2,23792
TOTAL SECTOR SERVICIOS,Sin especificar,2021T3,23924
TOTAL SECTOR SERVICIOS,Sin especificar,2021T4,23999
SECTOR TURÍSTICOS,TOTAL,2011T2,11220
SECTOR TURÍSTICOS,TOTAL,2011T3,11482
SECTOR TURÍSTICOS,TOTAL,2011T4,11361
SECTOR TURÍSTICOS,TOTAL,2012T1,11336
SECTOR TURÍSTICOS,TOTAL,2012T2,11403
SECTOR TURÍSTICOS,TOTAL,2012T3,11561
SECTOR TURÍSTICOS,TOTAL,2012T4,11295
SECTOR TURÍSTICOS,TOTAL,2013T1,11149
SECTOR TURÍSTICOS,TOTAL,2013T2,12403
SECTOR TURÍSTICOS,TOTAL,2013T3,11296
SECTOR TURÍSTICOS,TOTAL,2013T4,11290
SECTOR TURÍSTICOS,TOTAL,2014T1,11264
SECTOR TURÍSTICOS,TOTAL,2014T2,11525
SECTOR TURÍSTICOS,TOTAL,2014T3,11717
SECTOR TURÍSTICOS,TOTAL,2014T4,11801
SECTOR TURÍSTICOS,TOTAL,2015T1,11867
SECTOR TURÍSTICOS,TOTAL,2015T2,11974
SECTOR TURÍSTICOS,TOTAL,2015T3,12032
SECTOR TURÍSTICOS,TOTAL,2015T4,12090
SECTOR TURÍSTICOS,TOTAL,2016T1,12205
SECTOR TURÍSTICOS,TOTAL,2016T2,12194
SECTOR TURÍSTICOS,TOTAL,2016T3,12489
SECTOR TURÍSTICOS,TOTAL,2016T4,12556
SECTOR TURÍSTICOS,TOTAL,2017T1,12581
SECTOR TURÍSTICOS,TOTAL,2017T2,12698
SECTOR TURÍSTICOS,TOTAL,2017T3,12906
SECTOR TURÍSTICOS,TOTAL,2017T4,12770
SECTOR TURÍSTICOS,TOTAL,2018T1,13002
SECTOR TURÍSTICOS,TOTAL,2018T2,13074
SECTOR TURÍSTICOS,TOTAL,2018T3,13284
SECTOR TURÍSTICOS,TOTAL,2018T4,13081
SECTOR TURÍSTICOS,TOTAL,2019T1,13414
SECTOR TURÍSTICOS,TOTAL,2019T2,13659
SECTOR TURÍSTICOS,TOTAL,2019T3,13637
SECTOR TURÍSTICOS,TOTAL,2019T4,13492
SECTOR TURÍSTICOS,TOTAL,2020T1,11997
SECTOR TURÍSTICOS,TOTAL,2020T2,11682
SECTOR TURÍSTICOS,TOTAL,2020T3,11941
SECTOR TURÍSTICOS,TOTAL,2020T4,11511
SECTOR TURÍSTICOS,TOTAL,2021T1,11383
SECTOR TURÍSTICOS,TOTAL,2021T2,11586
SECTOR TURÍSTICOS,TOTAL,2021T3,12209
SECTOR TURÍSTICOS,TOTAL,2021T4,12685
SECTOR TURÍSTICOS,Indefinido,2011T2,5197
SECTOR TURÍSTICOS,Indefinido,2011T3,5546
SECTOR TURÍSTICOS,Indefinido,2011T4,5560
SECTOR TURÍSTICOS,Indefinido,2012T1,5585
SECTOR TURÍSTICOS,Indefinido,2012T2,5205
SECTOR TURÍSTICOS,Indefinido,2012T3,5374
SECTOR TURÍSTICOS,Indefinido,2012T4,5497
SECTOR TURÍSTICOS,Indefinido,2013T1,5451
SECTOR TURÍSTICOS,Indefinido,2013T2,5135
SECTOR TURÍSTICOS,Indefinido,2013T3,5121
SECTOR TURÍSTICOS,Indefinido,2013T4,5254
SECTOR TURÍSTICOS,Indefinido,2014T1,5332
SECTOR TURÍSTICOS,Indefinido,2014T2,5037
SECTOR TURÍSTICOS,Indefinido,2014T3,5313
SECTOR TURÍSTICOS,Indefinido,2014T4,5541
SECTOR TURÍSTICOS,Indefinido,2015T1,5611
SECTOR TURÍSTICOS,Indefinido,2015T2,5342
SECTOR TURÍSTICOS,Indefinido,2015T3,5517
SECTOR TURÍSTICOS,Indefinido,2015T4,5616
SECTOR TURÍSTICOS,Indefinido,2016T1,5752
SECTOR TURÍSTICOS,Indefinido,2016T2,5484
SECTOR TURÍSTICOS,Indefinido,2016T3,5726
SECTOR TURÍSTICOS,Indefinido,2016T4,5896
SECTOR TURÍSTICOS,Indefinido,2017T1,5969
SECTOR TURÍSTICOS,Indefinido,2017T2,5764
SECTOR TURÍSTICOS,Indefinido,2017T3,6000
SECTOR TURÍSTICOS,Indefinido,2017T4,6157
SECTOR TURÍSTICOS,Indefinido,2018T1,6297
SECTOR TURÍSTICOS,Indefinido,2018T2,6048
SECTOR TURÍSTICOS,Indefinido,2018T3,6402
SECTOR TURÍSTICOS,Indefinido,2018T4,6528
SECTOR TURÍSTICOS,Indefinido,2019T1,6608
SECTOR TURÍSTICOS,Indefinido,2019T2,6269
SECTOR TURÍSTICOS,Indefinido,2019T3,6522
SECTOR TURÍSTICOS,Indefinido,2019T4,6778
SECTOR TURÍSTICOS,Indefinido,2020T1,6450
SECTOR TURÍSTICOS,Indefinido,2020T2,6167
SECTOR TURÍSTICOS,Indefinido,2020T3,6293
SECTOR TURÍSTICOS,Indefinido,2020T4,6186
SECTOR TURÍSTICOS,Indefinido,2021T1,6140
SECTOR TURÍSTICOS,Indefinido,2021T2,5824
SECTOR TURÍSTICOS,Indefinido,2021T3,6028
SECTOR TURÍSTICOS,Indefinido,2021T4,6360
SECTOR TURÍSTICOS,Temporal,2011T2,2687
SECTOR TURÍSTICOS,Temporal,2011T3,2580
SECTOR TURÍSTICOS,Temporal,2011T4,2461
SECTOR TURÍSTICOS,Temporal,2012T1,2407
SECTOR TURÍSTICOS,Temporal,2012T2,2794
SECTOR TURÍSTICOS,Temporal,2012T3,2753
SECTOR TURÍSTICOS,Temporal,2012T4,2417
SECTOR TURÍSTICOS,Temporal,2013T1,2333
SECTOR TURÍSTICOS,Temporal,2013T2,2757
SECTOR TURÍSTICOS,Temporal,2013T3,2755
SECTOR TURÍSTICOS,Temporal,2013T4,2647
SECTOR TURÍSTICOS,Temporal,2014T1,2524
SECTOR TURÍSTICOS,Temporal,2014T2,3022
SECTOR TURÍSTICOS,Temporal,2014T3,2930
SECTOR TURÍSTICOS,Temporal,2014T4,2860
SECTOR TURÍSTICOS,Temporal,2015T1,2894
SECTOR TURÍSTICOS,Temporal,2015T2,3180
SECTOR TURÍSTICOS,Temporal,2015T3,3082
SECTOR TURÍSTICOS,Temporal,2015T4,3092
SECTOR TURÍSTICOS,Temporal,2016T1,3061
SECTOR TURÍSTICOS,Temporal,2016T2,3230
SECTOR TURÍSTICOS,Temporal,2016T3,3330
SECTOR TURÍSTICOS,Temporal,2016T4,3261
SECTOR TURÍSTICOS,Temporal,2017T1,3242
SECTOR TURÍSTICOS,Temporal,2017T2,3483
SECTOR TURÍSTICOS,Temporal,2017T3,3484
SECTOR TURÍSTICOS,Temporal,2017T4,3255
SECTOR TURÍSTICOS,Temporal,2018T1,3301
SECTOR TURÍSTICOS,Temporal,2018T2,3564
SECTOR TURÍSTICOS,Temporal,2018T3,3452
SECTOR TURÍSTICOS,Temporal,2018T4,3178
SECTOR TURÍSTICOS,Temporal,2019T1,3443
SECTOR TURÍSTICOS,Temporal,2019T2,3952
SECTOR TURÍSTICOS,Temporal,2019T3,3719
SECTOR TURÍSTICOS,Temporal,2019T4,3345
SECTOR TURÍSTICOS,Temporal,2020T1,2286
SECTOR TURÍSTICOS,Temporal,2020T2,2229
SECTOR TURÍSTICOS,Temporal,2020T3,2372
SECTOR TURÍSTICOS,Temporal,2020T4,2103
SECTOR TURÍSTICOS,Temporal,2021T1,2024
SECTOR TURÍSTICOS,Temporal,2021T2,2504
SECTOR TURÍSTICOS,Temporal,2021T3,2919
SECTOR TURÍSTICOS,Temporal,2021T4,3080
SECTOR TURÍSTICOS,Sin especificar,2011T2,3336
SECTOR TURÍSTICOS,Sin especificar,2011T3,3356
SECTOR TURÍSTICOS,Sin especificar,2011T4,3340
SECTOR TURÍSTICOS,Sin especificar,2012T1,3344
SECTOR TURÍSTICOS,Sin especificar,2012T2,3404
SECTOR TURÍSTICOS,Sin especificar,2012T3,3434
SECTOR TURÍSTICOS,Sin especificar,2012T4,3381
SECTOR TURÍSTICOS,Sin especificar,2013T1,3365
SECTOR TURÍSTICOS,Sin especificar,2013T2,4511
SECTOR TURÍSTICOS,Sin especificar,2013T3,3420
SECTOR TURÍSTICOS,Sin especificar,2013T4,3389
SECTOR TURÍSTICOS,Sin especificar,2014T1,3408
SECTOR TURÍSTICOS,Sin especificar,2014T2,3466
SECTOR TURÍSTICOS,Sin especificar,2014T3,3474
SECTOR TURÍSTICOS,Sin especificar,2014T4,3400
SECTOR TURÍSTICOS,Sin especificar,2015T1,3362
SECTOR TURÍSTICOS,Sin especificar,2015T2,3452
SECTOR TURÍSTICOS,Sin especificar,2015T3,3433
SECTOR TURÍSTICOS,Sin especificar,2015T4,3382
SECTOR TURÍSTICOS,Sin especificar,2016T1,3392
SECTOR TURÍSTICOS,Sin especificar,2016T2,3480
SECTOR TURÍSTICOS,Sin especificar,2016T3,3433
SECTOR TURÍSTICOS,Sin especificar,2016T4,3399
SECTOR TURÍSTICOS,Sin especificar,2017T1,3370
SECTOR TURÍSTICOS,Sin especificar,2017T2,3451
SECTOR TURÍSTICOS,Sin especificar,2017T3,3422
SECTOR TURÍSTICOS,Sin especificar,2017T4,3358
SECTOR TURÍSTICOS,Sin especificar,2018T1,3404
SECTOR TURÍSTICOS,Sin especificar,2018T2,3462
SECTOR TURÍSTICOS,Sin especificar,2018T3,3430
SECTOR TURÍSTICOS,Sin especificar,2018T4,3375
SECTOR TURÍSTICOS,Sin especificar,2019T1,3363
SECTOR TURÍSTICOS,Sin especificar,2019T2,3438
SECTOR TURÍSTICOS,Sin especificar,2019T3,3396
SECTOR TURÍSTICOS,Sin especificar,2019T4,3369
SECTOR TURÍSTICOS,Sin especificar,2020T1,3261
SECTOR TURÍSTICOS,Sin especificar,2020T2,3286
SECTOR TURÍSTICOS,Sin especificar,2020T3,3276
SECTOR TURÍSTICOS,Sin especificar,2020T4,3222
SECTOR TURÍSTICOS,Sin especificar,2021T1,3219
SECTOR TURÍSTICOS,Sin especificar,2021T2,3258
SECTOR TURÍSTICOS,Sin especificar,2021T3,3262
SECTOR TURÍSTICOS,Sin especificar,2021T4,3245
55 Servicios de alojamiento,TOTAL,2011T2,1149
55 Servicios de alojamiento,TOTAL,2011T3,1125
55 Servicios de alojamiento,TOTAL,2011T4,1037
55 Servicios de alojamiento,TOTAL,2012T1,1034
55 Servicios de alojamiento,TOTAL,2012T2,1112
55 Servicios de alojamiento,TOTAL,2012T3,1109
55 Servicios de alojamiento,TOTAL,2012T4,988
55 Servicios de alojamiento,TOTAL,2013T1,1005
55 Servicios de alojamiento,TOTAL,2013T2,1175
55 Servicios de alojamiento,TOTAL,2013T3,1081
55 Servicios de alojamiento,TOTAL,2013T4,990
55 Servicios de alojamiento,TOTAL,2014T1,970
55 Servicios de alojamiento,TOTAL,2014T2,1160
55 Servicios de alojamiento,TOTAL,2014T3,1120
55 Servicios de alojamiento,TOTAL,2014T4,1009
55 Servicios de alojamiento,TOTAL,2015T1,1016
55 Servicios de alojamiento,TOTAL,2015T2,1142
55 Servicios de alojamiento,TOTAL,2015T3,1162
55 Servicios de alojamiento,TOTAL,2015T4,1036
55 Servicios de alojamiento,TOTAL,2016T1,1070
55 Servicios de alojamiento,TOTAL,2016T2,1158
55 Servicios de alojamiento,TOTAL,2016T3,1162
55 Servicios de alojamiento,TOTAL,2016T4,1075
55 Servicios de alojamiento,TOTAL,2017T1,1072
55 Servicios de alojamiento,TOTAL,2017T2,1259
55 Servicios de alojamiento,TOTAL,2017T3,1272
55 Servicios de alojamiento,TOTAL,2017T4,1112
55 Servicios de alojamiento,TOTAL,2018T1,1170
55 Servicios de alojamiento,TOTAL,2018T2,1262
55 Servicios de alojamiento,TOTAL,2018T3,1278
55 Servicios de alojamiento,TOTAL,2018T4,1208
55 Servicios de alojamiento,TOTAL,2019T1,1203
55 Servicios de alojamiento,TOTAL,2019T2,1378
55 Servicios de alojamiento,TOTAL,2019T3,1295
55 Servicios de alojamiento,TOTAL,2019T4,1206
55 Servicios de alojamiento,TOTAL,2020T1,1106
55 Servicios de alojamiento,TOTAL,2020T2,1135
55 Servicios de alojamiento,TOTAL,2020T3,1128
55 Servicios de alojamiento,TOTAL,2020T4,1034
55 Servicios de alojamiento,TOTAL,2021T1,1006
55 Servicios de alojamiento,TOTAL,2021T2,1107
55 Servicios de alojamiento,TOTAL,2021T3,1128
55 Servicios de alojamiento,TOTAL,2021T4,1161
55 Servicios de alojamiento,Indefinido,2011T2,762
55 Servicios de alojamiento,Indefinido,2011T3,753
55 Servicios de alojamiento,Indefinido,2011T4,750
55 Servicios de alojamiento,Indefinido,2012T1,742
55 Servicios de alojamiento,Indefinido,2012T2,746
55 Servicios de alojamiento,Indefinido,2012T3,742
55 Servicios de alojamiento,Indefinido,2012T4,713
55 Servicios de alojamiento,Indefinido,2013T1,703
55 Servicios de alojamiento,Indefinido,2013T2,726
55 Servicios de alojamiento,Indefinido,2013T3,695
55 Servicios de alojamiento,Indefinido,2013T4,688
55 Servicios de alojamiento,Indefinido,2014T1,685
55 Servicios de alojamiento,Indefinido,2014T2,713
55 Servicios de alojamiento,Indefinido,2014T3,714
55 Servicios de alojamiento,Indefinido,2014T4,702
55 Servicios de alojamiento,Indefinido,2015T1,706
55 Servicios de alojamiento,Indefinido,2015T2,713
55 Servicios de alojamiento,Indefinido,2015T3,707
55 Servicios de alojamiento,Indefinido,2015T4,686
55 Servicios de alojamiento,Indefinido,2016T1,706
55 Servicios de alojamiento,Indefinido,2016T2,700
55 Servicios de alojamiento,Indefinido,2016T3,705
55 Servicios de alojamiento,Indefinido,2016T4,703
55 Servicios de alojamiento,Indefinido,2017T1,712
55 Servicios de alojamiento,Indefinido,2017T2,728
55 Servicios de alojamiento,Indefinido,2017T3,737
55 Servicios de alojamiento,Indefinido,2017T4,719
55 Servicios de alojamiento,Indefinido,2018T1,720
55 Servicios de alojamiento,Indefinido,2018T2,737
55 Servicios de alojamiento,Indefinido,2018T3,748
55 Servicios de alojamiento,Indefinido,2018T4,776
55 Servicios de alojamiento,Indefinido,2019T1,772
55 Servicios de alojamiento,Indefinido,2019T2,771
55 Servicios de alojamiento,Indefinido,2019T3,727
55 Servicios de alojamiento,Indefinido,2019T4,752
55 Servicios de alojamiento,Indefinido,2020T1,772
55 Servicios de alojamiento,Indefinido,2020T2,781
55 Servicios de alojamiento,Indefinido,2020T3,772
55 Servicios de alojamiento,Indefinido,2020T4,738
55 Servicios de alojamiento,Indefinido,2021T1,738
55 Servicios de alojamiento,Indefinido,2021T2,738
55 Servicios de alojamiento,Indefinido,2021T3,722
55 Servicios de alojamiento,Indefinido,2021T4,720
55 Servicios de alojamiento,Temporal,2011T2,236
55 Servicios de alojamiento,Temporal,2011T3,220
55 Servicios de alojamiento,Temporal,2011T4,140
55 Servicios de alojamiento,Temporal,2012T1,144
55 Servicios de alojamiento,Temporal,2012T2,214
55 Servicios de alojamiento,Temporal,2012T3,219
55 Servicios de alojamiento,Temporal,2012T4,135
55 Servicios de alojamiento,Temporal,2013T1,159
55 Servicios de alojamiento,Temporal,2013T2,251
55 Servicios de alojamiento,Temporal,2013T3,235
55 Servicios de alojamiento,Temporal,2013T4,155
55 Servicios de alojamiento,Temporal,2014T1,141
55 Servicios de alojamiento,Temporal,2014T2,289
55 Servicios de alojamiento,Temporal,2014T3,249
55 Servicios de alojamiento,Temporal,2014T4,147
55 Servicios de alojamiento,Temporal,2015T1,155
55 Servicios de alojamiento,Temporal,2015T2,263
55 Servicios de alojamiento,Temporal,2015T3,282
55 Servicios de alojamiento,Temporal,2015T4,181
55 Servicios de alojamiento,Temporal,2016T1,188
55 Servicios de alojamiento,Temporal,2016T2,269
55 Servicios de alojamiento,Temporal,2016T3,269
55 Servicios de alojamiento,Temporal,2016T4,190
55 Servicios de alojamiento,Temporal,2017T1,181
55 Servicios de alojamiento,Temporal,2017T2,335
55 Servicios de alojamiento,Temporal,2017T3,341
55 Servicios de alojamiento,Temporal,2017T4,210
55 Servicios de alojamiento,Temporal,2018T1,267
55 Servicios de alojamiento,Temporal,2018T2,334
55 Servicios de alojamiento,Temporal,2018T3,336
55 Servicios de alojamiento,Temporal,2018T4,242
55 Servicios de alojamiento,Temporal,2019T1,235
55 Servicios de alojamiento,Temporal,2019T2,403
55 Servicios de alojamiento,Temporal,2019T3,364
55 Servicios de alojamiento,Temporal,2019T4,253
55 Servicios de alojamiento,Temporal,2020T1,141
55 Servicios de alojamiento,Temporal,2020T2,152
55 Servicios de alojamiento,Temporal,2020T3,147
55 Servicios de alojamiento,Temporal,2020T4,94
55 Servicios de alojamiento,Temporal,2021T1,75
55 Servicios de alojamiento,Temporal,2021T2,171
55 Servicios de alojamiento,Temporal,2021T3,208
55 Servicios de alojamiento,Temporal,2021T4,247
55 Servicios de alojamiento,Sin especificar,2011T2,151
55 Servicios de alojamiento,Sin especificar,2011T3,152
55 Servicios de alojamiento,Sin especificar,2011T4,147
55 Servicios de alojamiento,Sin especificar,2012T1,148
55 Servicios de alojamiento,Sin especificar,2012T2,152
55 Servicios de alojamiento,Sin especificar,2012T3,148
55 Servicios de alojamiento,Sin especificar,2012T4,140
55 Servicios de alojamiento,Sin especificar,2013T1,143
55 Servicios de alojamiento,Sin especificar,2013T2,198
55 Servicios de alojamiento,Sin especificar,2013T3,151
55 Servicios de alojamiento,Sin especificar,2013T4,147
55 Servicios de alojamiento,Sin especificar,2014T1,144
55 Servicios de alojamiento,Sin especificar,2014T2,158
55 Servicios de alojamiento,Sin especificar,2014T3,157
55 Servicios de alojamiento,Sin especificar,2014T4,160
55 Servicios de alojamiento,Sin especificar,2015T1,155
55 Servicios de alojamiento,Sin especificar,2015T2,166
55 Servicios de alojamiento,Sin especificar,2015T3,173
55 Servicios de alojamiento,Sin especificar,2015T4,169
55 Servicios de alojamiento,Sin especificar,2016T1,176
55 Servicios de alojamiento,Sin especificar,2016T2,189
55 Servicios de alojamiento,Sin especificar,2016T3,188
55 Servicios de alojamiento,Sin especificar,2016T4,182
55 Servicios de alojamiento,Sin especificar,2017T1,179
55 Servicios de alojamiento,Sin especificar,2017T2,196
55 Servicios de alojamiento,Sin especificar,2017T3,194
55 Servicios de alojamiento,Sin especificar,2017T4,183
55 Servicios de alojamiento,Sin especificar,2018T1,183
55 Servicios de alojamiento,Sin especificar,2018T2,191
55 Servicios de alojamiento,Sin especificar,2018T3,194
55 Servicios de alojamiento,Sin especificar,2018T4,190
55 Servicios de alojamiento,Sin especificar,2019T1,196
55 Servicios de alojamiento,Sin especificar,2019T2,204
55 Servicios de alojamiento,Sin especificar,2019T3,204
55 Servicios de alojamiento,Sin especificar,2019T4,201
55 Servicios de alojamiento,Sin especificar,2020T1,193
55 Servicios de alojamiento,Sin especificar,2020T2,202
55 Servicios de alojamiento,Sin especificar,2020T3,209
55 Servicios de alojamiento,Sin especificar,2020T4,202
55 Servicios de alojamiento,Sin especificar,2021T1,193
55 Servicios de alojamiento,Sin especificar,2021T2,198
55 Servicios de alojamiento,Sin especificar,2021T3,198
55 Servicios de alojamiento,Sin especificar,2021T4,194
56 Servicios de comidas y bebidas,TOTAL,2011T2,7413
56 Servicios de comidas y bebidas,TOTAL,2011T3,7619
56 Servicios de comidas y bebidas,TOTAL,2011T4,7523
56 Servicios de comidas y bebidas,TOTAL,2012T1,7399
56 Servicios de comidas y bebidas,TOTAL,2012T2,7524
56 Servicios de comidas y bebidas,TOTAL,2012T3,7679
56 Servicios de comidas y bebidas,TOTAL,2012T4,7429
56 Servicios de comidas y bebidas,TOTAL,2013T1,7322
56 Servicios de comidas y bebidas,TOTAL,2013T2,8258
56 Servicios de comidas y bebidas,TOTAL,2013T3,7531
56 Servicios de comidas y bebidas,TOTAL,2013T4,7407
56 Servicios de comidas y bebidas,TOTAL,2014T1,7431
56 Servicios de comidas y bebidas,TOTAL,2014T2,7704
56 Servicios de comidas y bebidas,TOTAL,2014T3,7868
56 Servicios de comidas y bebidas,TOTAL,2014T4,7824
56 Servicios de comidas y bebidas,TOTAL,2015T1,7834
56 Servicios de comidas y bebidas,TOTAL,2015T2,7970
56 Servicios de comidas y bebidas,TOTAL,2015T3,8042
56 Servicios de comidas y bebidas,TOTAL,2015T4,8001
56 Servicios de comidas y bebidas,TOTAL,2016T1,8012
56 Servicios de comidas y bebidas,TOTAL,2016T2,8088
56 Servicios de comidas y bebidas,TOTAL,2016T3,8347
56 Servicios de comidas y bebidas,TOTAL,2016T4,8278
56 Servicios de comidas y bebidas,TOTAL,2017T1,8250
56 Servicios de comidas y bebidas,TOTAL,2017T2,8321
56 Servicios de comidas y bebidas,TOTAL,2017T3,8537
56 Servicios de comidas y bebidas,TOTAL,2017T4,8412
56 Servicios de comidas y bebidas,TOTAL,2018T1,8592
56 Servicios de comidas y bebidas,TOTAL,2018T2,8700
56 Servicios de comidas y bebidas,TOTAL,2018T3,8812
56 Servicios de comidas y bebidas,TOTAL,2018T4,8576
56 Servicios de comidas y bebidas,TOTAL,2019T1,8757
56 Servicios de comidas y bebidas,TOTAL,2019T2,8984
56 Servicios de comidas y bebidas,TOTAL,2019T3,8987
56 Servicios de comidas y bebidas,TOTAL,2019T4,8786
56 Servicios de comidas y bebidas,TOTAL,2020T1,7750
56 Servicios de comidas y bebidas,TOTAL,2020T2,7660
56 Servicios de comidas y bebidas,TOTAL,2020T3,7753
56 Servicios de comidas y bebidas,TOTAL,2020T4,7272
56 Servicios de comidas y bebidas,TOTAL,2021T1,7272
56 Servicios de comidas y bebidas,TOTAL,2021T2,7547
56 Servicios de comidas y bebidas,TOTAL,2021T3,7986
56 Servicios de comidas y bebidas,TOTAL,2021T4,8071
56 Servicios de comidas y bebidas,Indefinido,2011T2,3204
56 Servicios de comidas y bebidas,Indefinido,2011T3,3479
56 Servicios de comidas y bebidas,Indefinido,2011T4,3478
56 Servicios de comidas y bebidas,Indefinido,2012T1,3428
56 Servicios de comidas y bebidas,Indefinido,2012T2,3167
56 Servicios de comidas y bebidas,Indefinido,2012T3,3325
56 Servicios de comidas y bebidas,Indefinido,2012T4,3397
56 Servicios de comidas y bebidas,Indefinido,2013T1,3407
56 Servicios de comidas y bebidas,Indefinido,2013T2,3182
56 Servicios de comidas y bebidas,Indefinido,2013T3,3218
56 Servicios de comidas y bebidas,Indefinido,2013T4,3286
56 Servicios de comidas y bebidas,Indefinido,2014T1,3390
56 Servicios de comidas y bebidas,Indefinido,2014T2,3154
56 Servicios de comidas y bebidas,Indefinido,2014T3,3396
56 Servicios de comidas y bebidas,Indefinido,2014T4,3535
56 Servicios de comidas y bebidas,Indefinido,2015T1,3567
56 Servicios de comidas y bebidas,Indefinido,2015T2,3376
56 Servicios de comidas y bebidas,Indefinido,2015T3,3535
56 Servicios de comidas y bebidas,Indefinido,2015T4,3611
56 Servicios de comidas y bebidas,Indefinido,2016T1,3666
56 Servicios de comidas y bebidas,Indefinido,2016T2,3486
56 Servicios de comidas y bebidas,Indefinido,2016T3,3712
56 Servicios de comidas y bebidas,Indefinido,2016T4,3829
56 Servicios de comidas y bebidas,Indefinido,2017T1,3826
56 Servicios de comidas y bebidas,Indefinido,2017T2,3630
56 Servicios de comidas y bebidas,Indefinido,2017T3,3835
56 Servicios de comidas y bebidas,Indefinido,2017T4,3979
56 Servicios de comidas y bebidas,Indefinido,2018T1,4136
56 Servicios de comidas y bebidas,Indefinido,2018T2,3910
56 Servicios de comidas y bebidas,Indefinido,2018T3,4192
56 Servicios de comidas y bebidas,Indefinido,2018T4,4244
56 Servicios de comidas y bebidas,Indefinido,2019T1,4270
56 Servicios de comidas y bebidas,Indefinido,2019T2,3997
56 Servicios de comidas y bebidas,Indefinido,2019T3,4217
56 Servicios de comidas y bebidas,Indefinido,2019T4,4309
56 Servicios de comidas y bebidas,Indefinido,2020T1,4060
56 Servicios de comidas y bebidas,Indefinido,2020T2,3823
56 Servicios de comidas y bebidas,Indefinido,2020T3,3951
56 Servicios de comidas y bebidas,Indefinido,2020T4,3872
56 Servicios de comidas y bebidas,Indefinido,2021T1,3795
56 Servicios de comidas y bebidas,Indefinido,2021T2,3581
56 Servicios de comidas y bebidas,Indefinido,2021T3,3766
56 Servicios de comidas y bebidas,Indefinido,2021T4,3990
56 Servicios de comidas y bebidas,Temporal,2011T2,1678
56 Servicios de comidas y bebidas,Temporal,2011T3,1598
56 Servicios de comidas y bebidas,Temporal,2011T4,1509
56 Servicios de comidas y bebidas,Temporal,2012T1,1431
56 Servicios de comidas y bebidas,Temporal,2012T2,1795
56 Servicios de comidas y bebidas,Temporal,2012T3,1764
56 Servicios de comidas y bebidas,Temporal,2012T4,1467
56 Servicios de comidas y bebidas,Temporal,2013T1,1355
56 Servicios de comidas y bebidas,Temporal,2013T2,1659
56 Servicios de comidas y bebidas,Temporal,2013T3,1734
56 Servicios de comidas y bebidas,Temporal,2013T4,1560
56 Servicios de comidas y bebidas,Temporal,2014T1,1468
56 Servicios de comidas y bebidas,Temporal,2014T2,1931
56 Servicios de comidas y bebidas,Temporal,2014T3,1864
56 Servicios de comidas y bebidas,Temporal,2014T4,1740
56 Servicios de comidas y bebidas,Temporal,2015T1,1747
56 Servicios de comidas y bebidas,Temporal,2015T2,2018
56 Servicios de comidas y bebidas,Temporal,2015T3,1945
56 Servicios de comidas y bebidas,Temporal,2015T4,1861
56 Servicios de comidas y bebidas,Temporal,2016T1,1818
56 Servicios de comidas y bebidas,Temporal,2016T2,2026
56 Servicios de comidas y bebidas,Temporal,2016T3,2092
56 Servicios de comidas y bebidas,Temporal,2016T4,1929
56 Servicios de comidas y bebidas,Temporal,2017T1,1930
56 Servicios de comidas y bebidas,Temporal,2017T2,2165
56 Servicios de comidas y bebidas,Temporal,2017T3,2194
56 Servicios de comidas y bebidas,Temporal,2017T4,1969
56 Servicios de comidas y bebidas,Temporal,2018T1,1942
56 Servicios de comidas y bebidas,Temporal,2018T2,2255
56 Servicios de comidas y bebidas,Temporal,2018T3,2115
56 Servicios de comidas y bebidas,Temporal,2018T4,1868
56 Servicios de comidas y bebidas,Temporal,2019T1,2027
56 Servicios de comidas y bebidas,Temporal,2019T2,2490
56 Servicios de comidas y bebidas,Temporal,2019T3,2304
56 Servicios de comidas y bebidas,Temporal,2019T4,2035
56 Servicios de comidas y bebidas,Temporal,2020T1,1326
56 Servicios de comidas y bebidas,Temporal,2020T2,1459
56 Servicios de comidas y bebidas,Temporal,2020T3,1449
56 Servicios de comidas y bebidas,Temporal,2020T4,1092
56 Servicios de comidas y bebidas,Temporal,2021T1,1166
56 Servicios de comidas y bebidas,Temporal,2021T2,1626
56 Servicios de comidas y bebidas,Temporal,2021T3,1888
56 Servicios de comidas y bebidas,Temporal,2021T4,1772
56 Servicios de comidas y bebidas,Sin especificar,2011T2,2531
56 Servicios de comidas y bebidas,Sin especificar,2011T3,2542
56 Servicios de comidas y bebidas,Sin especificar,2011T4,2536
56 Servicios de comidas y bebidas,Sin especificar,2012T1,2540
56 Servicios de comidas y bebidas,Sin especificar,2012T2,2562
56 Servicios de comidas y bebidas,Sin especificar,2012T3,2590
56 Servicios de comidas y bebidas,Sin especificar,2012T4,2565
56 Servicios de comidas y bebidas,Sin especificar,2013T1,2560
56 Servicios de comidas y bebidas,Sin especificar,2013T2,3417
56 Servicios de comidas y bebidas,Sin especificar,2013T3,2579
56 Servicios de comidas y bebidas,Sin especificar,2013T4,2561
56 Servicios de comidas y bebidas,Sin especificar,2014T1,2573
56 Servicios de comidas y bebidas,Sin especificar,2014T2,2619
56 Servicios de comidas y bebidas,Sin especificar,2014T3,2608
56 Servicios de comidas y bebidas,Sin especificar,2014T4,2549
56 Servicios de comidas y bebidas,Sin especificar,2015T1,2520
56 Servicios de comidas y bebidas,Sin especificar,2015T2,2576
56 Servicios de comidas y bebidas,Sin especificar,2015T3,2562
56 Servicios de comidas y bebidas,Sin especificar,2015T4,2529
56 Servicios de comidas y bebidas,Sin especificar,2016T1,2528
56 Servicios de comidas y bebidas,Sin especificar,2016T2,2576
56 Servicios de comidas y bebidas,Sin especificar,2016T3,2543
56 Servicios de comidas y bebidas,Sin especificar,2016T4,2520
56 Servicios de comidas y bebidas,Sin especificar,2017T1,2494
56 Servicios de comidas y bebidas,Sin especificar,2017T2,2526
56 Servicios de comidas y bebidas,Sin especificar,2017T3,2508
56 Servicios de comidas y bebidas,Sin especificar,2017T4,2464
56 Servicios de comidas y bebidas,Sin especificar,2018T1,2514
56 Servicios de comidas y bebidas,Sin especificar,2018T2,2535
56 Servicios de comidas y bebidas,Sin especificar,2018T3,2505
56 Servicios de comidas y bebidas,Sin especificar,2018T4,2464
56 Servicios de comidas y bebidas,Sin especificar,2019T1,2460
56 Servicios de comidas y bebidas,Sin especificar,2019T2,2497
56 Servicios de comidas y bebidas,Sin especificar,2019T3,2466
56 Servicios de comidas y bebidas,Sin especificar,2019T4,2442
56 Servicios de comidas y bebidas,Sin especificar,2020T1,2364
56 Servicios de comidas y bebidas,Sin especificar,2020T2,2378
56 Servicios de comidas y bebidas,Sin especificar,2020T3,2353
56 Servicios de comidas y bebidas,Sin especificar,2020T4,2308
56 Servicios de comidas y bebidas,Sin especificar,2021T1,2311
56 Servicios de comidas y bebidas,Sin especificar,2021T2,2340
56 Servicios de comidas y bebidas,Sin especificar,2021T3,2332
56 Servicios de comidas y bebidas,Sin especificar,2021T4,2309
"(491, 493, 501, 503, 511, 522) Transporte de pasajeros",TOTAL,2011T2,1009
"(491, 493, 501, 503, 511, 522) Transporte de pasajeros",TOTAL,2011T3,1089
"(491, 493, 501, 503, 511, 522) Transporte de pasajeros",TOTAL,2011T4,1076
"(491, 493, 501, 503, 511, 522) Transporte de pasajeros",TOTAL,2012T1,1139
"(491, 493, 501, 503, 511, 522) Transporte de pasajeros",TOTAL,2012T2,1079
"(491, 493, 501, 503, 511, 522) Transporte de pasajeros",TOTAL,2012T3,1154
"(491, 493, 501, 503, 511, 522) Transporte de pasajeros",TOTAL,2012T4,1135
"(491, 493, 501, 503, 511, 522) Transporte de pasajeros",TOTAL,2013T1,1063
"(491, 493, 501, 503, 511, 522) Transporte de pasajeros",TOTAL,2013T2,1067
"(491, 493, 501, 503, 511, 522) Transporte de pasajeros",TOTAL,2013T3,1058
"(491, 493, 501, 503, 511, 522) Transporte de pasajeros",TOTAL,2013T4,1032
"(491, 493, 501, 503, 511, 522) Transporte de pasajeros",TOTAL,2014T1,1051
"(491, 493, 501, 503, 511, 522) Transporte de pasajeros",TOTAL,2014T2,980
"(491, 493, 501, 503, 511, 522) Transporte de pasajeros",TOTAL,2014T3,1052
"(491, 493, 501, 503, 511, 522) Transporte de pasajeros",TOTAL,2014T4,1046
"(491, 493, 501, 503, 511, 522) Transporte de pasajeros",TOTAL,2015T1,1070
"(491, 493, 501, 503, 511, 522) Transporte de pasajeros",TOTAL,2015T2,1011
"(491, 493, 501, 503, 511, 522) Transporte de pasajeros",TOTAL,2015T3,1075
"(491, 493, 501, 503, 511, 522) Transporte de pasajeros",TOTAL,2015T4,1068
"(491, 493, 501, 503, 511, 522) Transporte de pasajeros",TOTAL,2016T1,1098
"(491, 493, 501, 503, 511, 522) Transporte de pasajeros",TOTAL,2016T2,1042
"(491, 493, 501, 503, 511, 522) Transporte de pasajeros",TOTAL,2016T3,1150
"(491, 493, 501, 503, 511, 522) Transporte de pasajeros",TOTAL,2016T4,1148
"(491, 493, 501, 503, 511, 522) Transporte de pasajeros",TOTAL,2017T1,1167
"(491, 493, 501, 503, 511, 522) Transporte de pasajeros",TOTAL,2017T2,1127
"(491, 493, 501, 503, 511, 522) Transporte de pasajeros",TOTAL,2017T3,1198
"(491, 493, 501, 503, 511, 522) Transporte de pasajeros",TOTAL,2017T4,1182
"(491, 493, 501, 503, 511, 522) Transporte de pasajeros",TOTAL,2018T1,1186
"(491, 493, 501, 503, 511, 522) Transporte de pasajeros",TOTAL,2018T2,1127
"(491, 493, 501, 503, 511, 522) Transporte de pasajeros",TOTAL,2018T3,1216
"(491, 493, 501, 503, 511, 522) Transporte de pasajeros",TOTAL,2018T4,1174
"(491, 493, 501, 503, 511, 522) Transporte de pasajeros",TOTAL,2019T1,1192
"(491, 493, 501, 503, 511, 522) Transporte de pasajeros",TOTAL,2019T2,1141
"(491, 493, 501, 503, 511, 522) Transporte de pasajeros",TOTAL,2019T3,1225
"(491, 493, 501, 503, 511, 522) Transporte de pasajeros",TOTAL,2019T4,1204
"(491, 493, 501, 503, 511, 522) Transporte de pasajeros",TOTAL,2020T1,1152
"(491, 493, 501, 503, 511, 522) Transporte de pasajeros",TOTAL,2020T2,1083
"(491, 493, 501, 503, 511, 522) Transporte de pasajeros",TOTAL,2020T3,1176
"(491, 493, 501, 503, 511, 522) Transporte de pasajeros",TOTAL,2020T4,1156
"(491, 493, 501, 503, 511, 522) Transporte de pasajeros",TOTAL,2021T1,1117
"(491, 493, 501, 503, 511, 522) Transporte de pasajeros",TOTAL,2021T2,1097
"(491, 493, 501, 503, 511, 522) Transporte de pasajeros",TOTAL,2021T3,1154
"(491, 493, 501, 503, 511, 522) Transporte de pasajeros",TOTAL,2021T4,1131
"(491, 493, 501, 503, 511, 522) Transporte de pasajeros",Indefinido,2011T2,574
"(491, 493, 501, 503, 511, 522) Transporte de pasajeros",Indefinido,2011T3,582
"(491, 493, 501, 503, 511, 522) Transporte de pasajeros",Indefinido,2011T4,572
"(491, 493, 501, 503, 511, 522) Transporte de pasajeros",Indefinido,2012T1,639
"(491, 493, 501, 503, 511, 522) Transporte de pasajeros",Indefinido,2012T2,637
"(491, 493, 501, 503, 511, 522) Transporte de pasajeros",Indefinido,2012T3,633
"(491, 493, 501, 503, 511, 522) Transporte de pasajeros",Indefinido,2012T4,626
"(491, 493, 501, 503, 511, 522) Transporte de pasajeros",Indefinido,2013T1,561
"(491, 493, 501, 503, 511, 522) Transporte de pasajeros",Indefinido,2013T2,550
"(491, 493, 501, 503, 511, 522) Transporte de pasajeros",Indefinido,2013T3,554
"(491, 493, 501, 503, 511, 522) Transporte de pasajeros",Indefinido,2013T4,526
"(491, 493, 501, 503, 511, 522) Transporte de pasajeros",Indefinido,2014T1,531
"(491, 493, 501, 503, 511, 522) Transporte de pasajeros",Indefinido,2014T2,525
"(491, 493, 501, 503, 511, 522) Transporte de pasajeros",Indefinido,2014T3,529
"(491, 493, 501, 503, 511, 522) Transporte de pasajeros",Indefinido,2014T4,524
"(491, 493, 501, 503, 511, 522) Transporte de pasajeros",Indefinido,2015T1,540
"(491, 493, 501, 503, 511, 522) Transporte de pasajeros",Indefinido,2015T2,543
"(491, 493, 501, 503, 511, 522) Transporte de pasajeros",Indefinido,2015T3,541
"(491, 493, 501, 503, 511, 522) Transporte de pasajeros",Indefinido,2015T4,541
"(491, 493, 501, 503, 511, 522) Transporte de pasajeros",Indefinido,2016T1,552
"(491, 493, 501, 503, 511, 522) Transporte de pasajeros",Indefinido,2016T2,546
"(491, 493, 501, 503, 511, 522) Transporte de pasajeros",Indefinido,2016T3,550
"(491, 493, 501, 503, 511, 522) Transporte de pasajeros",Indefinido,2016T4,548
"(491, 493, 501, 503, 511, 522) Transporte de pasajeros",Indefinido,2017T1,571
"(491, 493, 501, 503, 511, 522) Transporte de pasajeros",Indefinido,2017T2,625
"(491, 493, 501, 503, 511, 522) Transporte de pasajeros",Indefinido,2017T3,636
"(491, 493, 501, 503, 511, 522) Transporte de pasajeros",Indefinido,2017T4,637
"(491, 493, 501, 503, 511, 522) Transporte de pasajeros",Indefinido,2018T1,607
"(491, 493, 501, 503, 511, 522) Transporte de pasajeros",Indefinido,2018T2,623
"(491, 493, 501, 503, 511, 522) Transporte de pasajeros",Indefinido,2018T3,640
"(491, 493, 501, 503, 511, 522) Transporte de pasajeros",Indefinido,2018T4,620
"(491, 493, 501, 503, 511, 522) Transporte de pasajeros",Indefinido,2019T1,613
"(491, 493, 501, 503, 511, 522) Transporte de pasajeros",Indefinido,2019T2,619
"(491, 493, 501, 503, 511, 522) Transporte de pasajeros",Indefinido,2019T3,649
"(491, 493, 501, 503, 511, 522) Transporte de pasajeros",Indefinido,2019T4,686
"(491, 493, 501, 503, 511, 522) Transporte de pasajeros",Indefinido,2020T1,676
"(491, 493, 501, 503, 511, 522) Transporte de pasajeros",Indefinido,2020T2,672
"(491, 493, 501, 503, 511, 522) Transporte de pasajeros",Indefinido,2020T3,690
"(491, 493, 501, 503, 511, 522) Transporte de pasajeros",Indefinido,2020T4,673
"(491, 493, 501, 503, 511, 522) Transporte de pasajeros",Indefinido,2021T1,694
"(491, 493, 501, 503, 511, 522) Transporte de pasajeros",Indefinido,2021T2,720
"(491, 493, 501, 503, 511, 522) Transporte de pasajeros",Indefinido,2021T3,723
"(491, 493, 501, 503, 511, 522) Transporte de pasajeros",Indefinido,2021T4,735
"(491, 493, 501, 503, 511, 522) Transporte de pasajeros",Temporal,2011T2,239
"(491, 493, 501, 503, 511, 522) Transporte de pasajeros",Temporal,2011T3,311
"(491, 493, 501, 503, 511, 522) Transporte de pasajeros",Temporal,2011T4,307
"(491, 493, 501, 503, 511, 522) Transporte de pasajeros",Temporal,2012T1,300
"(491, 493, 501, 503, 511, 522) Transporte de pasajeros",Temporal,2012T2,244
"(491, 493, 501, 503, 511, 522) Transporte de pasajeros",Temporal,2012T3,325
"(491, 493, 501, 503, 511, 522) Transporte de pasajeros",Temporal,2012T4,310
"(491, 493, 501, 503, 511, 522) Transporte de pasajeros",Temporal,2013T1,304
"(491, 493, 501, 503, 511, 522) Transporte de pasajeros",Temporal,2013T2,273
"(491, 493, 501, 503, 511, 522) Transporte de pasajeros",Temporal,2013T3,310
"(491, 493, 501, 503, 511, 522) Transporte de pasajeros",Temporal,2013T4,311
"(491, 493, 501, 503, 511, 522) Transporte de pasajeros",Temporal,2014T1,326
"(491, 493, 501, 503, 511, 522) Transporte de pasajeros",Temporal,2014T2,261
"(491, 493, 501, 503, 511, 522) Transporte de pasajeros",Temporal,2014T3,334
"(491, 493, 501, 503, 511, 522) Transporte de pasajeros",Temporal,2014T4,326
"(491, 493, 501, 503, 511, 522) Transporte de pasajeros",Temporal,2015T1,331
"(491, 493, 501, 503, 511, 522) Transporte de pasajeros",Temporal,2015T2,272
"(491, 493, 501, 503, 511, 522) Transporte de pasajeros",Temporal,2015T3,340
"(491, 493, 501, 503, 511, 522) Transporte de pasajeros",Temporal,2015T4,330
"(491, 493, 501, 503, 511, 522) Transporte de pasajeros",Temporal,2016T1,348
"(491, 493, 501, 503, 511, 522) Transporte de pasajeros",Temporal,2016T2,297
"(491, 493, 501, 503, 511, 522) Transporte de pasajeros",Temporal,2016T3,403
"(491, 493, 501, 503, 511, 522) Transporte de pasajeros",Temporal,2016T4,404
"(491, 493, 501, 503, 511, 522) Transporte de pasajeros",Temporal,2017T1,400
"(491, 493, 501, 503, 511, 522) Transporte de pasajeros",Temporal,2017T2,306
"(491, 493, 501, 503, 511, 522) Transporte de pasajeros",Temporal,2017T3,365
"(491, 493, 501, 503, 511, 522) Transporte de pasajeros",Temporal,2017T4,344
"(491, 493, 501, 503, 511, 522) Transporte de pasajeros",Temporal,2018T1,376
"(491, 493, 501, 503, 511, 522) Transporte de pasajeros",Temporal,2018T2,304
"(491, 493, 501, 503, 511, 522) Transporte de pasajeros",Temporal,2018T3,378
"(491, 493, 501, 503, 511, 522) Transporte de pasajeros",Temporal,2018T4,354
"(491, 493, 501, 503, 511, 522) Transporte de pasajeros",Temporal,2019T1,382
"(491, 493, 501, 503, 511, 522) Transporte de pasajeros",Temporal,2019T2,324
"(491, 493, 501, 503, 511, 522) Transporte de pasajeros",Temporal,2019T3,379
"(491, 493, 501, 503, 511, 522) Transporte de pasajeros",Temporal,2019T4,318
"(491, 493, 501, 503, 511, 522) Transporte de pasajeros",Temporal,2020T1,279
"(491, 493, 501, 503, 511, 522) Transporte de pasajeros",Temporal,2020T2,215
"(491, 493, 501, 503, 511, 522) Transporte de pasajeros",Temporal,2020T3,286
"(491, 493, 501, 503, 511, 522) Transporte de pasajeros",Temporal,2020T4,282
"(491, 493, 501, 503, 511, 522) Transporte de pasajeros",Temporal,2021T1,223
"(491, 493, 501, 503, 511, 522) Transporte de pasajeros",Temporal,2021T2,178
"(491, 493, 501, 503, 511, 522) Transporte de pasajeros",Temporal,2021T3,232
"(491, 493, 501, 503, 511, 522) Transporte de pasajeros",Temporal,2021T4,197
"(491, 493, 501, 503, 511, 522) Transporte de pasajeros",Sin especificar,2011T2,196
"(491, 493, 501, 503, 511, 522) Transporte de pasajeros",Sin especificar,2011T3,196
"(491, 493, 501, 503, 511, 522) Transporte de pasajeros",Sin especificar,2011T4,197
"(491, 493, 501, 503, 511, 522) Transporte de pasajeros",Sin especificar,2012T1,200
"(491, 493, 501, 503, 511, 522) Transporte de pasajeros",Sin especificar,2012T2,198
"(491, 493, 501, 503, 511, 522) Transporte de pasajeros",Sin especificar,2012T3,196
"(491, 493, 501, 503, 511, 522) Transporte de pasajeros",Sin especificar,2012T4,199
"(491, 493, 501, 503, 511, 522) Transporte de pasajeros",Sin especificar,2013T1,198
"(491, 493, 501, 503, 511, 522) Transporte de pasajeros",Sin especificar,2013T2,244
"(491, 493, 501, 503, 511, 522) Transporte de pasajeros",Sin especificar,2013T3,194
"(491, 493, 501, 503, 511, 522) Transporte de pasajeros",Sin especificar,2013T4,195
"(491, 493, 501, 503, 511, 522) Transporte de pasajeros",Sin especificar,2014T1,194
"(491, 493, 501, 503, 511, 522) Transporte de pasajeros",Sin especificar,2014T2,194
"(491, 493, 501, 503, 511, 522) Transporte de pasajeros",Sin especificar,2014T3,189
"(491, 493, 501, 503, 511, 522) Transporte de pasajeros",Sin especificar,2014T4,196
"(491, 493, 501, 503, 511, 522) Transporte de pasajeros",Sin especificar,2015T1,199
"(491, 493, 501, 503, 511, 522) Transporte de pasajeros",Sin especificar,2015T2,196
"(491, 493, 501, 503, 511, 522) Transporte de pasajeros",Sin especificar,2015T3,194
"(491, 493, 501, 503, 511, 522) Transporte de pasajeros",Sin especificar,2015T4,197
"(491, 493, 501, 503, 511, 522) Transporte de pasajeros",Sin especificar,2016T1,198
"(491, 493, 501, 503, 511, 522) Transporte de pasajeros",Sin especificar,2016T2,199
"(491, 493, 501, 503, 511, 522) Transporte de pasajeros",Sin especificar,2016T3,197
"(491, 493, 501, 503, 511, 522) Transporte de pasajeros",Sin especificar,2016T4,196
"(491, 493, 501, 503, 511, 522) Transporte de pasajeros",Sin especificar,2017T1,196
"(491, 493, 501, 503, 511, 522) Transporte de pasajeros",Sin especificar,2017T2,196
"(491, 493, 501, 503, 511, 522) Transporte de pasajeros",Sin especificar,2017T3,197
"(491, 493, 501, 503, 511, 522) Transporte de pasajeros",Sin especificar,2017T4,201
"(491, 493, 501, 503, 511, 522) Transporte de pasajeros",Sin especificar,2018T1,203
"(491, 493, 501, 503, 511, 522) Transporte de pasajeros",Sin especificar,2018T2,200
"(491, 493, 501, 503, 511, 522) Transporte de pasajeros",Sin especificar,2018T3,198
"(491, 493, 501, 503, 511, 522) Transporte de pasajeros",Sin especificar,2018T4,200
"(491, 493, 501, 503, 511, 522) Transporte de pasajeros",Sin especificar,2019T1,197
"(491, 493, 501, 503, 511, 522) Transporte de pasajeros",Sin especificar,2019T2,198
"(491, 493, 501, 503, 511, 522) Transporte de pasajeros",Sin especificar,2019T3,197
"(491, 493, 501, 503, 511, 522) Transporte de pasajeros",Sin especificar,2019T4,200
"(491, 493, 501, 503, 511, 522) Transporte de pasajeros",Sin especificar,2020T1,197
"(491, 493, 501, 503, 511, 522) Transporte de pasajeros",Sin especificar,2020T2,196
"(491, 493, 501, 503, 511, 522) Transporte de pasajeros",Sin especificar,2020T3,200
"(491, 493, 501, 503, 511, 522) Transporte de pasajeros",Sin especificar,2020T4,201
"(491, 493, 501, 503, 511, 522) Transporte de pasajeros",Sin especificar,2021T1,200
"(491, 493, 501, 503, 511, 522) Transporte de pasajeros",Sin especificar,2021T2,199
"(491, 493, 501, 503, 511, 522) Transporte de pasajeros",Sin especificar,2021T3,199
"(491, 493, 501, 503, 511, 522) Transporte de pasajeros",Sin especificar,2021T4,199
"Otras actividades turísticas: Agencias de viaje, alquiler de vehículos, actividades culturales, actividades deportivas",TOTAL,2011T2,1649
"Otras actividades turísticas: Agencias de viaje, alquiler de vehículos, actividades culturales, actividades deportivas",TOTAL,2011T3,1649
"Otras actividades turísticas: Agencias de viaje, alquiler de vehículos, actividades culturales, actividades deportivas",TOTAL,2011T4,1725
"Otras actividades turísticas: Agencias de viaje, alquiler de vehículos, actividades culturales, actividades deportivas",TOTAL,2012T1,1764
"Otras actividades turísticas: Agencias de viaje, alquiler de vehículos, actividades culturales, actividades deportivas",TOTAL,2012T2,1688
"Otras actividades turísticas: Agencias de viaje, alquiler de vehículos, actividades culturales, actividades deportivas",TOTAL,2012T3,1619
"Otras actividades turísticas: Agencias de viaje, alquiler de vehículos, actividades culturales, actividades deportivas",TOTAL,2012T4,1743
"Otras actividades turísticas: Agencias de viaje, alquiler de vehículos, actividades culturales, actividades deportivas",TOTAL,2013T1,1759
"Otras actividades turísticas: Agencias de viaje, alquiler de vehículos, actividades culturales, actividades deportivas",TOTAL,2013T2,1903
"Otras actividades turísticas: Agencias de viaje, alquiler de vehículos, actividades culturales, actividades deportivas",TOTAL,2013T3,1626
"Otras actividades turísticas: Agencias de viaje, alquiler de vehículos, actividades culturales, actividades deportivas",TOTAL,2013T4,1861
"Otras actividades turísticas: Agencias de viaje, alquiler de vehículos, actividades culturales, actividades deportivas",TOTAL,2014T1,1812
"Otras actividades turísticas: Agencias de viaje, alquiler de vehículos, actividades culturales, actividades deportivas",TOTAL,2014T2,1681
"Otras actividades turísticas: Agencias de viaje, alquiler de vehículos, actividades culturales, actividades deportivas",TOTAL,2014T3,1677
"Otras actividades turísticas: Agencias de viaje, alquiler de vehículos, actividades culturales, actividades deportivas",TOTAL,2014T4,1922
"Otras actividades turísticas: Agencias de viaje, alquiler de vehículos, actividades culturales, actividades deportivas",TOTAL,2015T1,1947
"Otras actividades turísticas: Agencias de viaje, alquiler de vehículos, actividades culturales, actividades deportivas",TOTAL,2015T2,1851
"Otras actividades turísticas: Agencias de viaje, alquiler de vehículos, actividades culturales, actividades deportivas",TOTAL,2015T3,1753
"Otras actividades turísticas: Agencias de viaje, alquiler de vehículos, actividades culturales, actividades deportivas",TOTAL,2015T4,1985
"Otras actividades turísticas: Agencias de viaje, alquiler de vehículos, actividades culturales, actividades deportivas",TOTAL,2016T1,2025
"Otras actividades turísticas: Agencias de viaje, alquiler de vehículos, actividades culturales, actividades deportivas",TOTAL,2016T2,1906
"Otras actividades turísticas: Agencias de viaje, alquiler de vehículos, actividades culturales, actividades deportivas",TOTAL,2016T3,1830
"Otras actividades turísticas: Agencias de viaje, alquiler de vehículos, actividades culturales, actividades deportivas",TOTAL,2016T4,2055
"Otras actividades turísticas: Agencias de viaje, alquiler de vehículos, actividades culturales, actividades deportivas",TOTAL,2017T1,2092
"Otras actividades turísticas: Agencias de viaje, alquiler de vehículos, actividades culturales, actividades deportivas",TOTAL,2017T2,1991
"Otras actividades turísticas: Agencias de viaje, alquiler de vehículos, actividades culturales, actividades deportivas",TOTAL,2017T3,1899
"Otras actividades turísticas: Agencias de viaje, alquiler de vehículos, actividades culturales, actividades deportivas",TOTAL,2017T4,2064
"Otras actividades turísticas: Agencias de viaje, alquiler de vehículos, actividades culturales, actividades deportivas",TOTAL,2018T1,2054
"Otras actividades turísticas: Agencias de viaje, alquiler de vehículos, actividades culturales, actividades deportivas",TOTAL,2018T2,1985
"Otras actividades turísticas: Agencias de viaje, alquiler de vehículos, actividades culturales, actividades deportivas",TOTAL,2018T3,1978
"Otras actividades turísticas: Agencias de viaje, alquiler de vehículos, actividades culturales, actividades deportivas",TOTAL,2018T4,2123
"Otras actividades turísticas: Agencias de viaje, alquiler de vehículos, actividades culturales, actividades deportivas",TOTAL,2019T1,2262
"Otras actividades turísticas: Agencias de viaje, alquiler de vehículos, actividades culturales, actividades deportivas",TOTAL,2019T2,2156
"Otras actividades turísticas: Agencias de viaje, alquiler de vehículos, actividades culturales, actividades deportivas",TOTAL,2019T3,2130
"Otras actividades turísticas: Agencias de viaje, alquiler de vehículos, actividades culturales, actividades deportivas",TOTAL,2019T4,2296
"Otras actividades turísticas: Agencias de viaje, alquiler de vehículos, actividades culturales, actividades deportivas",TOTAL,2020T1,1989
"Otras actividades turísticas: Agencias de viaje, alquiler de vehículos, actividades culturales, actividades deportivas",TOTAL,2020T2,1804
"Otras actividades turísticas: Agencias de viaje, alquiler de vehículos, actividades culturales, actividades deportivas",TOTAL,2020T3,1884
"Otras actividades turísticas: Agencias de viaje, alquiler de vehículos, actividades culturales, actividades deportivas",TOTAL,2020T4,2049
"Otras actividades turísticas: Agencias de viaje, alquiler de vehículos, actividades culturales, actividades deportivas",TOTAL,2021T1,1988
"Otras actividades turísticas: Agencias de viaje, alquiler de vehículos, actividades culturales, actividades deportivas",TOTAL,2021T2,1835
"Otras actividades turísticas: Agencias de viaje, alquiler de vehículos, actividades culturales, actividades deportivas",TOTAL,2021T3,1941
"Otras actividades turísticas: Agencias de viaje, alquiler de vehículos, actividades culturales, actividades deportivas",TOTAL,2021T4,2322
"Otras actividades turísticas: Agencias de viaje, alquiler de vehículos, actividades culturales, actividades deportivas",Indefinido,2011T2,657
"Otras actividades turísticas: Agencias de viaje, alquiler de vehículos, actividades culturales, actividades deportivas",Indefinido,2011T3,732
"Otras actividades turísticas: Agencias de viaje, alquiler de vehículos, actividades culturales, actividades deportivas",Indefinido,2011T4,760
"Otras actividades turísticas: Agencias de viaje, alquiler de vehículos, actividades culturales, actividades deportivas",Indefinido,2012T1,776
"Otras actividades turísticas: Agencias de viaje, alquiler de vehículos, actividades culturales, actividades deportivas",Indefinido,2012T2,655
"Otras actividades turísticas: Agencias de viaje, alquiler de vehículos, actividades culturales, actividades deportivas",Indefinido,2012T3,674
"Otras actividades turísticas: Agencias de viaje, alquiler de vehículos, actividades culturales, actividades deportivas",Indefinido,2012T4,761
"Otras actividades turísticas: Agencias de viaje, alquiler de vehículos, actividades culturales, actividades deportivas",Indefinido,2013T1,780
"Otras actividades turísticas: Agencias de viaje, alquiler de vehículos, actividades culturales, actividades deportivas",Indefinido,2013T2,677
"Otras actividades turísticas: Agencias de viaje, alquiler de vehículos, actividades culturales, actividades deportivas",Indefinido,2013T3,654
"Otras actividades turísticas: Agencias de viaje, alquiler de vehículos, actividades culturales, actividades deportivas",Indefinido,2013T4,754
"Otras actividades turísticas: Agencias de viaje, alquiler de vehículos, actividades culturales, actividades deportivas",Indefinido,2014T1,726
"Otras actividades turísticas: Agencias de viaje, alquiler de vehículos, actividades culturales, actividades deportivas",Indefinido,2014T2,645
"Otras actividades turísticas: Agencias de viaje, alquiler de vehículos, actividades culturales, actividades deportivas",Indefinido,2014T3,674
"Otras actividades turísticas: Agencias de viaje, alquiler de vehículos, actividades culturales, actividades deportivas",Indefinido,2014T4,780
"Otras actividades turísticas: Agencias de viaje, alquiler de vehículos, actividades culturales, actividades deportivas",Indefinido,2015T1,798
"Otras actividades turísticas: Agencias de viaje, alquiler de vehículos, actividades culturales, actividades deportivas",Indefinido,2015T2,710
"Otras actividades turísticas: Agencias de viaje, alquiler de vehículos, actividades culturales, actividades deportivas",Indefinido,2015T3,734
"Otras actividades turísticas: Agencias de viaje, alquiler de vehículos, actividades culturales, actividades deportivas",Indefinido,2015T4,778
"Otras actividades turísticas: Agencias de viaje, alquiler de vehículos, actividades culturales, actividades deportivas",Indefinido,2016T1,828
"Otras actividades turísticas: Agencias de viaje, alquiler de vehículos, actividades culturales, actividades deportivas",Indefinido,2016T2,752
"Otras actividades turísticas: Agencias de viaje, alquiler de vehículos, actividades culturales, actividades deportivas",Indefinido,2016T3,759
"Otras actividades turísticas: Agencias de viaje, alquiler de vehículos, actividades culturales, actividades deportivas",Indefinido,2016T4,816
"Otras actividades turísticas: Agencias de viaje, alquiler de vehículos, actividades culturales, actividades deportivas",Indefinido,2017T1,860
"Otras actividades turísticas: Agencias de viaje, alquiler de vehículos, actividades culturales, actividades deportivas",Indefinido,2017T2,781
"Otras actividades turísticas: Agencias de viaje, alquiler de vehículos, actividades culturales, actividades deportivas",Indefinido,2017T3,792
"Otras actividades turísticas: Agencias de viaje, alquiler de vehículos, actividades culturales, actividades deportivas",Indefinido,2017T4,822
"Otras actividades turísticas: Agencias de viaje, alquiler de vehículos, actividades culturales, actividades deportivas",Indefinido,2018T1,834
"Otras actividades turísticas: Agencias de viaje, alquiler de vehículos, actividades culturales, actividades deportivas",Indefinido,2018T2,778
"Otras actividades turísticas: Agencias de viaje, alquiler de vehículos, actividades culturales, actividades deportivas",Indefinido,2018T3,822
"Otras actividades turísticas: Agencias de viaje, alquiler de vehículos, actividades culturales, actividades deportivas",Indefinido,2018T4,888
"Otras actividades turísticas: Agencias de viaje, alquiler de vehículos, actividades culturales, actividades deportivas",Indefinido,2019T1,953
"Otras actividades turísticas: Agencias de viaje, alquiler de vehículos, actividades culturales, actividades deportivas",Indefinido,2019T2,882
"Otras actividades turísticas: Agencias de viaje, alquiler de vehículos, actividades culturales, actividades deportivas",Indefinido,2019T3,929
"Otras actividades turísticas: Agencias de viaje, alquiler de vehículos, actividades culturales, actividades deportivas",Indefinido,2019T4,1031
"Otras actividades turísticas: Agencias de viaje, alquiler de vehículos, actividades culturales, actividades deportivas",Indefinido,2020T1,942
"Otras actividades turísticas: Agencias de viaje, alquiler de vehículos, actividades culturales, actividades deportivas",Indefinido,2020T2,891
"Otras actividades turísticas: Agencias de viaje, alquiler de vehículos, actividades culturales, actividades deportivas",Indefinido,2020T3,880
"Otras actividades turísticas: Agencias de viaje, alquiler de vehículos, actividades culturales, actividades deportivas",Indefinido,2020T4,903
"Otras actividades turísticas: Agencias de viaje, alquiler de vehículos, actividades culturales, actividades deportivas",Indefinido,2021T1,913
"Otras actividades turísticas: Agencias de viaje, alquiler de vehículos, actividades culturales, actividades deportivas",Indefinido,2021T2,785
"Otras actividades turísticas: Agencias de viaje, alquiler de vehículos, actividades culturales, actividades deportivas",Indefinido,2021T3,817
"Otras actividades turísticas: Agencias de viaje, alquiler de vehículos, actividades culturales, actividades deportivas",Indefinido,2021T4,915
"Otras actividades turísticas: Agencias de viaje, alquiler de vehículos, actividades culturales, actividades deportivas",Temporal,2011T2,534
"Otras actividades turísticas: Agencias de viaje, alquiler de vehículos, actividades culturales, actividades deportivas",Temporal,2011T3,451
"Otras actividades turísticas: Agencias de viaje, alquiler de vehículos, actividades culturales, actividades deportivas",Temporal,2011T4,505
"Otras actividades turísticas: Agencias de viaje, alquiler de vehículos, actividades culturales, actividades deportivas",Temporal,2012T1,532
"Otras actividades turísticas: Agencias de viaje, alquiler de vehículos, actividades culturales, actividades deportivas",Temporal,2012T2,541
"Otras actividades turísticas: Agencias de viaje, alquiler de vehículos, actividades culturales, actividades deportivas",Temporal,2012T3,445
"Otras actividades turísticas: Agencias de viaje, alquiler de vehículos, actividades culturales, actividades deportivas",Temporal,2012T4,505
"Otras actividades turísticas: Agencias de viaje, alquiler de vehículos, actividades culturales, actividades deportivas",Temporal,2013T1,515
"Otras actividades turísticas: Agencias de viaje, alquiler de vehículos, actividades culturales, actividades deportivas",Temporal,2013T2,574
"Otras actividades turísticas: Agencias de viaje, alquiler de vehículos, actividades culturales, actividades deportivas",Temporal,2013T3,476
"Otras actividades turísticas: Agencias de viaje, alquiler de vehículos, actividades culturales, actividades deportivas",Temporal,2013T4,621
"Otras actividades turísticas: Agencias de viaje, alquiler de vehículos, actividades culturales, actividades deportivas",Temporal,2014T1,589
"Otras actividades turísticas: Agencias de viaje, alquiler de vehículos, actividades culturales, actividades deportivas",Temporal,2014T2,541
"Otras actividades turísticas: Agencias de viaje, alquiler de vehículos, actividades culturales, actividades deportivas",Temporal,2014T3,483
"Otras actividades turísticas: Agencias de viaje, alquiler de vehículos, actividades culturales, actividades deportivas",Temporal,2014T4,647
"Otras actividades turísticas: Agencias de viaje, alquiler de vehículos, actividades culturales, actividades deportivas",Temporal,2015T1,661
"Otras actividades turísticas: Agencias de viaje, alquiler de vehículos, actividades culturales, actividades deportivas",Temporal,2015T2,627
"Otras actividades turísticas: Agencias de viaje, alquiler de vehículos, actividades culturales, actividades deportivas",Temporal,2015T3,515
"Otras actividades turísticas: Agencias de viaje, alquiler de vehículos, actividades culturales, actividades deportivas",Temporal,2015T4,720
"Otras actividades turísticas: Agencias de viaje, alquiler de vehículos, actividades culturales, actividades deportivas",Temporal,2016T1,707
"Otras actividades turísticas: Agencias de viaje, alquiler de vehículos, actividades culturales, actividades deportivas",Temporal,2016T2,638
"Otras actividades turísticas: Agencias de viaje, alquiler de vehículos, actividades culturales, actividades deportivas",Temporal,2016T3,566
"Otras actividades turísticas: Agencias de viaje, alquiler de vehículos, actividades culturales, actividades deportivas",Temporal,2016T4,738
"Otras actividades turísticas: Agencias de viaje, alquiler de vehículos, actividades culturales, actividades deportivas",Temporal,2017T1,731
"Otras actividades turísticas: Agencias de viaje, alquiler de vehículos, actividades culturales, actividades deportivas",Temporal,2017T2,677
"Otras actividades turísticas: Agencias de viaje, alquiler de vehículos, actividades culturales, actividades deportivas",Temporal,2017T3,584
"Otras actividades turísticas: Agencias de viaje, alquiler de vehículos, actividades culturales, actividades deportivas",Temporal,2017T4,732
"Otras actividades turísticas: Agencias de viaje, alquiler de vehículos, actividades culturales, actividades deportivas",Temporal,2018T1,716
"Otras actividades turísticas: Agencias de viaje, alquiler de vehículos, actividades culturales, actividades deportivas",Temporal,2018T2,671
"Otras actividades turísticas: Agencias de viaje, alquiler de vehículos, actividades culturales, actividades deportivas",Temporal,2018T3,623
"Otras actividades turísticas: Agencias de viaje, alquiler de vehículos, actividades culturales, actividades deportivas",Temporal,2018T4,714
"Otras actividades turísticas: Agencias de viaje, alquiler de vehículos, actividades culturales, actividades deportivas",Temporal,2019T1,799
"Otras actividades turísticas: Agencias de viaje, alquiler de vehículos, actividades culturales, actividades deportivas",Temporal,2019T2,735
"Otras actividades turísticas: Agencias de viaje, alquiler de vehículos, actividades culturales, actividades deportivas",Temporal,2019T3,672
"Otras actividades turísticas: Agencias de viaje, alquiler de vehículos, actividades culturales, actividades deportivas",Temporal,2019T4,739
"Otras actividades turísticas: Agencias de viaje, alquiler de vehículos, actividades culturales, actividades deportivas",Temporal,2020T1,540
"Otras actividades turísticas: Agencias de viaje, alquiler de vehículos, actividades culturales, actividades deportivas",Temporal,2020T2,403
"Otras actividades turísticas: Agencias de viaje, alquiler de vehículos, actividades culturales, actividades deportivas",Temporal,2020T3,490
"Otras actividades turísticas: Agencias de viaje, alquiler de vehículos, actividades culturales, actividades deportivas",Temporal,2020T4,635
"Otras actividades turísticas: Agencias de viaje, alquiler de vehículos, actividades culturales, actividades deportivas",Temporal,2021T1,560
"Otras actividades turísticas: Agencias de viaje, alquiler de vehículos, actividades culturales, actividades deportivas",Temporal,2021T2,529
"Otras actividades turísticas: Agencias de viaje, alquiler de vehículos, actividades culturales, actividades deportivas",Temporal,2021T3,591
"Otras actividades turísticas: Agencias de viaje, alquiler de vehículos, actividades culturales, actividades deportivas",Temporal,2021T4,864
"Otras actividades turísticas: Agencias de viaje, alquiler de vehículos, actividades culturales, actividades deportivas",Sin especificar,2011T2,458
"Otras actividades turísticas: Agencias de viaje, alquiler de vehículos, actividades culturales, actividades deportivas",Sin especificar,2011T3,466
"Otras actividades turísticas: Agencias de viaje, alquiler de vehículos, actividades culturales, actividades deportivas",Sin especificar,2011T4,460
"Otras actividades turísticas: Agencias de viaje, alquiler de vehículos, actividades culturales, actividades deportivas",Sin especificar,2012T1,456
"Otras actividades turísticas: Agencias de viaje, alquiler de vehículos, actividades culturales, actividades deportivas",Sin especificar,2012T2,492
"Otras actividades turísticas: Agencias de viaje, alquiler de vehículos, actividades culturales, actividades deportivas",Sin especificar,2012T3,500
"Otras actividades turísticas: Agencias de viaje, alquiler de vehículos, actividades culturales, actividades deportivas",Sin especificar,2012T4,477
"Otras actividades turísticas: Agencias de viaje, alquiler de vehículos, actividades culturales, actividades deportivas",Sin especificar,2013T1,464
"Otras actividades turísticas: Agencias de viaje, alquiler de vehículos, actividades culturales, actividades deportivas",Sin especificar,2013T2,652
"Otras actividades turísticas: Agencias de viaje, alquiler de vehículos, actividades culturales, actividades deportivas",Sin especificar,2013T3,496
"Otras actividades turísticas: Agencias de viaje, alquiler de vehículos, actividades culturales, actividades deportivas",Sin especificar,2013T4,486
"Otras actividades turísticas: Agencias de viaje, alquiler de vehículos, actividades culturales, actividades deportivas",Sin especificar,2014T1,497
"Otras actividades turísticas: Agencias de viaje, alquiler de vehículos, actividades culturales, actividades deportivas",Sin especificar,2014T2,495
"Otras actividades turísticas: Agencias de viaje, alquiler de vehículos, actividades culturales, actividades deportivas",Sin especificar,2014T3,520
"Otras actividades turísticas: Agencias de viaje, alquiler de vehículos, actividades culturales, actividades deportivas",Sin especificar,2014T4,495
"Otras actividades turísticas: Agencias de viaje, alquiler de vehículos, actividades culturales, actividades deportivas",Sin especificar,2015T1,488
"Otras actividades turísticas: Agencias de viaje, alquiler de vehículos, actividades culturales, actividades deportivas",Sin especificar,2015T2,514
"Otras actividades turísticas: Agencias de viaje, alquiler de vehículos, actividades culturales, actividades deportivas",Sin especificar,2015T3,504
"Otras actividades turísticas: Agencias de viaje, alquiler de vehículos, actividades culturales, actividades deportivas",Sin especificar,2015T4,487
"Otras actividades turísticas: Agencias de viaje, alquiler de vehículos, actividades culturales, actividades deportivas",Sin especificar,2016T1,490
"Otras actividades turísticas: Agencias de viaje, alquiler de vehículos, actividades culturales, actividades deportivas",Sin especificar,2016T2,516
"Otras actividades turísticas: Agencias de viaje, alquiler de vehículos, actividades culturales, actividades deportivas",Sin especificar,2016T3,505
"Otras actividades turísticas: Agencias de viaje, alquiler de vehículos, actividades culturales, actividades deportivas",Sin especificar,2016T4,501
"Otras actividades turísticas: Agencias de viaje, alquiler de vehículos, actividades culturales, actividades deportivas",Sin especificar,2017T1,501
"Otras actividades turísticas: Agencias de viaje, alquiler de vehículos, actividades culturales, actividades deportivas",Sin especificar,2017T2,533
"Otras actividades turísticas: Agencias de viaje, alquiler de vehículos, actividades culturales, actividades deportivas",Sin especificar,2017T3,523
"Otras actividades turísticas: Agencias de viaje, alquiler de vehículos, actividades culturales, actividades deportivas",Sin especificar,2017T4,510
"Otras actividades turísticas: Agencias de viaje, alquiler de vehículos, actividades culturales, actividades deportivas",Sin especificar,2018T1,504
"Otras actividades turísticas: Agencias de viaje, alquiler de vehículos, actividades culturales, actividades deportivas",Sin especificar,2018T2,536
"Otras actividades turísticas: Agencias de viaje, alquiler de vehículos, actividades culturales, actividades deportivas",Sin especificar,2018T3,533
"Otras actividades turísticas: Agencias de viaje, alquiler de vehículos, actividades culturales, actividades deportivas",Sin especificar,2018T4,521
"Otras actividades turísticas: Agencias de viaje, alquiler de vehículos, actividades culturales, actividades deportivas",Sin especificar,2019T1,510
"Otras actividades turísticas: Agencias de viaje, alquiler de vehículos, actividades culturales, actividades deportivas",Sin especificar,2019T2,539
"Otras actividades turísticas: Agencias de viaje, alquiler de vehículos, actividades culturales, actividades deportivas",Sin especificar,2019T3,529
"Otras actividades turísticas: Agencias de viaje, alquiler de vehículos, actividades culturales, actividades deportivas",Sin especificar,2019T4,526
"Otras actividades turísticas: Agencias de viaje, alquiler de vehículos, actividades culturales, actividades deportivas",Sin especificar,2020T1,507
"Otras actividades turísticas: Agencias de viaje, alquiler de vehículos, actividades culturales, actividades deportivas",Sin especificar,2020T2,510
"Otras actividades turísticas: Agencias de viaje, alquiler de vehículos, actividades culturales, actividades deportivas",Sin especificar,2020T3,514
"Otras actividades turísticas: Agencias de viaje, alquiler de vehículos, actividades culturales, actividades deportivas",Sin especificar,2020T4,511
"Otras actividades turísticas: Agencias de viaje, alquiler de vehículos, actividades culturales, actividades deportivas",Sin especificar,2021T1,515
"Otras actividades turísticas: Agencias de viaje, alquiler de vehículos, actividades culturales, actividades deportivas",Sin especificar,2021T2,521
"Otras actividades turísticas: Agencias de viaje, alquiler de vehículos, actividades culturales, actividades deportivas",Sin especificar,2021T3,533
"Otras actividades turísticas: Agencias de viaje, alquiler de vehículos, actividades culturales, actividades deportivas",Sin especificar,2021T4,543
RESTO DE SECTOR SERVICIOS,TOTAL,2011T2,63519
RESTO DE SECTOR SERVICIOS,TOTAL,2011T3,62902
RESTO DE SECTOR SERVICIOS,TOTAL,2011T4,62320
RESTO DE SECTOR SERVICIOS,TOTAL,2012T1,62027
RESTO DE SECTOR SERVICIOS,TOTAL,2012T2,62482
RESTO DE SECTOR SERVICIOS,TOTAL,2012T3,63616
RESTO DE SECTOR SERVICIOS,TOTAL,2012T4,63195
RESTO DE SECTOR SERVICIOS,TOTAL,2013T1,62497
RESTO DE SECTOR SERVICIOS,TOTAL,2013T2,69423
RESTO DE SECTOR SERVICIOS,TOTAL,2013T3,62723
RESTO DE SECTOR SERVICIOS,TOTAL,2013T4,63326
RESTO DE SECTOR SERVICIOS,TOTAL,2014T1,63635
RESTO DE SECTOR SERVICIOS,TOTAL,2014T2,64230
RESTO DE SECTOR SERVICIOS,TOTAL,2014T3,64352
RESTO DE SECTOR SERVICIOS,TOTAL,2014T4,64981
RESTO DE SECTOR SERVICIOS,TOTAL,2015T1,65496
RESTO DE SECTOR SERVICIOS,TOTAL,2015T2,65795
RESTO DE SECTOR SERVICIOS,TOTAL,2015T3,65859
RESTO DE SECTOR SERVICIOS,TOTAL,2015T4,66484
RESTO DE SECTOR SERVICIOS,TOTAL,2016T1,66522
RESTO DE SECTOR SERVICIOS,TOTAL,2016T2,66739
RESTO DE SECTOR SERVICIOS,TOTAL,2016T3,66382
RESTO DE SECTOR SERVICIOS,TOTAL,2016T4,68251
RESTO DE SECTOR SERVICIOS,TOTAL,2017T1,68491
RESTO DE SECTOR SERVICIOS,TOTAL,2017T2,68405
RESTO DE SECTOR SERVICIOS,TOTAL,2017T3,69793
RESTO DE SECTOR SERVICIOS,TOTAL,2017T4,69950
RESTO DE SECTOR SERVICIOS,TOTAL,2018T1,70105
RESTO DE SECTOR SERVICIOS,TOTAL,2018T2,71074
RESTO DE SECTOR SERVICIOS,TOTAL,2018T3,71095
RESTO DE SECTOR SERVICIOS,TOTAL,2018T4,71815
RESTO DE SECTOR SERVICIOS,TOTAL,2019T1,72280
RESTO DE SECTOR SERVICIOS,TOTAL,2019T2,72226
RESTO DE SECTOR SERVICIOS,TOTAL,2019T3,71921
RESTO DE SECTOR SERVICIOS,TOTAL,2019T4,72632
RESTO DE SECTOR SERVICIOS,TOTAL,2020T1,71888
RESTO DE SECTOR SERVICIOS,TOTAL,2020T2,70528
RESTO DE SECTOR SERVICIOS,TOTAL,2020T3,72865
RESTO DE SECTOR SERVICIOS,TOTAL,2020T4,73658
RESTO DE SECTOR SERVICIOS,TOTAL,2021T1,73690
RESTO DE SECTOR SERVICIOS,TOTAL,2021T2,74044
RESTO DE SECTOR SERVICIOS,TOTAL,2021T3,74438
RESTO DE SECTOR SERVICIOS,TOTAL,2021T4,76127
RESTO DE SECTOR SERVICIOS,Indefinido,2011T2,28845
RESTO DE SECTOR SERVICIOS,Indefinido,2011T3,29038
RESTO DE SECTOR SERVICIOS,Indefinido,2011T4,29055
RESTO DE SECTOR SERVICIOS,Indefinido,2012T1,29354
RESTO DE SECTOR SERVICIOS,Indefinido,2012T2,29675
RESTO DE SECTOR SERVICIOS,Indefinido,2012T3,30958
RESTO DE SECTOR SERVICIOS,Indefinido,2012T4,30913
RESTO DE SECTOR SERVICIOS,Indefinido,2013T1,30655
RESTO DE SECTOR SERVICIOS,Indefinido,2013T2,32006
RESTO DE SECTOR SERVICIOS,Indefinido,2013T3,29935
RESTO DE SECTOR SERVICIOS,Indefinido,2013T4,30027
RESTO DE SECTOR SERVICIOS,Indefinido,2014T1,29970
RESTO DE SECTOR SERVICIOS,Indefinido,2014T2,29833
RESTO DE SECTOR SERVICIOS,Indefinido,2014T3,29989
RESTO DE SECTOR SERVICIOS,Indefinido,2014T4,30354
RESTO DE SECTOR SERVICIOS,Indefinido,2015T1,30461
RESTO DE SECTOR SERVICIOS,Indefinido,2015T2,30143
RESTO DE SECTOR SERVICIOS,Indefinido,2015T3,30406
RESTO DE SECTOR SERVICIOS,Indefinido,2015T4,30963
RESTO DE SECTOR SERVICIOS,Indefinido,2016T1,31058
RESTO DE SECTOR SERVICIOS,Indefinido,2016T2,30587
RESTO DE SECTOR SERVICIOS,Indefinido,2016T3,31011
RESTO DE SECTOR SERVICIOS,Indefinido,2016T4,31510
RESTO DE SECTOR SERVICIOS,Indefinido,2017T1,31748
RESTO DE SECTOR SERVICIOS,Indefinido,2017T2,31436
RESTO DE SECTOR SERVICIOS,Indefinido,2017T3,31981
RESTO DE SECTOR SERVICIOS,Indefinido,2017T4,32491
RESTO DE SECTOR SERVICIOS,Indefinido,2018T1,32862
RESTO DE SECTOR SERVICIOS,Indefinido,2018T2,32720
RESTO DE SECTOR SERVICIOS,Indefinido,2018T3,33343
RESTO DE SECTOR SERVICIOS,Indefinido,2018T4,33832
RESTO DE SECTOR SERVICIOS,Indefinido,2019T1,34059
RESTO DE SECTOR SERVICIOS,Indefinido,2019T2,33683
RESTO DE SECTOR SERVICIOS,Indefinido,2019T3,34086
RESTO DE SECTOR SERVICIOS,Indefinido,2019T4,34794
RESTO DE SECTOR SERVICIOS,Indefinido,2020T1,34889
RESTO DE SECTOR SERVICIOS,Indefinido,2020T2,34230
RESTO DE SECTOR SERVICIOS,Indefinido,2020T3,34945
RESTO DE SECTOR SERVICIOS,Indefinido,2020T4,35781
RESTO DE SECTOR SERVICIOS,Indefinido,2021T1,36167
RESTO DE SECTOR SERVICIOS,Indefinido,2021T2,36024
RESTO DE SECTOR SERVICIOS,Indefinido,2021T3,35950
RESTO DE SECTOR SERVICIOS,Indefinido,2021T4,37019
RESTO DE SECTOR SERVICIOS,Temporal,2011T2,12780
RESTO DE SECTOR SERVICIOS,Temporal,2011T3,12032
RESTO DE SECTOR SERVICIOS,Temporal,2011T4,11150
RESTO DE SECTOR SERVICIOS,Temporal,2012T1,11251
RESTO DE SECTOR SERVICIOS,Temporal,2012T2,11854
RESTO DE SECTOR SERVICIOS,Temporal,2012T3,12438
RESTO DE SECTOR SERVICIOS,Temporal,2012T4,11976
RESTO DE SECTOR SERVICIOS,Temporal,2013T1,11567
RESTO DE SECTOR SERVICIOS,Temporal,2013T2,13202
RESTO DE SECTOR SERVICIOS,Temporal,2013T3,12473
RESTO DE SECTOR SERVICIOS,Temporal,2013T4,12734
RESTO DE SECTOR SERVICIOS,Temporal,2014T1,13080
RESTO DE SECTOR SERVICIOS,Temporal,2014T2,13807
RESTO DE SECTOR SERVICIOS,Temporal,2014T3,13889
RESTO DE SECTOR SERVICIOS,Temporal,2014T4,13980
RESTO DE SECTOR SERVICIOS,Temporal,2015T1,14333
RESTO DE SECTOR SERVICIOS,Temporal,2015T2,15105
RESTO DE SECTOR SERVICIOS,Temporal,2015T3,14968
RESTO DE SECTOR SERVICIOS,Temporal,2015T4,14829
RESTO DE SECTOR SERVICIOS,Temporal,2016T1,14809
RESTO DE SECTOR SERVICIOS,Temporal,2016T2,15624
RESTO DE SECTOR SERVICIOS,Temporal,2016T3,14957
RESTO DE SECTOR SERVICIOS,Temporal,2016T4,16031
RESTO DE SECTOR SERVICIOS,Temporal,2017T1,16128
RESTO DE SECTOR SERVICIOS,Temporal,2017T2,16493
RESTO DE SECTOR SERVICIOS,Temporal,2017T3,17471
RESTO DE SECTOR SERVICIOS,Temporal,2017T4,16998
RESTO DE SECTOR SERVICIOS,Temporal,2018T1,16639
RESTO DE SECTOR SERVICIOS,Temporal,2018T2,17806
RESTO DE SECTOR SERVICIOS,Temporal,2018T3,17344
RESTO DE SECTOR SERVICIOS,Temporal,2018T4,17402
RESTO DE SECTOR SERVICIOS,Temporal,2019T1,17653
RESTO DE SECTOR SERVICIOS,Temporal,2019T2,18134
RESTO DE SECTOR SERVICIOS,Temporal,2019T3,17315
RESTO DE SECTOR SERVICIOS,Temporal,2019T4,17125
RESTO DE SECTOR SERVICIOS,Temporal,2020T1,16489
RESTO DE SECTOR SERVICIOS,Temporal,2020T2,15863
RESTO DE SECTOR SERVICIOS,Temporal,2020T3,17460
RESTO DE SECTOR SERVICIOS,Temporal,2020T4,17406
RESTO DE SECTOR SERVICIOS,Temporal,2021T1,16811
RESTO DE SECTOR SERVICIOS,Temporal,2021T2,17486
RESTO DE SECTOR SERVICIOS,Temporal,2021T3,17826
RESTO DE SECTOR SERVICIOS,Temporal,2021T4,18354
RESTO DE SECTOR SERVICIOS,Sin especificar,2011T2,21894
RESTO DE SECTOR SERVICIOS,Sin especificar,2011T3,21832
RESTO DE SECTOR SERVICIOS,Sin especificar,2011T4,22115
RESTO DE SECTOR SERVICIOS,Sin especificar,2012T1,21422
RESTO DE SECTOR SERVICIOS,Sin especificar,2012T2,20953
RESTO DE SECTOR SERVICIOS,Sin especificar,2012T3,20220
RESTO DE SECTOR SERVICIOS,Sin especificar,2012T4,20306
RESTO DE SECTOR SERVICIOS,Sin especificar,2013T1,20275
RESTO DE SECTOR SERVICIOS,Sin especificar,2013T2,24215
RESTO DE SECTOR SERVICIOS,Sin especificar,2013T3,20315
RESTO DE SECTOR SERVICIOS,Sin especificar,2013T4,20565
RESTO DE SECTOR SERVICIOS,Sin especificar,2014T1,20585
RESTO DE SECTOR SERVICIOS,Sin especificar,2014T2,20590
RESTO DE SECTOR SERVICIOS,Sin especificar,2014T3,20474
RESTO DE SECTOR SERVICIOS,Sin especificar,2014T4,20647
RESTO DE SECTOR SERVICIOS,Sin especificar,2015T1,20702
RESTO DE SECTOR SERVICIOS,Sin especificar,2015T2,20547
RESTO DE SECTOR SERVICIOS,Sin especificar,2015T3,20485
RESTO DE SECTOR SERVICIOS,Sin especificar,2015T4,20692
RESTO DE SECTOR SERVICIOS,Sin especificar,2016T1,20655
RESTO DE SECTOR SERVICIOS,Sin especificar,2016T2,20528
RESTO DE SECTOR SERVICIOS,Sin especificar,2016T3,20414
RESTO DE SECTOR SERVICIOS,Sin especificar,2016T4,20710
RESTO DE SECTOR SERVICIOS,Sin especificar,2017T1,20615
RESTO DE SECTOR SERVICIOS,Sin especificar,2017T2,20476
RESTO DE SECTOR SERVICIOS,Sin especificar,2017T3,20341
RESTO DE SECTOR SERVICIOS,Sin especificar,2017T4,20461
RESTO DE SECTOR SERVICIOS,Sin especificar,2018T1,20604
RESTO DE SECTOR SERVICIOS,Sin especificar,2018T2,20548
RESTO DE SECTOR SERVICIOS,Sin especificar,2018T3,20408
RESTO DE SECTOR SERVICIOS,Sin especificar,2018T4,20581
RESTO DE SECTOR SERVICIOS,Sin especificar,2019T1,20568
RESTO DE SECTOR SERVICIOS,Sin especificar,2019T2,20409
RESTO DE SECTOR SERVICIOS,Sin especificar,2019T3,20520
RESTO DE SECTOR SERVICIOS,Sin especificar,2019T4,20713
RESTO DE SECTOR SERVICIOS,Sin especificar,2020T1,20510
RESTO DE SECTOR SERVICIOS,Sin especificar,2020T2,20435
RESTO DE SECTOR SERVICIOS,Sin especificar,2020T3,20460
RESTO DE SECTOR SERVICIOS,Sin especificar,2020T4,20471
RESTO DE SECTOR SERVICIOS,Sin especificar,2021T1,20712
RESTO DE SECTOR SERVICIOS,Sin especificar,2021T2,20534
RESTO DE SECTOR SERVICIOS,Sin especificar,2021T3,20662
RESTO DE SECTOR SERVICIOS,Sin especificar,2021T4,20754
