Periodo,Ubicación establecimiento,Grado de ocupación,DATA
2015M12,TOTAL,Grado de ocupación por plazas,22.09
2015M12,TOTAL,Grado de ocupacion por plazas fin de semana,44.56
2015M12,Logrońo y Alrededores,Grado de ocupación por plazas,8.25
2015M12,Logrońo y Alrededores,Grado de ocupacion por plazas fin de semana,9.74
2015M12,Resto,Grado de ocupación por plazas,24.3
2015M12,Resto,Grado de ocupacion por plazas fin de semana,50.25
2016M01,TOTAL,Grado de ocupación por plazas,10.53
2016M01,TOTAL,Grado de ocupacion por plazas fin de semana,26.42
2016M01,Logrońo y Alrededores,Grado de ocupación por plazas,1.21
2016M01,Logrońo y Alrededores,Grado de ocupacion por plazas fin de semana,3.74
2016M01,Resto,Grado de ocupación por plazas,12.16
2016M01,Resto,Grado de ocupacion por plazas fin de semana,30.32
2016M02,TOTAL,Grado de ocupación por plazas,12.47
2016M02,TOTAL,Grado de ocupacion por plazas fin de semana,36.13
2016M02,Logrońo y Alrededores,Grado de ocupación por plazas,7.77
2016M02,Logrońo y Alrededores,Grado de ocupacion por plazas fin de semana,25.77
2016M02,Resto,Grado de ocupación por plazas,13.16
2016M02,Resto,Grado de ocupacion por plazas fin de semana,37.51
2016M03,TOTAL,Grado de ocupación por plazas,24.5
2016M03,TOTAL,Grado de ocupacion por plazas fin de semana,52.36
2016M03,Logrońo y Alrededores,Grado de ocupación por plazas,14.86
2016M03,Logrońo y Alrededores,Grado de ocupacion por plazas fin de semana,26.3
2016M03,Resto,Grado de ocupación por plazas,25.95
2016M03,Resto,Grado de ocupacion por plazas fin de semana,56.42
2016M04,TOTAL,Grado de ocupación por plazas,16.41
2016M04,TOTAL,Grado de ocupacion por plazas fin de semana,40.93
2016M04,Logrońo y Alrededores,Grado de ocupación por plazas,9.85
2016M04,Logrońo y Alrededores,Grado de ocupacion por plazas fin de semana,29.36
2016M04,Resto,Grado de ocupación por plazas,17.4
2016M04,Resto,Grado de ocupacion por plazas fin de semana,42.56
2016M05,TOTAL,Grado de ocupación por plazas,18.83
2016M05,TOTAL,Grado de ocupacion por plazas fin de semana,48.66
2016M05,Logrońo y Alrededores,Grado de ocupación por plazas,14.4
2016M05,Logrońo y Alrededores,Grado de ocupacion por plazas fin de semana,31.11
2016M05,Resto,Grado de ocupación por plazas,19.42
2016M05,Resto,Grado de ocupacion por plazas fin de semana,51.24
2016M06,TOTAL,Grado de ocupación por plazas,13.48
2016M06,TOTAL,Grado de ocupacion por plazas fin de semana,36.3
2016M06,Logrońo y Alrededores,Grado de ocupación por plazas,9.61
2016M06,Logrońo y Alrededores,Grado de ocupacion por plazas fin de semana,31.92
2016M06,Resto,Grado de ocupación por plazas,14.01
2016M06,Resto,Grado de ocupacion por plazas fin de semana,36.65
2016M07,TOTAL,Grado de ocupación por plazas,18.85
2016M07,TOTAL,Grado de ocupacion por plazas fin de semana,36.31
2016M07,Logrońo y Alrededores,Grado de ocupación por plazas,7.19
2016M07,Logrońo y Alrededores,Grado de ocupacion por plazas fin de semana,13.25
2016M07,Resto,Grado de ocupación por plazas,20.69
2016M07,Resto,Grado de ocupacion por plazas fin de semana,39.91
2016M08,TOTAL,Grado de ocupación por plazas,36.99
2016M08,TOTAL,Grado de ocupacion por plazas fin de semana,54.9
2016M08,Logrońo y Alrededores,Grado de ocupación por plazas,10.24
2016M08,Logrońo y Alrededores,Grado de ocupacion por plazas fin de semana,16.57
2016M08,Resto,Grado de ocupación por plazas,41.16
2016M08,Resto,Grado de ocupacion por plazas fin de semana,60.76
2016M09,TOTAL,Grado de ocupación por plazas,18.11
2016M09,TOTAL,Grado de ocupacion por plazas fin de semana,41.04
2016M09,Logrońo y Alrededores,Grado de ocupación por plazas,8.59
2016M09,Logrońo y Alrededores,Grado de ocupacion por plazas fin de semana,23.22
2016M09,Resto,Grado de ocupación por plazas,19.66
2016M09,Resto,Grado de ocupacion por plazas fin de semana,43.92
2016M10,TOTAL,Grado de ocupación por plazas,24.81
2016M10,TOTAL,Grado de ocupacion por plazas fin de semana,57.28
2016M10,Logrońo y Alrededores,Grado de ocupación por plazas,10.8
2016M10,Logrońo y Alrededores,Grado de ocupacion por plazas fin de semana,30.63
2016M10,Resto,Grado de ocupación por plazas,27.06
2016M10,Resto,Grado de ocupacion por plazas fin de semana,61.43
2016M11,TOTAL,Grado de ocupación por plazas,15.06
2016M11,TOTAL,Grado de ocupacion por plazas fin de semana,47.38
2016M11,Logrońo y Alrededores,Grado de ocupación por plazas,7.48
2016M11,Logrońo y Alrededores,Grado de ocupacion por plazas fin de semana,27.01
2016M11,Resto,Grado de ocupación por plazas,16.28
2016M11,Resto,Grado de ocupacion por plazas fin de semana,50.56
2016M12,TOTAL,Grado de ocupación por plazas,23.58
2016M12,TOTAL,Grado de ocupacion por plazas fin de semana,43.88
2016M12,Logrońo y Alrededores,Grado de ocupación por plazas,10.23
2016M12,Logrońo y Alrededores,Grado de ocupacion por plazas fin de semana,15.56
2016M12,Resto,Grado de ocupación por plazas,25.77
2016M12,Resto,Grado de ocupacion por plazas fin de semana,48.57
2017M01,TOTAL,Grado de ocupación por plazas,6.22
2017M01,TOTAL,Grado de ocupacion por plazas fin de semana,16.41
2017M01,Logrońo y Alrededores,Grado de ocupación por plazas,4.45
2017M01,Logrońo y Alrededores,Grado de ocupacion por plazas fin de semana,11.74
2017M01,Resto,Grado de ocupación por plazas,6.57
2017M01,Resto,Grado de ocupacion por plazas fin de semana,17.33
2017M02,TOTAL,Grado de ocupación por plazas,13
2017M02,TOTAL,Grado de ocupacion por plazas fin de semana,38.88
2017M02,Logrońo y Alrededores,Grado de ocupación por plazas,11.49
2017M02,Logrońo y Alrededores,Grado de ocupacion por plazas fin de semana,36.49
2017M02,Resto,Grado de ocupación por plazas,13.27
2017M02,Resto,Grado de ocupacion por plazas fin de semana,39.28
2017M03,TOTAL,Grado de ocupación por plazas,15.4
2017M03,TOTAL,Grado de ocupacion por plazas fin de semana,43.28
2017M03,Logrońo y Alrededores,Grado de ocupación por plazas,12
2017M03,Logrońo y Alrededores,Grado de ocupacion por plazas fin de semana,39.27
2017M03,Resto,Grado de ocupación por plazas,16
2017M03,Resto,Grado de ocupacion por plazas fin de semana,43.96
2017M04,TOTAL,Grado de ocupación por plazas,31.31
2017M04,TOTAL,Grado de ocupacion por plazas fin de semana,58.42
2017M04,Logrońo y Alrededores,Grado de ocupación por plazas,23.46
2017M04,Logrońo y Alrededores,Grado de ocupacion por plazas fin de semana,47.01
2017M04,Resto,Grado de ocupación por plazas,32.61
2017M04,Resto,Grado de ocupacion por plazas fin de semana,60.28
2017M05,TOTAL,Grado de ocupación por plazas,16.95
2017M05,TOTAL,Grado de ocupacion por plazas fin de semana,47.74
2017M05,Logrońo y Alrededores,Grado de ocupación por plazas,13.95
2017M05,Logrońo y Alrededores,Grado de ocupacion por plazas fin de semana,37.88
2017M05,Resto,Grado de ocupación por plazas,17.46
2017M05,Resto,Grado de ocupacion por plazas fin de semana,49.39
2017M06,TOTAL,Grado de ocupación por plazas,17.61
2017M06,TOTAL,Grado de ocupacion por plazas fin de semana,43.66
2017M06,Logrońo y Alrededores,Grado de ocupación por plazas,13.33
2017M06,Logrońo y Alrededores,Grado de ocupacion por plazas fin de semana,36.69
2017M06,Resto,Grado de ocupación por plazas,18.28
2017M06,Resto,Grado de ocupacion por plazas fin de semana,44.69
2017M07,TOTAL,Grado de ocupación por plazas,22
2017M07,TOTAL,Grado de ocupacion por plazas fin de semana,42.11
2017M07,Logrońo y Alrededores,Grado de ocupación por plazas,14.34
2017M07,Logrońo y Alrededores,Grado de ocupacion por plazas fin de semana,27.44
2017M07,Resto,Grado de ocupación por plazas,23.26
2017M07,Resto,Grado de ocupacion por plazas fin de semana,44.48
2017M08,TOTAL,Grado de ocupación por plazas,37.64
2017M08,TOTAL,Grado de ocupacion por plazas fin de semana,52.48
2017M08,Logrońo y Alrededores,Grado de ocupación por plazas,21.06
2017M08,Logrońo y Alrededores,Grado de ocupacion por plazas fin de semana,37.15
2017M08,Resto,Grado de ocupación por plazas,40.27
2017M08,Resto,Grado de ocupacion por plazas fin de semana,54.9
2017M09,TOTAL,Grado de ocupación por plazas,21.83
2017M09,TOTAL,Grado de ocupacion por plazas fin de semana,45.49
2017M09,Logrońo y Alrededores,Grado de ocupación por plazas,15.77
2017M09,Logrońo y Alrededores,Grado de ocupacion por plazas fin de semana,37.79
2017M09,Resto,Grado de ocupación por plazas,22.67
2017M09,Resto,Grado de ocupacion por plazas fin de semana,46.56
2017M10,TOTAL,Grado de ocupación por plazas,23.55
2017M10,TOTAL,Grado de ocupacion por plazas fin de semana,59.24
2017M10,Logrońo y Alrededores,Grado de ocupación por plazas,19.39
2017M10,Logrońo y Alrededores,Grado de ocupacion por plazas fin de semana,56.08
2017M10,Resto,Grado de ocupación por plazas,24.18
2017M10,Resto,Grado de ocupacion por plazas fin de semana,59.72
2017M11,TOTAL,Grado de ocupación por plazas,14.97
2017M11,TOTAL,Grado de ocupacion por plazas fin de semana,47.05
2017M11,Logrońo y Alrededores,Grado de ocupación por plazas,10.08
2017M11,Logrońo y Alrededores,Grado de ocupacion por plazas fin de semana,31.68
2017M11,Resto,Grado de ocupación por plazas,15.72
2017M11,Resto,Grado de ocupacion por plazas fin de semana,49.34
2017M12,TOTAL,Grado de ocupación por plazas,23.7
2017M12,TOTAL,Grado de ocupacion por plazas fin de semana,38.34
2017M12,Logrońo y Alrededores,Grado de ocupación por plazas,18.03
2017M12,Logrońo y Alrededores,Grado de ocupacion por plazas fin de semana,29.66
2017M12,Resto,Grado de ocupación por plazas,24.64
2017M12,Resto,Grado de ocupacion por plazas fin de semana,39.77
2018M01,TOTAL,Grado de ocupación por plazas,7.66
2018M01,TOTAL,Grado de ocupacion por plazas fin de semana,22.21
2018M01,Logrońo y Alrededores,Grado de ocupación por plazas,8.02
2018M01,Logrońo y Alrededores,Grado de ocupacion por plazas fin de semana,22.12
2018M01,Resto,Grado de ocupación por plazas,7.6
2018M01,Resto,Grado de ocupacion por plazas fin de semana,22.25
2018M02,TOTAL,Grado de ocupación por plazas,11.1
2018M02,TOTAL,Grado de ocupacion por plazas fin de semana,32.99
2018M02,Logrońo y Alrededores,Grado de ocupación por plazas,11.69
2018M02,Logrońo y Alrededores,Grado de ocupacion por plazas fin de semana,31.99
2018M02,Resto,Grado de ocupación por plazas,10.98
2018M02,Resto,Grado de ocupacion por plazas fin de semana,33.08
2018M03,TOTAL,Grado de ocupación por plazas,21.94
2018M03,TOTAL,Grado de ocupacion por plazas fin de semana,44.21
2018M03,Logrońo y Alrededores,Grado de ocupación por plazas,21.48
2018M03,Logrońo y Alrededores,Grado de ocupacion por plazas fin de semana,44.81
2018M03,Resto,Grado de ocupación por plazas,21.92
2018M03,Resto,Grado de ocupacion por plazas fin de semana,43.96
2018M04,TOTAL,Grado de ocupación por plazas,22.69
2018M04,TOTAL,Grado de ocupacion por plazas fin de semana,46.83
2018M04,Logrońo y Alrededores,Grado de ocupación por plazas,30.83
2018M04,Logrońo y Alrededores,Grado de ocupacion por plazas fin de semana,73.92
2018M04,Resto,Grado de ocupación por plazas,21.47
2018M04,Resto,Grado de ocupacion por plazas fin de semana,43.07
2018M05,TOTAL,Grado de ocupación por plazas,17.03
2018M05,TOTAL,Grado de ocupacion por plazas fin de semana,48.3
2018M05,Logrońo y Alrededores,Grado de ocupación por plazas,22.28
2018M05,Logrońo y Alrededores,Grado de ocupacion por plazas fin de semana,69.97
2018M05,Resto,Grado de ocupación por plazas,16.23
2018M05,Resto,Grado de ocupacion por plazas fin de semana,45.1
2018M06,TOTAL,Grado de ocupación por plazas,20.18
2018M06,TOTAL,Grado de ocupacion por plazas fin de semana,45.02
2018M06,Logrońo y Alrededores,Grado de ocupación por plazas,22.1
2018M06,Logrońo y Alrededores,Grado de ocupacion por plazas fin de semana,48.43
2018M06,Resto,Grado de ocupación por plazas,19.79
2018M06,Resto,Grado de ocupacion por plazas fin de semana,44.27
2018M07,TOTAL,Grado de ocupación por plazas,27.82
2018M07,TOTAL,Grado de ocupacion por plazas fin de semana,50.93
2018M07,Logrońo y Alrededores,Grado de ocupación por plazas,24.49
2018M07,Logrońo y Alrededores,Grado de ocupacion por plazas fin de semana,46.85
2018M07,Resto,Grado de ocupación por plazas,28.47
2018M07,Resto,Grado de ocupacion por plazas fin de semana,51.78
2018M08,TOTAL,Grado de ocupación por plazas,43.24
2018M08,TOTAL,Grado de ocupacion por plazas fin de semana,54.15
2018M08,Logrońo y Alrededores,Grado de ocupación por plazas,31.92
2018M08,Logrońo y Alrededores,Grado de ocupacion por plazas fin de semana,33.06
2018M08,Resto,Grado de ocupación por plazas,45.14
2018M08,Resto,Grado de ocupacion por plazas fin de semana,57.59
2018M09,TOTAL,Grado de ocupación por plazas,21.8
2018M09,TOTAL,Grado de ocupacion por plazas fin de semana,52.19
2018M09,Logrońo y Alrededores,Grado de ocupación por plazas,23.09
2018M09,Logrońo y Alrededores,Grado de ocupacion por plazas fin de semana,60.25
2018M09,Resto,Grado de ocupación por plazas,21.59
2018M09,Resto,Grado de ocupacion por plazas fin de semana,50.97
2018M10,TOTAL,Grado de ocupación por plazas,23.38
2018M10,TOTAL,Grado de ocupacion por plazas fin de semana,61.08
2018M10,Logrońo y Alrededores,Grado de ocupación por plazas,32.99
2018M10,Logrońo y Alrededores,Grado de ocupacion por plazas fin de semana,78.72
2018M10,Resto,Grado de ocupación por plazas,21.95
2018M10,Resto,Grado de ocupacion por plazas fin de semana,58.54
2018M11,TOTAL,Grado de ocupación por plazas,22.58
2018M11,TOTAL,Grado de ocupacion por plazas fin de semana,57.63
2018M11,Logrońo y Alrededores,Grado de ocupación por plazas,26.68
2018M11,Logrońo y Alrededores,Grado de ocupacion por plazas fin de semana,65.61
2018M11,Resto,Grado de ocupación por plazas,21.99
2018M11,Resto,Grado de ocupacion por plazas fin de semana,56.52
2018M12,TOTAL,Grado de ocupación por plazas,26.78
2018M12,TOTAL,Grado de ocupacion por plazas fin de semana,39.16
2018M12,Logrońo y Alrededores,Grado de ocupación por plazas,30.43
2018M12,Logrońo y Alrededores,Grado de ocupacion por plazas fin de semana,38.9
2018M12,Resto,Grado de ocupación por plazas,26.28
2018M12,Resto,Grado de ocupacion por plazas fin de semana,39.34
2019M01,TOTAL,Grado de ocupación por plazas,5.32
2019M01,TOTAL,Grado de ocupacion por plazas fin de semana,14.21
2019M01,Logrońo y Alrededores,Grado de ocupación por plazas,2.49
2019M01,Logrońo y Alrededores,Grado de ocupacion por plazas fin de semana,1.38
2019M01,Resto,Grado de ocupación por plazas,5.9
2019M01,Resto,Grado de ocupacion por plazas fin de semana,16.5
2019M02,TOTAL,Grado de ocupación por plazas,12.16
2019M02,TOTAL,Grado de ocupacion por plazas fin de semana,36.93
2019M02,Logrońo y Alrededores,Grado de ocupación por plazas,17.27
2019M02,Logrońo y Alrededores,Grado de ocupacion por plazas fin de semana,43.8
2019M02,Resto,Grado de ocupación por plazas,11.35
2019M02,Resto,Grado de ocupacion por plazas fin de semana,35.98
2019M03,TOTAL,Grado de ocupación por plazas,18.91
2019M03,TOTAL,Grado de ocupacion por plazas fin de semana,50.66
2019M03,Logrońo y Alrededores,Grado de ocupación por plazas,15.34
2019M03,Logrońo y Alrededores,Grado de ocupacion por plazas fin de semana,39.7
2019M03,Resto,Grado de ocupación por plazas,19.63
2019M03,Resto,Grado de ocupacion por plazas fin de semana,52.75
2019M04,TOTAL,Grado de ocupación por plazas,23.07
2019M04,TOTAL,Grado de ocupacion por plazas fin de semana,52.01
2019M04,Logrońo y Alrededores,Grado de ocupación por plazas,22.08
2019M04,Logrońo y Alrededores,Grado de ocupacion por plazas fin de semana,52.36
2019M04,Resto,Grado de ocupación por plazas,23.36
2019M04,Resto,Grado de ocupacion por plazas fin de semana,52.25
2019M05,TOTAL,Grado de ocupación por plazas,18.78
2019M05,TOTAL,Grado de ocupacion por plazas fin de semana,47.03
2019M05,Logrońo y Alrededores,Grado de ocupación por plazas,27.42
2019M05,Logrońo y Alrededores,Grado de ocupacion por plazas fin de semana,63.82
2019M05,Resto,Grado de ocupación por plazas,17.43
2019M05,Resto,Grado de ocupacion por plazas fin de semana,44.44
2019M06,TOTAL,Grado de ocupación por plazas,18.84
2019M06,TOTAL,Grado de ocupacion por plazas fin de semana,46.52
2019M06,Logrońo y Alrededores,Grado de ocupación por plazas,17.35
2019M06,Logrońo y Alrededores,Grado de ocupacion por plazas fin de semana,38.07
2019M06,Resto,Grado de ocupación por plazas,19.16
2019M06,Resto,Grado de ocupacion por plazas fin de semana,48.08
2019M07,TOTAL,Grado de ocupación por plazas,23.34
2019M07,TOTAL,Grado de ocupacion por plazas fin de semana,48.94
2019M07,Logrońo y Alrededores,Grado de ocupación por plazas,34.15
2019M07,Logrońo y Alrededores,Grado de ocupacion por plazas fin de semana,62.97
2019M07,Resto,Grado de ocupación por plazas,21.63
2019M07,Resto,Grado de ocupacion por plazas fin de semana,46.81
2019M08,TOTAL,Grado de ocupación por plazas,37.35
2019M08,TOTAL,Grado de ocupacion por plazas fin de semana,45.88
2019M08,Logrońo y Alrededores,Grado de ocupación por plazas,22.36
2019M08,Logrońo y Alrededores,Grado de ocupacion por plazas fin de semana,32.1
2019M08,Resto,Grado de ocupación por plazas,39.98
2019M08,Resto,Grado de ocupacion por plazas fin de semana,48.35
2019M09,TOTAL,Grado de ocupación por plazas,21.14
2019M09,TOTAL,Grado de ocupacion por plazas fin de semana,55.94
2019M09,Logrońo y Alrededores,Grado de ocupación por plazas,22.32
2019M09,Logrońo y Alrededores,Grado de ocupacion por plazas fin de semana,60.02
2019M09,Resto,Grado de ocupación por plazas,21
2019M09,Resto,Grado de ocupacion por plazas fin de semana,55.45
2019M10,TOTAL,Grado de ocupación por plazas,22.18
2019M10,TOTAL,Grado de ocupacion por plazas fin de semana,59.6
2019M10,Logrońo y Alrededores,Grado de ocupación por plazas,22.94
2019M10,Logrońo y Alrededores,Grado de ocupacion por plazas fin de semana,51.96
2019M10,Resto,Grado de ocupación por plazas,22.12
2019M10,Resto,Grado de ocupacion por plazas fin de semana,60.92
2019M11,TOTAL,Grado de ocupación por plazas,21.75
2019M11,TOTAL,Grado de ocupacion por plazas fin de semana,56.16
2019M11,Logrońo y Alrededores,Grado de ocupación por plazas,23.12
2019M11,Logrońo y Alrededores,Grado de ocupacion por plazas fin de semana,62.91
2019M11,Resto,Grado de ocupación por plazas,21.55
2019M11,Resto,Grado de ocupacion por plazas fin de semana,55.17
2019M12,TOTAL,Grado de ocupación por plazas,27.73
2019M12,TOTAL,Grado de ocupacion por plazas fin de semana,42.72
2019M12,Logrońo y Alrededores,Grado de ocupación por plazas,28.95
2019M12,Logrońo y Alrededores,Grado de ocupacion por plazas fin de semana,34.58
2019M12,Resto,Grado de ocupación por plazas,27.59
2019M12,Resto,Grado de ocupacion por plazas fin de semana,44.22
2020M01,TOTAL,Grado de ocupación por plazas,9.7
2020M01,TOTAL,Grado de ocupacion por plazas fin de semana,21.32
2020M01,Logrońo y Alrededores,Grado de ocupación por plazas,9.89
2020M01,Logrońo y Alrededores,Grado de ocupacion por plazas fin de semana,17.48
2020M01,Resto,Grado de ocupación por plazas,9.62
2020M01,Resto,Grado de ocupacion por plazas fin de semana,21.44
2020M02,TOTAL,Grado de ocupación por plazas,12.07
2020M02,TOTAL,Grado de ocupacion por plazas fin de semana,31.5
2020M02,Logrońo y Alrededores,Grado de ocupación por plazas,12.77
2020M02,Logrońo y Alrededores,Grado de ocupacion por plazas fin de semana,35.7
2020M02,Resto,Grado de ocupación por plazas,11.98
2020M02,Resto,Grado de ocupacion por plazas fin de semana,30.86
2020M03,TOTAL,Grado de ocupación por plazas,7.99
2020M03,TOTAL,Grado de ocupacion por plazas fin de semana,18.83
2020M03,Logrońo y Alrededores,Grado de ocupación por plazas,11.68
2020M03,Logrońo y Alrededores,Grado de ocupacion por plazas fin de semana,18.86
2020M03,Resto,Grado de ocupación por plazas,7.48
2020M03,Resto,Grado de ocupacion por plazas fin de semana,18.55
2020M05,TOTAL,Grado de ocupación por plazas,5.45
2020M05,TOTAL,Grado de ocupacion por plazas fin de semana,3.41
2020M05,Logrońo y Alrededores,Grado de ocupación por plazas,15.82
2020M05,Logrońo y Alrededores,Grado de ocupacion por plazas fin de semana,2.69
2020M05,Resto,Grado de ocupación por plazas,4.03
2020M05,Resto,Grado de ocupacion por plazas fin de semana,3.48
2020M06,TOTAL,Grado de ocupación por plazas,8.74
2020M06,TOTAL,Grado de ocupacion por plazas fin de semana,17.58
2020M06,Logrońo y Alrededores,Grado de ocupación por plazas,20.16
2020M06,Logrońo y Alrededores,Grado de ocupacion por plazas fin de semana,30.07
2020M06,Resto,Grado de ocupación por plazas,7.36
2020M06,Resto,Grado de ocupacion por plazas fin de semana,15.97
2020M07,TOTAL,Grado de ocupación por plazas,23.41
2020M07,TOTAL,Grado de ocupacion por plazas fin de semana,46.34
2020M07,Logrońo y Alrededores,Grado de ocupación por plazas,36.46
2020M07,Logrońo y Alrededores,Grado de ocupacion por plazas fin de semana,80.96
2020M07,Resto,Grado de ocupación por plazas,21.94
2020M07,Resto,Grado de ocupacion por plazas fin de semana,42.37
2020M08,TOTAL,Grado de ocupación por plazas,41.4
2020M08,TOTAL,Grado de ocupacion por plazas fin de semana,56.58
2020M08,Logrońo y Alrededores,Grado de ocupación por plazas,36.03
2020M08,Logrońo y Alrededores,Grado de ocupacion por plazas fin de semana,63.02
2020M08,Resto,Grado de ocupación por plazas,41.49
2020M08,Resto,Grado de ocupacion por plazas fin de semana,55.41
2020M09,TOTAL,Grado de ocupación por plazas,10.08
2020M09,TOTAL,Grado de ocupacion por plazas fin de semana,19.86
2020M09,Logrońo y Alrededores,Grado de ocupación por plazas,22.05
2020M09,Logrońo y Alrededores,Grado de ocupacion por plazas fin de semana,30.59
2020M09,Resto,Grado de ocupación por plazas,8.67
2020M09,Resto,Grado de ocupacion por plazas fin de semana,18.42
2020M10,TOTAL,Grado de ocupación por plazas,8.19
2020M10,TOTAL,Grado de ocupacion por plazas fin de semana,11.48
2020M10,Logrońo y Alrededores,Grado de ocupación por plazas,23.64
2020M10,Logrońo y Alrededores,Grado de ocupacion por plazas fin de semana,7.85
2020M10,Resto,Grado de ocupación por plazas,6.17
2020M10,Resto,Grado de ocupacion por plazas fin de semana,11.92
2020M11,TOTAL,Grado de ocupación por plazas,3.8
2020M11,TOTAL,Grado de ocupacion por plazas fin de semana,2.88
2020M11,Logrońo y Alrededores,Grado de ocupación por plazas,14.73
2020M11,Logrońo y Alrededores,Grado de ocupacion por plazas fin de semana,1.84
2020M11,Resto,Grado de ocupación por plazas,2.73
2020M11,Resto,Grado de ocupacion por plazas fin de semana,2.95
2020M12,TOTAL,Grado de ocupación por plazas,5.11
2020M12,TOTAL,Grado de ocupacion por plazas fin de semana,5.71
2020M12,Logrońo y Alrededores,Grado de ocupación por plazas,9.91
2020M12,Logrońo y Alrededores,Grado de ocupacion por plazas fin de semana,8.08
2020M12,Resto,Grado de ocupación por plazas,4.59
2020M12,Resto,Grado de ocupacion por plazas fin de semana,5.44
2021M01,TOTAL,Grado de ocupación por plazas,1.73
2021M01,TOTAL,Grado de ocupacion por plazas fin de semana,0.79
2021M01,Logrońo y Alrededores,Grado de ocupación por plazas,1.74
2021M01,Logrońo y Alrededores,Grado de ocupacion por plazas fin de semana,
2021M01,Resto,Grado de ocupación por plazas,1.71
2021M01,Resto,Grado de ocupacion por plazas fin de semana,0.89
2021M02,TOTAL,Grado de ocupación por plazas,2.54
2021M02,TOTAL,Grado de ocupacion por plazas fin de semana,1.57
2021M02,Logrońo y Alrededores,Grado de ocupación por plazas,4.2
2021M02,Logrońo y Alrededores,Grado de ocupacion por plazas fin de semana,
2021M02,Resto,Grado de ocupación por plazas,2.34
2021M02,Resto,Grado de ocupacion por plazas fin de semana,1.7
2021M03,TOTAL,Grado de ocupación por plazas,3.07
2021M03,TOTAL,Grado de ocupacion por plazas fin de semana,5.28
2021M03,Logrońo y Alrededores,Grado de ocupación por plazas,5.48
2021M03,Logrońo y Alrededores,Grado de ocupacion por plazas fin de semana,6.67
2021M03,Resto,Grado de ocupación por plazas,2.75
2021M03,Resto,Grado de ocupacion por plazas fin de semana,5.04
2021M04,TOTAL,Grado de ocupación por plazas,6.68
2021M04,TOTAL,Grado de ocupacion por plazas fin de semana,10.98
2021M04,Logrońo y Alrededores,Grado de ocupación por plazas,12.95
2021M04,Logrońo y Alrededores,Grado de ocupacion por plazas fin de semana,13.1
2021M04,Resto,Grado de ocupación por plazas,5.83
2021M04,Resto,Grado de ocupacion por plazas fin de semana,10.67
2021M05,TOTAL,Grado de ocupación por plazas,7.75
2021M05,TOTAL,Grado de ocupacion por plazas fin de semana,15.12
2021M05,Logrońo y Alrededores,Grado de ocupación por plazas,14.24
2021M05,Logrońo y Alrededores,Grado de ocupacion por plazas fin de semana,18.1
2021M05,Resto,Grado de ocupación por plazas,6.87
2021M05,Resto,Grado de ocupacion por plazas fin de semana,14.68
2021M06,TOTAL,Grado de ocupación por plazas,16.26
2021M06,TOTAL,Grado de ocupacion por plazas fin de semana,32.77
2021M06,Logrońo y Alrededores,Grado de ocupación por plazas,22.55
2021M06,Logrońo y Alrededores,Grado de ocupacion por plazas fin de semana,46.33
2021M06,Resto,Grado de ocupación por plazas,15.38
2021M06,Resto,Grado de ocupacion por plazas fin de semana,30.85
2021M07,TOTAL,Grado de ocupación por plazas,29.55
2021M07,TOTAL,Grado de ocupacion por plazas fin de semana,51.15
2021M07,Logrońo y Alrededores,Grado de ocupación por plazas,30.33
2021M07,Logrońo y Alrededores,Grado de ocupacion por plazas fin de semana,68.39
2021M07,Resto,Grado de ocupación por plazas,29.48
2021M07,Resto,Grado de ocupacion por plazas fin de semana,44.14
2021M08,TOTAL,Grado de ocupación por plazas,40.93
2021M08,TOTAL,Grado de ocupacion por plazas fin de semana,54.37
2021M08,Logrońo y Alrededores,Grado de ocupación por plazas,40.81
2021M08,Logrońo y Alrededores,Grado de ocupacion por plazas fin de semana,67.6
2021M08,Resto,Grado de ocupación por plazas,40.81
2021M08,Resto,Grado de ocupacion por plazas fin de semana,46.72
2021M09,TOTAL,Grado de ocupación por plazas,22.14
2021M09,TOTAL,Grado de ocupacion por plazas fin de semana,43.95
2021M09,Logrońo y Alrededores,Grado de ocupación por plazas,18.96
2021M09,Logrońo y Alrededores,Grado de ocupacion por plazas fin de semana,50.78
2021M09,Resto,Grado de ocupación por plazas,22.35
2021M09,Resto,Grado de ocupacion por plazas fin de semana,43.04
2021M10,TOTAL,Grado de ocupación por plazas,28.68
2021M10,TOTAL,Grado de ocupacion por plazas fin de semana,54.64
2021M10,Logrońo y Alrededores,Grado de ocupación por plazas,36.32
2021M10,Logrońo y Alrededores,Grado de ocupacion por plazas fin de semana,76.22
2021M10,Resto,Grado de ocupación por plazas,27.58
2021M10,Resto,Grado de ocupacion por plazas fin de semana,51.54
2021M11,TOTAL,Grado de ocupación por plazas,19.87
2021M11,TOTAL,Grado de ocupacion por plazas fin de semana,49.94
2021M11,Logrońo y Alrededores,Grado de ocupación por plazas,22.63
2021M11,Logrońo y Alrededores,Grado de ocupacion por plazas fin de semana,74.99
2021M11,Resto,Grado de ocupación por plazas,19.45
2021M11,Resto,Grado de ocupacion por plazas fin de semana,46.43
2021M12,TOTAL,Grado de ocupación por plazas,23.34
2021M12,TOTAL,Grado de ocupacion por plazas fin de semana,37.11
2021M12,Logrońo y Alrededores,Grado de ocupación por plazas,21.13
2021M12,Logrońo y Alrededores,Grado de ocupacion por plazas fin de semana,33.53
2021M12,Resto,Grado de ocupación por plazas,23.55
2021M12,Resto,Grado de ocupacion por plazas fin de semana,37.46
2022M01,TOTAL,Grado de ocupación por plazas,7.43
2022M01,TOTAL,Grado de ocupacion por plazas fin de semana,16.62
2022M01,Logrońo y Alrededores,Grado de ocupación por plazas,9.29
2022M01,Logrońo y Alrededores,Grado de ocupacion por plazas fin de semana,18.76
2022M01,Resto,Grado de ocupación por plazas,7.19
2022M01,Resto,Grado de ocupacion por plazas fin de semana,16.33
2022M02,TOTAL,Grado de ocupación por plazas,10.07
2022M02,TOTAL,Grado de ocupacion por plazas fin de semana,28
2022M02,Logrońo y Alrededores,Grado de ocupación por plazas,16.14
2022M02,Logrońo y Alrededores,Grado de ocupacion por plazas fin de semana,47.85
2022M02,Resto,Grado de ocupación por plazas,9.33
2022M02,Resto,Grado de ocupacion por plazas fin de semana,25.54
2022M03,TOTAL,Grado de ocupación por plazas,11.22
2022M03,TOTAL,Grado de ocupacion por plazas fin de semana,33.17
2022M03,Logrońo y Alrededores,Grado de ocupación por plazas,15.91
2022M03,Logrońo y Alrededores,Grado de ocupacion por plazas fin de semana,53.16
2022M03,Resto,Grado de ocupación por plazas,10.79
2022M03,Resto,Grado de ocupacion por plazas fin de semana,31.23
2022M04,TOTAL,Grado de ocupación por plazas,23.32
2022M04,TOTAL,Grado de ocupacion por plazas fin de semana,48.1
2022M04,Logrońo y Alrededores,Grado de ocupación por plazas,29.03
2022M04,Logrońo y Alrededores,Grado de ocupacion por plazas fin de semana,73.7
2022M04,Resto,Grado de ocupación por plazas,22.65
2022M04,Resto,Grado de ocupacion por plazas fin de semana,45.06
2022M05,TOTAL,Grado de ocupación por plazas,17.74
2022M05,TOTAL,Grado de ocupacion por plazas fin de semana,41.03
2022M05,Logrońo y Alrededores,Grado de ocupación por plazas,25.65
2022M05,Logrońo y Alrededores,Grado de ocupacion por plazas fin de semana,76.25
2022M05,Resto,Grado de ocupación por plazas,16.92
2022M05,Resto,Grado de ocupacion por plazas fin de semana,37.35
2022M06,TOTAL,Grado de ocupación por plazas,19.6
2022M06,TOTAL,Grado de ocupacion por plazas fin de semana,44.52
2022M06,Logrońo y Alrededores,Grado de ocupación por plazas,21.45
2022M06,Logrońo y Alrededores,Grado de ocupacion por plazas fin de semana,47.48
2022M06,Resto,Grado de ocupación por plazas,19.39
2022M06,Resto,Grado de ocupacion por plazas fin de semana,44.18
2022M07,TOTAL,Grado de ocupación por plazas,23.77
2022M07,TOTAL,Grado de ocupacion por plazas fin de semana,40.92
2022M07,Logrońo y Alrededores,Grado de ocupación por plazas,15.62
2022M07,Logrońo y Alrededores,Grado de ocupacion por plazas fin de semana,34.54
2022M07,Resto,Grado de ocupación por plazas,24.7
2022M07,Resto,Grado de ocupacion por plazas fin de semana,41.65
2022M08,TOTAL,Grado de ocupación por plazas,31.8
2022M08,TOTAL,Grado de ocupacion por plazas fin de semana,42.99
2022M08,Logrońo y Alrededores,Grado de ocupación por plazas,40.4
2022M08,Logrońo y Alrededores,Grado de ocupacion por plazas fin de semana,63.57
2022M08,Resto,Grado de ocupación por plazas,30.87
2022M08,Resto,Grado de ocupacion por plazas fin de semana,40.7
2022M09,TOTAL,Grado de ocupación por plazas,21.8
2022M09,TOTAL,Grado de ocupacion por plazas fin de semana,42.53
2022M09,Logrońo y Alrededores,Grado de ocupación por plazas,22.49
2022M09,Logrońo y Alrededores,Grado de ocupacion por plazas fin de semana,59.95
2022M09,Resto,Grado de ocupación por plazas,21.71
2022M09,Resto,Grado de ocupacion por plazas fin de semana,40.52
2022M10,TOTAL,Grado de ocupación por plazas,21.08
2022M10,TOTAL,Grado de ocupacion por plazas fin de semana,43.41
2022M10,Logrońo y Alrededores,Grado de ocupación por plazas,27.65
2022M10,Logrońo y Alrededores,Grado de ocupacion por plazas fin de semana,71.66
2022M10,Resto,Grado de ocupación por plazas,20.53
2022M10,Resto,Grado de ocupacion por plazas fin de semana,40.9
2022M11,TOTAL,Grado de ocupación por plazas,14.46
2022M11,TOTAL,Grado de ocupacion por plazas fin de semana,36.33
2022M11,Logrońo y Alrededores,Grado de ocupación por plazas,13.06
2022M11,Logrońo y Alrededores,Grado de ocupacion por plazas fin de semana,46.99
2022M11,Resto,Grado de ocupación por plazas,14.66
2022M11,Resto,Grado de ocupacion por plazas fin de semana,35.46
2022M12,TOTAL,Grado de ocupación por plazas,22.08
2022M12,TOTAL,Grado de ocupacion por plazas fin de semana,39.91
2022M12,Logrońo y Alrededores,Grado de ocupación por plazas,32.46
2022M12,Logrońo y Alrededores,Grado de ocupacion por plazas fin de semana,73.97
2022M12,Resto,Grado de ocupación por plazas,21.06
2022M12,Resto,Grado de ocupacion por plazas fin de semana,36.45
2023M01,TOTAL,Grado de ocupación por plazas,7.98
2023M01,TOTAL,Grado de ocupacion por plazas fin de semana,18.06
2023M01,Logrońo y Alrededores,Grado de ocupación por plazas,7.04
2023M01,Logrońo y Alrededores,Grado de ocupacion por plazas fin de semana,20.35
2023M01,Resto,Grado de ocupación por plazas,8.1
2023M01,Resto,Grado de ocupacion por plazas fin de semana,17.79
2023M02,TOTAL,Grado de ocupación por plazas,12.43
2023M02,TOTAL,Grado de ocupacion por plazas fin de semana,35.36
2023M02,Logrońo y Alrededores,Grado de ocupación por plazas,16.64
2023M02,Logrońo y Alrededores,Grado de ocupacion por plazas fin de semana,55.39
2023M02,Resto,Grado de ocupación por plazas,11.94
2023M02,Resto,Grado de ocupacion por plazas fin de semana,32.96
2023M03,TOTAL,Grado de ocupación por plazas,12.73
2023M03,TOTAL,Grado de ocupacion por plazas fin de semana,33.75
2023M03,Logrońo y Alrededores,Grado de ocupación por plazas,13.33
2023M03,Logrońo y Alrededores,Grado de ocupacion por plazas fin de semana,41.5
2023M03,Resto,Grado de ocupación por plazas,12.76
2023M03,Resto,Grado de ocupacion por plazas fin de semana,33.25
2023M04,TOTAL,Grado de ocupación por plazas,24.02
2023M04,TOTAL,Grado de ocupacion por plazas fin de semana,44.03
2023M04,Logrońo y Alrededores,Grado de ocupación por plazas,25.99
2023M04,Logrońo y Alrededores,Grado de ocupacion por plazas fin de semana,56.42
2023M04,Resto,Grado de ocupación por plazas,23.84
2023M04,Resto,Grado de ocupacion por plazas fin de semana,42.97
2023M05,TOTAL,Grado de ocupación por plazas,16.37
2023M05,TOTAL,Grado de ocupacion por plazas fin de semana,42.7
2023M05,Logrońo y Alrededores,Grado de ocupación por plazas,20.38
2023M05,Logrońo y Alrededores,Grado de ocupacion por plazas fin de semana,63.09
2023M05,Resto,Grado de ocupación por plazas,16.01
2023M05,Resto,Grado de ocupacion por plazas fin de semana,40.91
2023M06,TOTAL,Grado de ocupación por plazas,16.78
2023M06,TOTAL,Grado de ocupacion por plazas fin de semana,37.4
2023M06,Logrońo y Alrededores,Grado de ocupación por plazas,22.33
2023M06,Logrońo y Alrededores,Grado de ocupacion por plazas fin de semana,64.26
2023M06,Resto,Grado de ocupación por plazas,16.34
2023M06,Resto,Grado de ocupacion por plazas fin de semana,35.25
2023M07,TOTAL,Grado de ocupación por plazas,21.76
2023M07,TOTAL,Grado de ocupacion por plazas fin de semana,32.48
2023M07,Logrońo y Alrededores,Grado de ocupación por plazas,24.65
2023M07,Logrońo y Alrededores,Grado de ocupacion por plazas fin de semana,48.99
2023M07,Resto,Grado de ocupación por plazas,21.43
2023M07,Resto,Grado de ocupacion por plazas fin de semana,31.03
2023M08,TOTAL,Grado de ocupación por plazas,29.96
2023M08,TOTAL,Grado de ocupacion por plazas fin de semana,42.27
2023M08,Logrońo y Alrededores,Grado de ocupación por plazas,24.45
2023M08,Logrońo y Alrededores,Grado de ocupacion por plazas fin de semana,55.99
2023M08,Resto,Grado de ocupación por plazas,30.41
2023M08,Resto,Grado de ocupacion por plazas fin de semana,40.87
2023M09,TOTAL,Grado de ocupación por plazas,20.34
2023M09,TOTAL,Grado de ocupacion por plazas fin de semana,36.09
2023M09,Logrońo y Alrededores,Grado de ocupación por plazas,28.94
2023M09,Logrońo y Alrededores,Grado de ocupacion por plazas fin de semana,61.59
2023M09,Resto,Grado de ocupación por plazas,19.54
2023M09,Resto,Grado de ocupacion por plazas fin de semana,33.79
2023M10,TOTAL,Grado de ocupación por plazas,22.2
2023M10,TOTAL,Grado de ocupacion por plazas fin de semana,50.89
2023M10,Logrońo y Alrededores,Grado de ocupación por plazas,24.1
2023M10,Logrońo y Alrededores,Grado de ocupacion por plazas fin de semana,78.79
2023M10,Resto,Grado de ocupación por plazas,22
2023M10,Resto,Grado de ocupacion por plazas fin de semana,48.46
2023M11,TOTAL,Grado de ocupación por plazas,14.3
2023M11,TOTAL,Grado de ocupacion por plazas fin de semana,44.4
2023M11,Logrońo y Alrededores,Grado de ocupación por plazas,12.78
2023M11,Logrońo y Alrededores,Grado de ocupacion por plazas fin de semana,44.3
2023M11,Resto,Grado de ocupación por plazas,14.47
2023M11,Resto,Grado de ocupacion por plazas fin de semana,44.42
2023M12,TOTAL,Grado de ocupación por plazas,24.52
2023M12,TOTAL,Grado de ocupacion por plazas fin de semana,38.5
2023M12,Logrońo y Alrededores,Grado de ocupación por plazas,13.71
2023M12,Logrońo y Alrededores,Grado de ocupacion por plazas fin de semana,19.16
2023M12,Resto,Grado de ocupación por plazas,25.69
2023M12,Resto,Grado de ocupacion por plazas fin de semana,40.65
2024M01,TOTAL,Grado de ocupación por plazas,5.54
2024M01,TOTAL,Grado de ocupacion por plazas fin de semana,15.12
2024M01,Logrońo y Alrededores,Grado de ocupación por plazas,5.83
2024M01,Logrońo y Alrededores,Grado de ocupacion por plazas fin de semana,22.58
2024M01,Resto,Grado de ocupación por plazas,5.52
2024M01,Resto,Grado de ocupacion por plazas fin de semana,14.28
2024M02,TOTAL,Grado de ocupación por plazas,9.02
2024M02,TOTAL,Grado de ocupacion por plazas fin de semana,23.83
2024M02,Logrońo y Alrededores,Grado de ocupación por plazas,1.95
2024M02,Logrońo y Alrededores,Grado de ocupacion por plazas fin de semana,7.08
2024M02,Resto,Grado de ocupación por plazas,9.73
2024M02,Resto,Grado de ocupacion por plazas fin de semana,25.51
2024M03,TOTAL,Grado de ocupación por plazas,18.98
2024M03,TOTAL,Grado de ocupacion por plazas fin de semana,40.06
2024M03,Logrońo y Alrededores,Grado de ocupación por plazas,11.74
2024M03,Logrońo y Alrededores,Grado de ocupacion por plazas fin de semana,24.27
2024M03,Resto,Grado de ocupación por plazas,19.71
2024M03,Resto,Grado de ocupacion por plazas fin de semana,41.63
