Periodo,Categoría,Estancia media,DATA
2015M11,TOTAL,Estancia media,1.92
2015M11,TOTAL,Estancia media Residentes en Espańa,1.95
2015M11,TOTAL,Estancia media No residentes en Espańa,1.67
2015M11,Camping de 1Ş,Estancia media,1.96
2015M11,Camping de 1Ş,Estancia media Residentes en Espańa,1.96
2015M11,Camping de 1Ş,Estancia media No residentes en Espańa,1.84
2015M11,Camping de 2Ş y 3Ş,Estancia media,
2015M11,Camping de 2Ş y 3Ş,Estancia media Residentes en Espańa,
2015M11,Camping de 2Ş y 3Ş,Estancia media No residentes en Espańa,
2015M12,TOTAL,Estancia media,1.59
2015M12,TOTAL,Estancia media Residentes en Espańa,1.59
2015M12,TOTAL,Estancia media No residentes en Espańa,
2015M12,Camping de 1Ş,Estancia media,1.5
2015M12,Camping de 1Ş,Estancia media Residentes en Espańa,1.5
2015M12,Camping de 1Ş,Estancia media No residentes en Espańa,
2015M12,Camping de 2Ş y 3Ş,Estancia media,
2015M12,Camping de 2Ş y 3Ş,Estancia media Residentes en Espańa,
2015M12,Camping de 2Ş y 3Ş,Estancia media No residentes en Espańa,
2016M01,TOTAL,Estancia media,2.11
2016M01,TOTAL,Estancia media Residentes en Espańa,2.41
2016M01,TOTAL,Estancia media No residentes en Espańa,1.08
2016M01,Camping de 1Ş,Estancia media,2.11
2016M01,Camping de 1Ş,Estancia media Residentes en Espańa,2.41
2016M01,Camping de 1Ş,Estancia media No residentes en Espańa,1.08
2016M01,Camping de 2Ş y 3Ş,Estancia media,
2016M01,Camping de 2Ş y 3Ş,Estancia media Residentes en Espańa,
2016M01,Camping de 2Ş y 3Ş,Estancia media No residentes en Espańa,
2016M02,TOTAL,Estancia media,2.02
2016M02,TOTAL,Estancia media Residentes en Espańa,2.13
2016M02,TOTAL,Estancia media No residentes en Espańa,1.58
2016M02,Camping de 1Ş,Estancia media,2.18
2016M02,Camping de 1Ş,Estancia media Residentes en Espańa,2.18
2016M02,Camping de 1Ş,Estancia media No residentes en Espańa,
2016M02,Camping de 2Ş y 3Ş,Estancia media,
2016M02,Camping de 2Ş y 3Ş,Estancia media Residentes en Espańa,
2016M02,Camping de 2Ş y 3Ş,Estancia media No residentes en Espańa,
2016M03,TOTAL,Estancia media,2.78
2016M03,TOTAL,Estancia media Residentes en Espańa,2.84
2016M03,TOTAL,Estancia media No residentes en Espańa,2.4
2016M03,Camping de 1Ş,Estancia media,2.73
2016M03,Camping de 1Ş,Estancia media Residentes en Espańa,2.77
2016M03,Camping de 1Ş,Estancia media No residentes en Espańa,1.42
2016M03,Camping de 2Ş y 3Ş,Estancia media,
2016M03,Camping de 2Ş y 3Ş,Estancia media Residentes en Espańa,
2016M03,Camping de 2Ş y 3Ş,Estancia media No residentes en Espańa,
2016M04,TOTAL,Estancia media,2.41
2016M04,TOTAL,Estancia media Residentes en Espańa,2.69
2016M04,TOTAL,Estancia media No residentes en Espańa,1.56
2016M04,Camping de 1Ş,Estancia media,2.51
2016M04,Camping de 1Ş,Estancia media Residentes en Espańa,2.6
2016M04,Camping de 1Ş,Estancia media No residentes en Espańa,1.66
2016M04,Camping de 2Ş y 3Ş,Estancia media,2.14
2016M04,Camping de 2Ş y 3Ş,Estancia media Residentes en Espańa,3.4
2016M04,Camping de 2Ş y 3Ş,Estancia media No residentes en Espańa,1.53
2016M05,TOTAL,Estancia media,2.27
2016M05,TOTAL,Estancia media Residentes en Espańa,2.38
2016M05,TOTAL,Estancia media No residentes en Espańa,1.94
2016M05,Camping de 1Ş,Estancia media,2.47
2016M05,Camping de 1Ş,Estancia media Residentes en Espańa,2.53
2016M05,Camping de 1Ş,Estancia media No residentes en Espańa,2.23
2016M05,Camping de 2Ş y 3Ş,Estancia media,1.88
2016M05,Camping de 2Ş y 3Ş,Estancia media Residentes en Espańa,2.01
2016M05,Camping de 2Ş y 3Ş,Estancia media No residentes en Espańa,1.65
2016M06,TOTAL,Estancia media,2.32
2016M06,TOTAL,Estancia media Residentes en Espańa,2.36
2016M06,TOTAL,Estancia media No residentes en Espańa,2.22
2016M06,Camping de 1Ş,Estancia media,2.43
2016M06,Camping de 1Ş,Estancia media Residentes en Espańa,2.47
2016M06,Camping de 1Ş,Estancia media No residentes en Espańa,2.12
2016M06,Camping de 2Ş y 3Ş,Estancia media,2.18
2016M06,Camping de 2Ş y 3Ş,Estancia media Residentes en Espańa,2.12
2016M06,Camping de 2Ş y 3Ş,Estancia media No residentes en Espańa,2.24
2016M07,TOTAL,Estancia media,2.96
2016M07,TOTAL,Estancia media Residentes en Espańa,3.12
2016M07,TOTAL,Estancia media No residentes en Espańa,1.61
2016M07,Camping de 1Ş,Estancia media,2.85
2016M07,Camping de 1Ş,Estancia media Residentes en Espańa,2.99
2016M07,Camping de 1Ş,Estancia media No residentes en Espańa,1.21
2016M07,Camping de 2Ş y 3Ş,Estancia media,3.41
2016M07,Camping de 2Ş y 3Ş,Estancia media Residentes en Espańa,3.82
2016M07,Camping de 2Ş y 3Ş,Estancia media No residentes en Espańa,2.16
2016M08,TOTAL,Estancia media,4.23
2016M08,TOTAL,Estancia media Residentes en Espańa,4.73
2016M08,TOTAL,Estancia media No residentes en Espańa,1.46
2016M08,Camping de 1Ş,Estancia media,4.04
2016M08,Camping de 1Ş,Estancia media Residentes en Espańa,4.52
2016M08,Camping de 1Ş,Estancia media No residentes en Espańa,1.18
2016M08,Camping de 2Ş y 3Ş,Estancia media,5.38
2016M08,Camping de 2Ş y 3Ş,Estancia media Residentes en Espańa,6.15
2016M08,Camping de 2Ş y 3Ş,Estancia media No residentes en Espańa,2.62
2016M09,TOTAL,Estancia media,1.92
2016M09,TOTAL,Estancia media Residentes en Espańa,2.03
2016M09,TOTAL,Estancia media No residentes en Espańa,1.46
2016M09,Camping de 1Ş,Estancia media,1.76
2016M09,Camping de 1Ş,Estancia media Residentes en Espańa,1.83
2016M09,Camping de 1Ş,Estancia media No residentes en Espańa,1.21
2016M09,Camping de 2Ş y 3Ş,Estancia media,
2016M09,Camping de 2Ş y 3Ş,Estancia media Residentes en Espańa,
2016M09,Camping de 2Ş y 3Ş,Estancia media No residentes en Espańa,
2016M10,TOTAL,Estancia media,2.42
2016M10,TOTAL,Estancia media Residentes en Espańa,2.56
2016M10,TOTAL,Estancia media No residentes en Espańa,1.96
2016M10,Camping de 1Ş,Estancia media,2.43
2016M10,Camping de 1Ş,Estancia media Residentes en Espańa,2.54
2016M10,Camping de 1Ş,Estancia media No residentes en Espańa,1.41
2016M10,Camping de 2Ş y 3Ş,Estancia media,
2016M10,Camping de 2Ş y 3Ş,Estancia media Residentes en Espańa,
2016M10,Camping de 2Ş y 3Ş,Estancia media No residentes en Espańa,
2016M11,TOTAL,Estancia media,1.99
2016M11,TOTAL,Estancia media Residentes en Espańa,2.1
2016M11,TOTAL,Estancia media No residentes en Espańa,1.45
2016M11,Camping de 1Ş,Estancia media,2.01
2016M11,Camping de 1Ş,Estancia media Residentes en Espańa,2.09
2016M11,Camping de 1Ş,Estancia media No residentes en Espańa,1.24
2016M11,Camping de 2Ş y 3Ş,Estancia media,
2016M11,Camping de 2Ş y 3Ş,Estancia media Residentes en Espańa,
2016M11,Camping de 2Ş y 3Ş,Estancia media No residentes en Espańa,
2016M12,TOTAL,Estancia media,1.94
2016M12,TOTAL,Estancia media Residentes en Espańa,1.96
2016M12,TOTAL,Estancia media No residentes en Espańa,0.18
2016M12,Camping de 1Ş,Estancia media,1.87
2016M12,Camping de 1Ş,Estancia media Residentes en Espańa,1.9
2016M12,Camping de 1Ş,Estancia media No residentes en Espańa,0.18
2016M12,Camping de 2Ş y 3Ş,Estancia media,
2016M12,Camping de 2Ş y 3Ş,Estancia media Residentes en Espańa,
2016M12,Camping de 2Ş y 3Ş,Estancia media No residentes en Espańa,
2017M01,TOTAL,Estancia media,2.14
2017M01,TOTAL,Estancia media Residentes en Espańa,2.09
2017M01,TOTAL,Estancia media No residentes en Espańa,2.93
2017M01,Camping de 1Ş,Estancia media,2.14
2017M01,Camping de 1Ş,Estancia media Residentes en Espańa,2.09
2017M01,Camping de 1Ş,Estancia media No residentes en Espańa,2.93
2017M01,Camping de 2Ş y 3Ş,Estancia media,
2017M01,Camping de 2Ş y 3Ş,Estancia media Residentes en Espańa,
2017M01,Camping de 2Ş y 3Ş,Estancia media No residentes en Espańa,
2017M02,TOTAL,Estancia media,2.06
2017M02,TOTAL,Estancia media Residentes en Espańa,2.16
2017M02,TOTAL,Estancia media No residentes en Espańa,1.6
2017M02,Camping de 1Ş,Estancia media,2.36
2017M02,Camping de 1Ş,Estancia media Residentes en Espańa,2.38
2017M02,Camping de 1Ş,Estancia media No residentes en Espańa,2.01
2017M02,Camping de 2Ş y 3Ş,Estancia media,
2017M02,Camping de 2Ş y 3Ş,Estancia media Residentes en Espańa,
2017M02,Camping de 2Ş y 3Ş,Estancia media No residentes en Espańa,
2017M03,TOTAL,Estancia media,2.31
2017M03,TOTAL,Estancia media Residentes en Espańa,2.39
2017M03,TOTAL,Estancia media No residentes en Espańa,1.61
2017M03,Camping de 1Ş,Estancia media,2.6
2017M03,Camping de 1Ş,Estancia media Residentes en Espańa,2.61
2017M03,Camping de 1Ş,Estancia media No residentes en Espańa,1.16
2017M03,Camping de 2Ş y 3Ş,Estancia media,
2017M03,Camping de 2Ş y 3Ş,Estancia media Residentes en Espańa,
2017M03,Camping de 2Ş y 3Ş,Estancia media No residentes en Espańa,
2017M04,TOTAL,Estancia media,2.91
2017M04,TOTAL,Estancia media Residentes en Espańa,3.05
2017M04,TOTAL,Estancia media No residentes en Espańa,2.22
2017M04,Camping de 1Ş,Estancia media,2.93
2017M04,Camping de 1Ş,Estancia media Residentes en Espańa,3.02
2017M04,Camping de 1Ş,Estancia media No residentes en Espańa,1.16
2017M04,Camping de 2Ş y 3Ş,Estancia media,2.85
2017M04,Camping de 2Ş y 3Ş,Estancia media Residentes en Espańa,3.21
2017M04,Camping de 2Ş y 3Ş,Estancia media No residentes en Espańa,2.49
2017M05,TOTAL,Estancia media,2.13
2017M05,TOTAL,Estancia media Residentes en Espańa,2.21
2017M05,TOTAL,Estancia media No residentes en Espańa,1.82
2017M05,Camping de 1Ş,Estancia media,2.23
2017M05,Camping de 1Ş,Estancia media Residentes en Espańa,2.29
2017M05,Camping de 1Ş,Estancia media No residentes en Espańa,1.74
2017M05,Camping de 2Ş y 3Ş,Estancia media,1.9
2017M05,Camping de 2Ş y 3Ş,Estancia media Residentes en Espańa,1.93
2017M05,Camping de 2Ş y 3Ş,Estancia media No residentes en Espańa,1.87
2017M06,TOTAL,Estancia media,2.09
2017M06,TOTAL,Estancia media Residentes en Espańa,2.15
2017M06,TOTAL,Estancia media No residentes en Espańa,1.89
2017M06,Camping de 1Ş,Estancia media,2.07
2017M06,Camping de 1Ş,Estancia media Residentes en Espańa,2.14
2017M06,Camping de 1Ş,Estancia media No residentes en Espańa,1.53
2017M06,Camping de 2Ş y 3Ş,Estancia media,2.13
2017M06,Camping de 2Ş y 3Ş,Estancia media Residentes en Espańa,2.21
2017M06,Camping de 2Ş y 3Ş,Estancia media No residentes en Espańa,2.06
2017M07,TOTAL,Estancia media,2.75
2017M07,TOTAL,Estancia media Residentes en Espańa,2.85
2017M07,TOTAL,Estancia media No residentes en Espańa,1.6
2017M07,Camping de 1Ş,Estancia media,2.56
2017M07,Camping de 1Ş,Estancia media Residentes en Espańa,2.66
2017M07,Camping de 1Ş,Estancia media No residentes en Espańa,1.19
2017M07,Camping de 2Ş y 3Ş,Estancia media,3.97
2017M07,Camping de 2Ş y 3Ş,Estancia media Residentes en Espańa,4.28
2017M07,Camping de 2Ş y 3Ş,Estancia media No residentes en Espańa,2.58
2017M08,TOTAL,Estancia media,3.45
2017M08,TOTAL,Estancia media Residentes en Espańa,3.75
2017M08,TOTAL,Estancia media No residentes en Espańa,1.33
2017M08,Camping de 1Ş,Estancia media,3.24
2017M08,Camping de 1Ş,Estancia media Residentes en Espańa,3.49
2017M08,Camping de 1Ş,Estancia media No residentes en Espańa,1.17
2017M08,Camping de 2Ş y 3Ş,Estancia media,5.17
2017M08,Camping de 2Ş y 3Ş,Estancia media Residentes en Espańa,6.33
2017M08,Camping de 2Ş y 3Ş,Estancia media No residentes en Espańa,1.87
2017M09,TOTAL,Estancia media,1.84
2017M09,TOTAL,Estancia media Residentes en Espańa,1.87
2017M09,TOTAL,Estancia media No residentes en Espańa,1.67
2017M09,Camping de 1Ş,Estancia media,1.71
2017M09,Camping de 1Ş,Estancia media Residentes en Espańa,1.72
2017M09,Camping de 1Ş,Estancia media No residentes en Espańa,1.52
2017M09,Camping de 2Ş y 3Ş,Estancia media,
2017M09,Camping de 2Ş y 3Ş,Estancia media Residentes en Espańa,
2017M09,Camping de 2Ş y 3Ş,Estancia media No residentes en Espańa,
2017M10,TOTAL,Estancia media,2.41
2017M10,TOTAL,Estancia media Residentes en Espańa,2.51
2017M10,TOTAL,Estancia media No residentes en Espańa,1.77
2017M10,Camping de 1Ş,Estancia media,2.43
2017M10,Camping de 1Ş,Estancia media Residentes en Espańa,2.46
2017M10,Camping de 1Ş,Estancia media No residentes en Espańa,1.61
2017M10,Camping de 2Ş y 3Ş,Estancia media,
2017M10,Camping de 2Ş y 3Ş,Estancia media Residentes en Espańa,
2017M10,Camping de 2Ş y 3Ş,Estancia media No residentes en Espańa,
2017M11,TOTAL,Estancia media,2.05
2017M11,TOTAL,Estancia media Residentes en Espańa,2.07
2017M11,TOTAL,Estancia media No residentes en Espańa,1.83
2017M11,Camping de 1Ş,Estancia media,2.07
2017M11,Camping de 1Ş,Estancia media Residentes en Espańa,2.07
2017M11,Camping de 1Ş,Estancia media No residentes en Espańa,1.78
2017M11,Camping de 2Ş y 3Ş,Estancia media,
2017M11,Camping de 2Ş y 3Ş,Estancia media Residentes en Espańa,
2017M11,Camping de 2Ş y 3Ş,Estancia media No residentes en Espańa,
2017M12,TOTAL,Estancia media,1.77
2017M12,TOTAL,Estancia media Residentes en Espańa,1.78
2017M12,TOTAL,Estancia media No residentes en Espańa,0.63
2017M12,Camping de 1Ş,Estancia media,1.7
2017M12,Camping de 1Ş,Estancia media Residentes en Espańa,1.72
2017M12,Camping de 1Ş,Estancia media No residentes en Espańa,0.63
2017M12,Camping de 2Ş y 3Ş,Estancia media,
2017M12,Camping de 2Ş y 3Ş,Estancia media Residentes en Espańa,
2017M12,Camping de 2Ş y 3Ş,Estancia media No residentes en Espańa,
2018M01,TOTAL,Estancia media,2.16
2018M01,TOTAL,Estancia media Residentes en Espańa,2.31
2018M01,TOTAL,Estancia media No residentes en Espańa,1.25
2018M01,Camping de 1Ş,Estancia media,2.16
2018M01,Camping de 1Ş,Estancia media Residentes en Espańa,2.31
2018M01,Camping de 1Ş,Estancia media No residentes en Espańa,1.25
2018M01,Camping de 2Ş y 3Ş,Estancia media,
2018M01,Camping de 2Ş y 3Ş,Estancia media Residentes en Espańa,
2018M01,Camping de 2Ş y 3Ş,Estancia media No residentes en Espańa,
2018M02,TOTAL,Estancia media,2.04
2018M02,TOTAL,Estancia media Residentes en Espańa,2.22
2018M02,TOTAL,Estancia media No residentes en Espańa,1.58
2018M02,Camping de 1Ş,Estancia media,2.23
2018M02,Camping de 1Ş,Estancia media Residentes en Espańa,2.31
2018M02,Camping de 1Ş,Estancia media No residentes en Espańa,1.32
2018M02,Camping de 2Ş y 3Ş,Estancia media,
2018M02,Camping de 2Ş y 3Ş,Estancia media Residentes en Espańa,
2018M02,Camping de 2Ş y 3Ş,Estancia media No residentes en Espańa,
2018M03,TOTAL,Estancia media,2.69
2018M03,TOTAL,Estancia media Residentes en Espańa,2.86
2018M03,TOTAL,Estancia media No residentes en Espańa,1.87
2018M03,Camping de 1Ş,Estancia media,2.85
2018M03,Camping de 1Ş,Estancia media Residentes en Espańa,2.94
2018M03,Camping de 1Ş,Estancia media No residentes en Espańa,1.59
2018M03,Camping de 2Ş y 3Ş,Estancia media,
2018M03,Camping de 2Ş y 3Ş,Estancia media Residentes en Espańa,
2018M03,Camping de 2Ş y 3Ş,Estancia media No residentes en Espańa,
2018M04,TOTAL,Estancia media,2.73
2018M04,TOTAL,Estancia media Residentes en Espańa,3.07
2018M04,TOTAL,Estancia media No residentes en Espańa,1.74
2018M04,Camping de 1Ş,Estancia media,2.83
2018M04,Camping de 1Ş,Estancia media Residentes en Espańa,2.9
2018M04,Camping de 1Ş,Estancia media No residentes en Espańa,2.45
2018M04,Camping de 2Ş y 3Ş,Estancia media,2.52
2018M04,Camping de 2Ş y 3Ş,Estancia media Residentes en Espańa,3.64
2018M04,Camping de 2Ş y 3Ş,Estancia media No residentes en Espańa,1.23
2018M05,TOTAL,Estancia media,1.93
2018M05,TOTAL,Estancia media Residentes en Espańa,1.97
2018M05,TOTAL,Estancia media No residentes en Espańa,1.81
2018M05,Camping de 1Ş,Estancia media,1.92
2018M05,Camping de 1Ş,Estancia media Residentes en Espańa,2
2018M05,Camping de 1Ş,Estancia media No residentes en Espańa,1.59
2018M05,Camping de 2Ş y 3Ş,Estancia media,1.94
2018M05,Camping de 2Ş y 3Ş,Estancia media Residentes en Espańa,1.85
2018M05,Camping de 2Ş y 3Ş,Estancia media No residentes en Espańa,2.05
2018M06,TOTAL,Estancia media,2.1
2018M06,TOTAL,Estancia media Residentes en Espańa,2.05
2018M06,TOTAL,Estancia media No residentes en Espańa,2.24
2018M06,Camping de 1Ş,Estancia media,2
2018M06,Camping de 1Ş,Estancia media Residentes en Espańa,2.02
2018M06,Camping de 1Ş,Estancia media No residentes en Espańa,1.89
2018M06,Camping de 2Ş y 3Ş,Estancia media,2.34
2018M06,Camping de 2Ş y 3Ş,Estancia media Residentes en Espańa,2.19
2018M06,Camping de 2Ş y 3Ş,Estancia media No residentes en Espańa,2.51
2018M07,TOTAL,Estancia media,2.86
2018M07,TOTAL,Estancia media Residentes en Espańa,2.99
2018M07,TOTAL,Estancia media No residentes en Espańa,1.51
2018M07,Camping de 1Ş,Estancia media,2.71
2018M07,Camping de 1Ş,Estancia media Residentes en Espańa,2.83
2018M07,Camping de 1Ş,Estancia media No residentes en Espańa,0.88
2018M07,Camping de 2Ş y 3Ş,Estancia media,3.74
2018M07,Camping de 2Ş y 3Ş,Estancia media Residentes en Espańa,4.03
2018M07,Camping de 2Ş y 3Ş,Estancia media No residentes en Espańa,2.63
2018M08,TOTAL,Estancia media,3.39
2018M08,TOTAL,Estancia media Residentes en Espańa,3.68
2018M08,TOTAL,Estancia media No residentes en Espańa,1.34
2018M08,Camping de 1Ş,Estancia media,3.16
2018M08,Camping de 1Ş,Estancia media Residentes en Espańa,3.41
2018M08,Camping de 1Ş,Estancia media No residentes en Espańa,1.11
2018M08,Camping de 2Ş y 3Ş,Estancia media,5.24
2018M08,Camping de 2Ş y 3Ş,Estancia media Residentes en Espańa,6.17
2018M08,Camping de 2Ş y 3Ş,Estancia media No residentes en Espańa,2.2
2018M09,TOTAL,Estancia media,2.02
2018M09,TOTAL,Estancia media Residentes en Espańa,2.05
2018M09,TOTAL,Estancia media No residentes en Espańa,1.81
2018M09,Camping de 1Ş,Estancia media,1.88
2018M09,Camping de 1Ş,Estancia media Residentes en Espańa,1.89
2018M09,Camping de 1Ş,Estancia media No residentes en Espańa,1.63
2018M09,Camping de 2Ş y 3Ş,Estancia media,
2018M09,Camping de 2Ş y 3Ş,Estancia media Residentes en Espańa,
2018M09,Camping de 2Ş y 3Ş,Estancia media No residentes en Espańa,
2018M10,TOTAL,Estancia media,2.18
2018M10,TOTAL,Estancia media Residentes en Espańa,2.3
2018M10,TOTAL,Estancia media No residentes en Espańa,1.76
2018M10,Camping de 1Ş,Estancia media,2.18
2018M10,Camping de 1Ş,Estancia media Residentes en Espańa,2.28
2018M10,Camping de 1Ş,Estancia media No residentes en Espańa,1.24
2018M10,Camping de 2Ş y 3Ş,Estancia media,
2018M10,Camping de 2Ş y 3Ş,Estancia media Residentes en Espańa,
2018M10,Camping de 2Ş y 3Ş,Estancia media No residentes en Espańa,
2018M11,TOTAL,Estancia media,2.39
2018M11,TOTAL,Estancia media Residentes en Espańa,2.43
2018M11,TOTAL,Estancia media No residentes en Espańa,1.73
2018M11,Camping de 1Ş,Estancia media,2.5
2018M11,Camping de 1Ş,Estancia media Residentes en Espańa,2.51
2018M11,Camping de 1Ş,Estancia media No residentes en Espańa,1.86
2018M11,Camping de 2Ş y 3Ş,Estancia media,
2018M11,Camping de 2Ş y 3Ş,Estancia media Residentes en Espańa,
2018M11,Camping de 2Ş y 3Ş,Estancia media No residentes en Espańa,
2018M12,TOTAL,Estancia media,1.54
2018M12,TOTAL,Estancia media Residentes en Espańa,1.62
2018M12,TOTAL,Estancia media No residentes en Espańa,0.51
2018M12,Camping de 1Ş,Estancia media,1.53
2018M12,Camping de 1Ş,Estancia media Residentes en Espańa,1.6
2018M12,Camping de 1Ş,Estancia media No residentes en Espańa,0.51
2018M12,Camping de 2Ş y 3Ş,Estancia media,
2018M12,Camping de 2Ş y 3Ş,Estancia media Residentes en Espańa,
2018M12,Camping de 2Ş y 3Ş,Estancia media No residentes en Espańa,
2019M01,TOTAL,Estancia media,2.27
2019M01,TOTAL,Estancia media Residentes en Espańa,2.32
2019M01,TOTAL,Estancia media No residentes en Espańa,1.73
2019M01,Camping de 1Ş,Estancia media,2.31
2019M01,Camping de 1Ş,Estancia media Residentes en Espańa,2.37
2019M01,Camping de 1Ş,Estancia media No residentes en Espańa,1.73
2019M01,Camping de 2Ş y 3Ş,Estancia media,
2019M01,Camping de 2Ş y 3Ş,Estancia media Residentes en Espańa,
2019M01,Camping de 2Ş y 3Ş,Estancia media No residentes en Espańa,
2019M02,TOTAL,Estancia media,2.68
2019M02,TOTAL,Estancia media Residentes en Espańa,3.04
2019M02,TOTAL,Estancia media No residentes en Espańa,1.29
2019M02,Camping de 1Ş,Estancia media,3.08
2019M02,Camping de 1Ş,Estancia media Residentes en Espańa,3.47
2019M02,Camping de 1Ş,Estancia media No residentes en Espańa,0.86
2019M02,Camping de 2Ş y 3Ş,Estancia media,
2019M02,Camping de 2Ş y 3Ş,Estancia media Residentes en Espańa,
2019M02,Camping de 2Ş y 3Ş,Estancia media No residentes en Espańa,
2019M03,TOTAL,Estancia media,2.44
2019M03,TOTAL,Estancia media Residentes en Espańa,2.64
2019M03,TOTAL,Estancia media No residentes en Espańa,1.6
2019M03,Camping de 1Ş,Estancia media,2.67
2019M03,Camping de 1Ş,Estancia media Residentes en Espańa,2.81
2019M03,Camping de 1Ş,Estancia media No residentes en Espańa,1.38
2019M03,Camping de 2Ş y 3Ş,Estancia media,
2019M03,Camping de 2Ş y 3Ş,Estancia media Residentes en Espańa,
2019M03,Camping de 2Ş y 3Ş,Estancia media No residentes en Espańa,
2019M04,TOTAL,Estancia media,3.54
2019M04,TOTAL,Estancia media Residentes en Espańa,3.92
2019M04,TOTAL,Estancia media No residentes en Espańa,1.97
2019M04,Camping de 1Ş,Estancia media,3.81
2019M04,Camping de 1Ş,Estancia media Residentes en Espańa,4.01
2019M04,Camping de 1Ş,Estancia media No residentes en Espańa,1.24
2019M04,Camping de 2Ş y 3Ş,Estancia media,2.82
2019M04,Camping de 2Ş y 3Ş,Estancia media Residentes en Espańa,3.47
2019M04,Camping de 2Ş y 3Ş,Estancia media No residentes en Espańa,2.23
2019M05,TOTAL,Estancia media,2.08
2019M05,TOTAL,Estancia media Residentes en Espańa,2.21
2019M05,TOTAL,Estancia media No residentes en Espańa,1.78
2019M05,Camping de 1Ş,Estancia media,2.16
2019M05,Camping de 1Ş,Estancia media Residentes en Espańa,2.29
2019M05,Camping de 1Ş,Estancia media No residentes en Espańa,1.67
2019M05,Camping de 2Ş y 3Ş,Estancia media,1.9
2019M05,Camping de 2Ş y 3Ş,Estancia media Residentes en Espańa,1.93
2019M05,Camping de 2Ş y 3Ş,Estancia media No residentes en Espańa,1.87
2019M06,TOTAL,Estancia media,2.24
2019M06,TOTAL,Estancia media Residentes en Espańa,2.26
2019M06,TOTAL,Estancia media No residentes en Espańa,2.16
2019M06,Camping de 1Ş,Estancia media,2.19
2019M06,Camping de 1Ş,Estancia media Residentes en Espańa,2.25
2019M06,Camping de 1Ş,Estancia media No residentes en Espańa,1.79
2019M06,Camping de 2Ş y 3Ş,Estancia media,2.34
2019M06,Camping de 2Ş y 3Ş,Estancia media Residentes en Espańa,2.3
2019M06,Camping de 2Ş y 3Ş,Estancia media No residentes en Espańa,2.4
2019M07,TOTAL,Estancia media,3.12
2019M07,TOTAL,Estancia media Residentes en Espańa,3.23
2019M07,TOTAL,Estancia media No residentes en Espańa,1.81
2019M07,Camping de 1Ş,Estancia media,2.97
2019M07,Camping de 1Ş,Estancia media Residentes en Espańa,3.04
2019M07,Camping de 1Ş,Estancia media No residentes en Espańa,1.48
2019M07,Camping de 2Ş y 3Ş,Estancia media,3.75
2019M07,Camping de 2Ş y 3Ş,Estancia media Residentes en Espańa,4.23
2019M07,Camping de 2Ş y 3Ş,Estancia media No residentes en Espańa,2.07
2019M08,TOTAL,Estancia media,3.47
2019M08,TOTAL,Estancia media Residentes en Espańa,3.82
2019M08,TOTAL,Estancia media No residentes en Espańa,1.3
2019M08,Camping de 1Ş,Estancia media,3.25
2019M08,Camping de 1Ş,Estancia media Residentes en Espańa,3.57
2019M08,Camping de 1Ş,Estancia media No residentes en Espańa,1.09
2019M08,Camping de 2Ş y 3Ş,Estancia media,5.05
2019M08,Camping de 2Ş y 3Ş,Estancia media Residentes en Espańa,6
2019M08,Camping de 2Ş y 3Ş,Estancia media No residentes en Espańa,2.11
2019M09,TOTAL,Estancia media,2.14
2019M09,TOTAL,Estancia media Residentes en Espańa,2.23
2019M09,TOTAL,Estancia media No residentes en Espańa,1.57
2019M09,Camping de 1Ş,Estancia media,2.09
2019M09,Camping de 1Ş,Estancia media Residentes en Espańa,2.16
2019M09,Camping de 1Ş,Estancia media No residentes en Espańa,1.29
2019M09,Camping de 2Ş y 3Ş,Estancia media,
2019M09,Camping de 2Ş y 3Ş,Estancia media Residentes en Espańa,
2019M09,Camping de 2Ş y 3Ş,Estancia media No residentes en Espańa,
2019M10,TOTAL,Estancia media,2.05
2019M10,TOTAL,Estancia media Residentes en Espańa,2.08
2019M10,TOTAL,Estancia media No residentes en Espańa,1.94
2019M10,Camping de 1Ş,Estancia media,2.05
2019M10,Camping de 1Ş,Estancia media Residentes en Espańa,2.09
2019M10,Camping de 1Ş,Estancia media No residentes en Espańa,1.64
2019M10,Camping de 2Ş y 3Ş,Estancia media,
2019M10,Camping de 2Ş y 3Ş,Estancia media Residentes en Espańa,
2019M10,Camping de 2Ş y 3Ş,Estancia media No residentes en Espańa,
2019M11,TOTAL,Estancia media,2.49
2019M11,TOTAL,Estancia media Residentes en Espańa,2.58
2019M11,TOTAL,Estancia media No residentes en Espańa,1.57
2019M11,Camping de 1Ş,Estancia media,2.54
2019M11,Camping de 1Ş,Estancia media Residentes en Espańa,2.61
2019M11,Camping de 1Ş,Estancia media No residentes en Espańa,1.51
2019M11,Camping de 2Ş y 3Ş,Estancia media,
2019M11,Camping de 2Ş y 3Ş,Estancia media Residentes en Espańa,
2019M11,Camping de 2Ş y 3Ş,Estancia media No residentes en Espańa,
2019M12,TOTAL,Estancia media,1.5
2019M12,TOTAL,Estancia media Residentes en Espańa,1.55
2019M12,TOTAL,Estancia media No residentes en Espańa,0.77
2019M12,Camping de 1Ş,Estancia media,1.49
2019M12,Camping de 1Ş,Estancia media Residentes en Espańa,1.53
2019M12,Camping de 1Ş,Estancia media No residentes en Espańa,0.77
2019M12,Camping de 2Ş y 3Ş,Estancia media,
2019M12,Camping de 2Ş y 3Ş,Estancia media Residentes en Espańa,
2019M12,Camping de 2Ş y 3Ş,Estancia media No residentes en Espańa,
2020M01,TOTAL,Estancia media,2.16
2020M01,TOTAL,Estancia media Residentes en Espańa,2.3
2020M01,TOTAL,Estancia media No residentes en Espańa,1.15
2020M01,Camping de 1Ş,Estancia media,2.25
2020M01,Camping de 1Ş,Estancia media Residentes en Espańa,2.43
2020M01,Camping de 1Ş,Estancia media No residentes en Espańa,1.15
2020M01,Camping de 2Ş y 3Ş,Estancia media,
2020M01,Camping de 2Ş y 3Ş,Estancia media Residentes en Espańa,
2020M01,Camping de 2Ş y 3Ş,Estancia media No residentes en Espańa,
2020M02,TOTAL,Estancia media,2.55
2020M02,TOTAL,Estancia media Residentes en Espańa,2.79
2020M02,TOTAL,Estancia media No residentes en Espańa,1.53
2020M02,Camping de 1Ş,Estancia media,2.85
2020M02,Camping de 1Ş,Estancia media Residentes en Espańa,3.02
2020M02,Camping de 1Ş,Estancia media No residentes en Espańa,1.18
2020M02,Camping de 2Ş y 3Ş,Estancia media,
2020M02,Camping de 2Ş y 3Ş,Estancia media Residentes en Espańa,
2020M02,Camping de 2Ş y 3Ş,Estancia media No residentes en Espańa,
2020M03,TOTAL,Estancia media,2.3
2020M03,TOTAL,Estancia media Residentes en Espańa,2.3
2020M03,TOTAL,Estancia media No residentes en Espańa,
2020M03,Camping de 1Ş,Estancia media,2.38
2020M03,Camping de 1Ş,Estancia media Residentes en Espańa,2.38
2020M03,Camping de 1Ş,Estancia media No residentes en Espańa,
2020M03,Camping de 2Ş y 3Ş,Estancia media,
2020M03,Camping de 2Ş y 3Ş,Estancia media Residentes en Espańa,
2020M03,Camping de 2Ş y 3Ş,Estancia media No residentes en Espańa,
2020M05,TOTAL,Estancia media,
2020M05,TOTAL,Estancia media Residentes en Espańa,
2020M05,TOTAL,Estancia media No residentes en Espańa,
2020M05,Camping de 1Ş,Estancia media,
2020M05,Camping de 1Ş,Estancia media Residentes en Espańa,
2020M05,Camping de 1Ş,Estancia media No residentes en Espańa,
2020M05,Camping de 2Ş y 3Ş,Estancia media,
2020M05,Camping de 2Ş y 3Ş,Estancia media Residentes en Espańa,
2020M05,Camping de 2Ş y 3Ş,Estancia media No residentes en Espańa,
2020M06,TOTAL,Estancia media,3.15
2020M06,TOTAL,Estancia media Residentes en Espańa,3.16
2020M06,TOTAL,Estancia media No residentes en Espańa,1.22
2020M06,Camping de 1Ş,Estancia media,3.3
2020M06,Camping de 1Ş,Estancia media Residentes en Espańa,3.32
2020M06,Camping de 1Ş,Estancia media No residentes en Espańa,1.22
2020M06,Camping de 2Ş y 3Ş,Estancia media,2.67
2020M06,Camping de 2Ş y 3Ş,Estancia media Residentes en Espańa,2.67
2020M06,Camping de 2Ş y 3Ş,Estancia media No residentes en Espańa,
2020M07,TOTAL,Estancia media,3.92
2020M07,TOTAL,Estancia media Residentes en Espańa,4
2020M07,TOTAL,Estancia media No residentes en Espańa,1.32
2020M07,Camping de 1Ş,Estancia media,3.96
2020M07,Camping de 1Ş,Estancia media Residentes en Espańa,4.01
2020M07,Camping de 1Ş,Estancia media No residentes en Espańa,0.87
2020M07,Camping de 2Ş y 3Ş,Estancia media,3.82
2020M07,Camping de 2Ş y 3Ş,Estancia media Residentes en Espańa,3.99
2020M07,Camping de 2Ş y 3Ş,Estancia media No residentes en Espańa,1.58
2020M08,TOTAL,Estancia media,5.53
2020M08,TOTAL,Estancia media Residentes en Espańa,5.62
2020M08,TOTAL,Estancia media No residentes en Espańa,2.42
2020M08,Camping de 1Ş,Estancia media,5.4
2020M08,Camping de 1Ş,Estancia media Residentes en Espańa,5.54
2020M08,Camping de 1Ş,Estancia media No residentes en Espańa,1.38
2020M08,Camping de 2Ş y 3Ş,Estancia media,5.89
2020M08,Camping de 2Ş y 3Ş,Estancia media Residentes en Espańa,5.86
2020M08,Camping de 2Ş y 3Ş,Estancia media No residentes en Espańa,7.87
2020M09,TOTAL,Estancia media,3.4
2020M09,TOTAL,Estancia media Residentes en Espańa,3.46
2020M09,TOTAL,Estancia media No residentes en Espańa,1.37
2020M09,Camping de 1Ş,Estancia media,3.84
2020M09,Camping de 1Ş,Estancia media Residentes en Espańa,3.92
2020M09,Camping de 1Ş,Estancia media No residentes en Espańa,1.35
2020M09,Camping de 2Ş y 3Ş,Estancia media,
2020M09,Camping de 2Ş y 3Ş,Estancia media Residentes en Espańa,
2020M09,Camping de 2Ş y 3Ş,Estancia media No residentes en Espańa,
2020M10,TOTAL,Estancia media,3.37
2020M10,TOTAL,Estancia media Residentes en Espańa,3.54
2020M10,TOTAL,Estancia media No residentes en Espańa,1.84
2020M10,Camping de 1Ş,Estancia media,3.89
2020M10,Camping de 1Ş,Estancia media Residentes en Espańa,3.99
2020M10,Camping de 1Ş,Estancia media No residentes en Espańa,1.1
2020M10,Camping de 2Ş y 3Ş,Estancia media,
2020M10,Camping de 2Ş y 3Ş,Estancia media Residentes en Espańa,
2020M10,Camping de 2Ş y 3Ş,Estancia media No residentes en Espańa,
2020M12,TOTAL,Estancia media,4.76
2020M12,TOTAL,Estancia media Residentes en Espańa,5.11
2020M12,TOTAL,Estancia media No residentes en Espańa,2.07
2020M12,Camping de 1Ş,Estancia media,5.95
2020M12,Camping de 1Ş,Estancia media Residentes en Espańa,6.73
2020M12,Camping de 1Ş,Estancia media No residentes en Espańa,2.07
2020M12,Camping de 2Ş y 3Ş,Estancia media,
2020M12,Camping de 2Ş y 3Ş,Estancia media Residentes en Espańa,
2020M12,Camping de 2Ş y 3Ş,Estancia media No residentes en Espańa,
2021M01,TOTAL,Estancia media,13.27
2021M01,TOTAL,Estancia media Residentes en Espańa,13.27
2021M01,TOTAL,Estancia media No residentes en Espańa,
2021M01,Camping de 1Ş,Estancia media,13.27
2021M01,Camping de 1Ş,Estancia media Residentes en Espańa,13.27
2021M01,Camping de 1Ş,Estancia media No residentes en Espańa,
2021M01,Camping de 2Ş y 3Ş,Estancia media,
2021M01,Camping de 2Ş y 3Ş,Estancia media Residentes en Espańa,
2021M01,Camping de 2Ş y 3Ş,Estancia media No residentes en Espańa,
2021M03,TOTAL,Estancia media,2.34
2021M03,TOTAL,Estancia media Residentes en Espańa,2.28
2021M03,TOTAL,Estancia media No residentes en Espańa,4.08
2021M03,Camping de 1Ş,Estancia media,5.1
2021M03,Camping de 1Ş,Estancia media Residentes en Espańa,5.24
2021M03,Camping de 1Ş,Estancia media No residentes en Espańa,4.08
2021M03,Camping de 2Ş y 3Ş,Estancia media,
2021M03,Camping de 2Ş y 3Ş,Estancia media Residentes en Espańa,
2021M03,Camping de 2Ş y 3Ş,Estancia media No residentes en Espańa,
2021M05,TOTAL,Estancia media,2.48
2021M05,TOTAL,Estancia media Residentes en Espańa,2.46
2021M05,TOTAL,Estancia media No residentes en Espańa,2.99
2021M05,Camping de 1Ş,Estancia media,2.68
2021M05,Camping de 1Ş,Estancia media Residentes en Espańa,2.7
2021M05,Camping de 1Ş,Estancia media No residentes en Espańa,1.6
2021M05,Camping de 2Ş y 3Ş,Estancia media,2.11
2021M05,Camping de 2Ş y 3Ş,Estancia media Residentes en Espańa,2
2021M05,Camping de 2Ş y 3Ş,Estancia media No residentes en Espańa,3.72
2021M06,TOTAL,Estancia media,2.9
2021M06,TOTAL,Estancia media Residentes en Espańa,2.95
2021M06,TOTAL,Estancia media No residentes en Espańa,1.87
2021M06,Camping de 1Ş,Estancia media,3.1
2021M06,Camping de 1Ş,Estancia media Residentes en Espańa,3.14
2021M06,Camping de 1Ş,Estancia media No residentes en Espańa,1.99
2021M06,Camping de 2Ş y 3Ş,Estancia media,2.48
2021M06,Camping de 2Ş y 3Ş,Estancia media Residentes en Espańa,2.55
2021M06,Camping de 2Ş y 3Ş,Estancia media No residentes en Espańa,1.74
2021M07,TOTAL,Estancia media,3.65
2021M07,TOTAL,Estancia media Residentes en Espańa,3.75
2021M07,TOTAL,Estancia media No residentes en Espańa,1.71
2021M07,Camping de 1Ş,Estancia media,3.63
2021M07,Camping de 1Ş,Estancia media Residentes en Espańa,3.73
2021M07,Camping de 1Ş,Estancia media No residentes en Espańa,1.47
2021M07,Camping de 2Ş y 3Ş,Estancia media,3.71
2021M07,Camping de 2Ş y 3Ş,Estancia media Residentes en Espańa,3.83
2021M07,Camping de 2Ş y 3Ş,Estancia media No residentes en Espańa,2.25
2021M08,TOTAL,Estancia media,6.03
2021M08,TOTAL,Estancia media Residentes en Espańa,6.31
2021M08,TOTAL,Estancia media No residentes en Espańa,2.45
2021M08,Camping de 1Ş,Estancia media,6.31
2021M08,Camping de 1Ş,Estancia media Residentes en Espańa,6.6
2021M08,Camping de 1Ş,Estancia media No residentes en Espańa,2.43
2021M08,Camping de 2Ş y 3Ş,Estancia media,5.13
2021M08,Camping de 2Ş y 3Ş,Estancia media Residentes en Espańa,5.36
2021M08,Camping de 2Ş y 3Ş,Estancia media No residentes en Espańa,2.51
2021M09,TOTAL,Estancia media,3.16
2021M09,TOTAL,Estancia media Residentes en Espańa,3.4
2021M09,TOTAL,Estancia media No residentes en Espańa,1.68
2021M09,Camping de 1Ş,Estancia media,3.54
2021M09,Camping de 1Ş,Estancia media Residentes en Espańa,3.77
2021M09,Camping de 1Ş,Estancia media No residentes en Espańa,1.66
2021M09,Camping de 2Ş y 3Ş,Estancia media,
2021M09,Camping de 2Ş y 3Ş,Estancia media Residentes en Espańa,
2021M09,Camping de 2Ş y 3Ş,Estancia media No residentes en Espańa,
2021M10,TOTAL,Estancia media,2.86
2021M10,TOTAL,Estancia media Residentes en Espańa,3.04
2021M10,TOTAL,Estancia media No residentes en Espańa,1.98
2021M10,Camping de 1Ş,Estancia media,3.23
2021M10,Camping de 1Ş,Estancia media Residentes en Espańa,3.39
2021M10,Camping de 1Ş,Estancia media No residentes en Espańa,1.21
2021M10,Camping de 2Ş y 3Ş,Estancia media,
2021M10,Camping de 2Ş y 3Ş,Estancia media Residentes en Espańa,
2021M10,Camping de 2Ş y 3Ş,Estancia media No residentes en Espańa,
2021M11,TOTAL,Estancia media,2.58
2021M11,TOTAL,Estancia media Residentes en Espańa,2.74
2021M11,TOTAL,Estancia media No residentes en Espańa,1.31
2021M11,Camping de 1Ş,Estancia media,2.83
2021M11,Camping de 1Ş,Estancia media Residentes en Espańa,2.93
2021M11,Camping de 1Ş,Estancia media No residentes en Espańa,1.37
2021M11,Camping de 2Ş y 3Ş,Estancia media,
2021M11,Camping de 2Ş y 3Ş,Estancia media Residentes en Espańa,
2021M11,Camping de 2Ş y 3Ş,Estancia media No residentes en Espańa,
2021M12,TOTAL,Estancia media,3.29
2021M12,TOTAL,Estancia media Residentes en Espańa,3.38
2021M12,TOTAL,Estancia media No residentes en Espańa,1.25
2021M12,Camping de 1Ş,Estancia media,3.37
2021M12,Camping de 1Ş,Estancia media Residentes en Espańa,3.51
2021M12,Camping de 1Ş,Estancia media No residentes en Espańa,1.25
2021M12,Camping de 2Ş y 3Ş,Estancia media,
2021M12,Camping de 2Ş y 3Ş,Estancia media Residentes en Espańa,
2021M12,Camping de 2Ş y 3Ş,Estancia media No residentes en Espańa,
2022M01,TOTAL,Estancia media,3.1
2022M01,TOTAL,Estancia media Residentes en Espańa,3.29
2022M01,TOTAL,Estancia media No residentes en Espańa,1.88
2022M01,Camping de 1Ş,Estancia media,3.31
2022M01,Camping de 1Ş,Estancia media Residentes en Espańa,3.57
2022M01,Camping de 1Ş,Estancia media No residentes en Espańa,1.88
2022M01,Camping de 2Ş y 3Ş,Estancia media,
2022M01,Camping de 2Ş y 3Ş,Estancia media Residentes en Espańa,
2022M01,Camping de 2Ş y 3Ş,Estancia media No residentes en Espańa,
2022M02,TOTAL,Estancia media,3.08
2022M02,TOTAL,Estancia media Residentes en Espańa,3.55
2022M02,TOTAL,Estancia media No residentes en Espańa,1.52
2022M02,Camping de 1Ş,Estancia media,4.29
2022M02,Camping de 1Ş,Estancia media Residentes en Espańa,4.54
2022M02,Camping de 1Ş,Estancia media No residentes en Espańa,1.73
2022M02,Camping de 2Ş y 3Ş,Estancia media,
2022M02,Camping de 2Ş y 3Ş,Estancia media Residentes en Espańa,
2022M02,Camping de 2Ş y 3Ş,Estancia media No residentes en Espańa,
2022M03,TOTAL,Estancia media,2.83
2022M03,TOTAL,Estancia media Residentes en Espańa,3.36
2022M03,TOTAL,Estancia media No residentes en Espańa,1.73
2022M03,Camping de 1Ş,Estancia media,4.83
2022M03,Camping de 1Ş,Estancia media Residentes en Espańa,5.26
2022M03,Camping de 1Ş,Estancia media No residentes en Espańa,1.35
2022M03,Camping de 2Ş y 3Ş,Estancia media,
2022M03,Camping de 2Ş y 3Ş,Estancia media Residentes en Espańa,
2022M03,Camping de 2Ş y 3Ş,Estancia media No residentes en Espańa,
2022M04,TOTAL,Estancia media,2.75
2022M04,TOTAL,Estancia media Residentes en Espańa,2.88
2022M04,TOTAL,Estancia media No residentes en Espańa,2.44
2022M04,Camping de 1Ş,Estancia media,2.73
2022M04,Camping de 1Ş,Estancia media Residentes en Espańa,2.86
2022M04,Camping de 1Ş,Estancia media No residentes en Espańa,0.96
2022M04,Camping de 2Ş y 3Ş,Estancia media,2.8
2022M04,Camping de 2Ş y 3Ş,Estancia media Residentes en Espańa,3.03
2022M04,Camping de 2Ş y 3Ş,Estancia media No residentes en Espańa,2.73
2022M05,TOTAL,Estancia media,2.57
2022M05,TOTAL,Estancia media Residentes en Espańa,2.93
2022M05,TOTAL,Estancia media No residentes en Espańa,1.83
2022M05,Camping de 1Ş,Estancia media,2.92
2022M05,Camping de 1Ş,Estancia media Residentes en Espańa,3.34
2022M05,Camping de 1Ş,Estancia media No residentes en Espańa,1.62
2022M05,Camping de 2Ş y 3Ş,Estancia media,1.97
2022M05,Camping de 2Ş y 3Ş,Estancia media Residentes en Espańa,1.93
2022M05,Camping de 2Ş y 3Ş,Estancia media No residentes en Espańa,2.01
2022M06,TOTAL,Estancia media,3.3
2022M06,TOTAL,Estancia media Residentes en Espańa,3.74
2022M06,TOTAL,Estancia media No residentes en Espańa,2.2
2022M06,Camping de 1Ş,Estancia media,3.55
2022M06,Camping de 1Ş,Estancia media Residentes en Espańa,4.16
2022M06,Camping de 1Ş,Estancia media No residentes en Espańa,1.18
2022M06,Camping de 2Ş y 3Ş,Estancia media,2.84
2022M06,Camping de 2Ş y 3Ş,Estancia media Residentes en Espańa,2.65
2022M06,Camping de 2Ş y 3Ş,Estancia media No residentes en Espańa,3.08
2022M07,TOTAL,Estancia media,4.75
2022M07,TOTAL,Estancia media Residentes en Espańa,5.13
2022M07,TOTAL,Estancia media No residentes en Espańa,1.68
2022M07,Camping de 1Ş,Estancia media,5.13
2022M07,Camping de 1Ş,Estancia media Residentes en Espańa,5.5
2022M07,Camping de 1Ş,Estancia media No residentes en Espańa,1.45
2022M07,Camping de 2Ş y 3Ş,Estancia media,3.63
2022M07,Camping de 2Ş y 3Ş,Estancia media Residentes en Espańa,3.96
2022M07,Camping de 2Ş y 3Ş,Estancia media No residentes en Espańa,2.03
2022M08,TOTAL,Estancia media,5
2022M08,TOTAL,Estancia media Residentes en Espańa,5.57
2022M08,TOTAL,Estancia media No residentes en Espańa,1.8
2022M08,Camping de 1Ş,Estancia media,5.01
2022M08,Camping de 1Ş,Estancia media Residentes en Espańa,5.61
2022M08,Camping de 1Ş,Estancia media No residentes en Espańa,1.38
2022M08,Camping de 2Ş y 3Ş,Estancia media,4.97
2022M08,Camping de 2Ş y 3Ş,Estancia media Residentes en Espańa,5.44
2022M08,Camping de 2Ş y 3Ş,Estancia media No residentes en Espańa,2.91
2022M09,TOTAL,Estancia media,3
2022M09,TOTAL,Estancia media Residentes en Espańa,3.39
2022M09,TOTAL,Estancia media No residentes en Espańa,1.66
2022M09,Camping de 1Ş,Estancia media,3.34
2022M09,Camping de 1Ş,Estancia media Residentes en Espańa,3.81
2022M09,Camping de 1Ş,Estancia media No residentes en Espańa,1.48
2022M09,Camping de 2Ş y 3Ş,Estancia media,
2022M09,Camping de 2Ş y 3Ş,Estancia media Residentes en Espańa,
2022M09,Camping de 2Ş y 3Ş,Estancia media No residentes en Espańa,
2022M10,TOTAL,Estancia media,2.54
2022M10,TOTAL,Estancia media Residentes en Espańa,2.83
2022M10,TOTAL,Estancia media No residentes en Espańa,1.98
2022M10,Camping de 1Ş,Estancia media,2.75
2022M10,Camping de 1Ş,Estancia media Residentes en Espańa,3.07
2022M10,Camping de 1Ş,Estancia media No residentes en Espańa,1.52
2022M10,Camping de 2Ş y 3Ş,Estancia media,
2022M10,Camping de 2Ş y 3Ş,Estancia media Residentes en Espańa,
2022M10,Camping de 2Ş y 3Ş,Estancia media No residentes en Espańa,
2022M11,TOTAL,Estancia media,2.74
2022M11,TOTAL,Estancia media Residentes en Espańa,2.93
2022M11,TOTAL,Estancia media No residentes en Espańa,1.76
2022M11,Camping de 1Ş,Estancia media,3.02
2022M11,Camping de 1Ş,Estancia media Residentes en Espańa,3.09
2022M11,Camping de 1Ş,Estancia media No residentes en Espańa,1.68
2022M11,Camping de 2Ş y 3Ş,Estancia media,
2022M11,Camping de 2Ş y 3Ş,Estancia media Residentes en Espańa,
2022M11,Camping de 2Ş y 3Ş,Estancia media No residentes en Espańa,
2022M12,TOTAL,Estancia media,4.9
2022M12,TOTAL,Estancia media Residentes en Espańa,4.9
2022M12,TOTAL,Estancia media No residentes en Espańa,
2022M12,Camping de 1Ş,Estancia media,6.07
2022M12,Camping de 1Ş,Estancia media Residentes en Espańa,6.07
2022M12,Camping de 1Ş,Estancia media No residentes en Espańa,
2022M12,Camping de 2Ş y 3Ş,Estancia media,
2022M12,Camping de 2Ş y 3Ş,Estancia media Residentes en Espańa,
2022M12,Camping de 2Ş y 3Ş,Estancia media No residentes en Espańa,
2023M02,TOTAL,Estancia media,4.04
2023M02,TOTAL,Estancia media Residentes en Espańa,5.19
2023M02,TOTAL,Estancia media No residentes en Espańa,1.73
2023M02,Camping de 1Ş,Estancia media,6.06
2023M02,Camping de 1Ş,Estancia media Residentes en Espańa,6.35
2023M02,Camping de 1Ş,Estancia media No residentes en Espańa,1.37
2023M02,Camping de 2Ş y 3Ş,Estancia media,
2023M02,Camping de 2Ş y 3Ş,Estancia media Residentes en Espańa,
2023M02,Camping de 2Ş y 3Ş,Estancia media No residentes en Espańa,
2023M03,TOTAL,Estancia media,2.63
2023M03,TOTAL,Estancia media Residentes en Espańa,2.78
2023M03,TOTAL,Estancia media No residentes en Espańa,1.93
2023M03,Camping de 1Ş,Estancia media,3.54
2023M03,Camping de 1Ş,Estancia media Residentes en Espańa,3.57
2023M03,Camping de 1Ş,Estancia media No residentes en Espańa,0.98
2023M03,Camping de 2Ş y 3Ş,Estancia media,
2023M03,Camping de 2Ş y 3Ş,Estancia media Residentes en Espańa,
2023M03,Camping de 2Ş y 3Ş,Estancia media No residentes en Espańa,
2023M05,TOTAL,Estancia media,3.14
2023M05,TOTAL,Estancia media Residentes en Espańa,4.26
2023M05,TOTAL,Estancia media No residentes en Espańa,1.59
2023M05,Camping de 1Ş,Estancia media,3.8
2023M05,Camping de 1Ş,Estancia media Residentes en Espańa,5.19
2023M05,Camping de 1Ş,Estancia media No residentes en Espańa,1.29
2023M05,Camping de 2Ş y 3Ş,Estancia media,2.02
2023M05,Camping de 2Ş y 3Ş,Estancia media Residentes en Espańa,2.12
2023M05,Camping de 2Ş y 3Ş,Estancia media No residentes en Espańa,1.93
2023M06,TOTAL,Estancia media,2.64
2023M06,TOTAL,Estancia media Residentes en Espańa,2.94
2023M06,TOTAL,Estancia media No residentes en Espańa,1.92
2023M06,Camping de 1Ş,Estancia media,2.92
2023M06,Camping de 1Ş,Estancia media Residentes en Espańa,3.24
2023M06,Camping de 1Ş,Estancia media No residentes en Espańa,1.27
2023M06,Camping de 2Ş y 3Ş,Estancia media,2.15
2023M06,Camping de 2Ş y 3Ş,Estancia media Residentes en Espańa,2.02
2023M06,Camping de 2Ş y 3Ş,Estancia media No residentes en Espańa,2.28
2023M07,TOTAL,Estancia media,4.3
2023M07,TOTAL,Estancia media Residentes en Espańa,4.54
2023M07,TOTAL,Estancia media No residentes en Espańa,1.51
2023M07,Camping de 1Ş,Estancia media,4.57
2023M07,Camping de 1Ş,Estancia media Residentes en Espańa,4.87
2023M07,Camping de 1Ş,Estancia media No residentes en Espańa,1.21
2023M07,Camping de 2Ş y 3Ş,Estancia media,3.53
2023M07,Camping de 2Ş y 3Ş,Estancia media Residentes en Espańa,3.62
2023M07,Camping de 2Ş y 3Ş,Estancia media No residentes en Espańa,2.42
2023M08,TOTAL,Estancia media,4.7
2023M08,TOTAL,Estancia media Residentes en Espańa,5.45
2023M08,TOTAL,Estancia media No residentes en Espańa,1.37
2023M08,Camping de 1Ş,Estancia media,4.94
2023M08,Camping de 1Ş,Estancia media Residentes en Espańa,5.82
2023M08,Camping de 1Ş,Estancia media No residentes en Espańa,1.32
2023M08,Camping de 2Ş y 3Ş,Estancia media,3.27
2023M08,Camping de 2Ş y 3Ş,Estancia media Residentes en Espańa,3.46
2023M08,Camping de 2Ş y 3Ş,Estancia media No residentes en Espańa,1.86
2023M09,TOTAL,Estancia media,2.83
2023M09,TOTAL,Estancia media Residentes en Espańa,3.34
2023M09,TOTAL,Estancia media No residentes en Espańa,1.69
2023M09,Camping de 1Ş,Estancia media,3.1
2023M09,Camping de 1Ş,Estancia media Residentes en Espańa,3.56
2023M09,Camping de 1Ş,Estancia media No residentes en Espańa,1.74
2023M09,Camping de 2Ş y 3Ş,Estancia media,
2023M09,Camping de 2Ş y 3Ş,Estancia media Residentes en Espańa,
2023M09,Camping de 2Ş y 3Ş,Estancia media No residentes en Espańa,
2023M10,TOTAL,Estancia media,3.11
2023M10,TOTAL,Estancia media Residentes en Espańa,3.71
2023M10,TOTAL,Estancia media No residentes en Espańa,1.71
2023M10,Camping de 1Ş,Estancia media,3.85
2023M10,Camping de 1Ş,Estancia media Residentes en Espańa,4.56
2023M10,Camping de 1Ş,Estancia media No residentes en Espańa,1.2
2023M10,Camping de 2Ş y 3Ş,Estancia media,
2023M10,Camping de 2Ş y 3Ş,Estancia media Residentes en Espańa,
2023M10,Camping de 2Ş y 3Ş,Estancia media No residentes en Espańa,
2023M11,TOTAL,Estancia media,4.28
2023M11,TOTAL,Estancia media Residentes en Espańa,4.92
2023M11,TOTAL,Estancia media No residentes en Espańa,1.54
2023M11,Camping de 1Ş,Estancia media,5.17
2023M11,Camping de 1Ş,Estancia media Residentes en Espańa,5.44
2023M11,Camping de 1Ş,Estancia media No residentes en Espańa,0.81
2023M11,Camping de 2Ş y 3Ş,Estancia media,
2023M11,Camping de 2Ş y 3Ş,Estancia media Residentes en Espańa,
2023M11,Camping de 2Ş y 3Ş,Estancia media No residentes en Espańa,
2023M12,TOTAL,Estancia media,3.39
2023M12,TOTAL,Estancia media Residentes en Espańa,3.49
2023M12,TOTAL,Estancia media No residentes en Espańa,1.19
2023M12,Camping de 1Ş,Estancia media,3.79
2023M12,Camping de 1Ş,Estancia media Residentes en Espańa,3.99
2023M12,Camping de 1Ş,Estancia media No residentes en Espańa,1.19
2023M12,Camping de 2Ş y 3Ş,Estancia media,
2023M12,Camping de 2Ş y 3Ş,Estancia media Residentes en Espańa,
2023M12,Camping de 2Ş y 3Ş,Estancia media No residentes en Espańa,
2024M02,TOTAL,Estancia media,2.99
2024M02,TOTAL,Estancia media Residentes en Espańa,3.88
2024M02,TOTAL,Estancia media No residentes en Espańa,1.68
2024M02,Camping de 1Ş,Estancia media,4.5
2024M02,Camping de 1Ş,Estancia media Residentes en Espańa,4.77
2024M02,Camping de 1Ş,Estancia media No residentes en Espańa,2.29
2024M02,Camping de 2Ş y 3Ş,Estancia media,
2024M02,Camping de 2Ş y 3Ş,Estancia media Residentes en Espańa,
2024M02,Camping de 2Ş y 3Ş,Estancia media No residentes en Espańa,
2024M03,TOTAL,Estancia media,2.63
2024M03,TOTAL,Estancia media Residentes en Espańa,2.65
2024M03,TOTAL,Estancia media No residentes en Espańa,2.44
2024M03,Camping de 1Ş,Estancia media,2.65
2024M03,Camping de 1Ş,Estancia media Residentes en Espańa,2.69
2024M03,Camping de 1Ş,Estancia media No residentes en Espańa,0.77
2024M03,Camping de 2Ş y 3Ş,Estancia media,
2024M03,Camping de 2Ş y 3Ş,Estancia media Residentes en Espańa,
2024M03,Camping de 2Ş y 3Ş,Estancia media No residentes en Espańa,
